observation_id,profile,policy,regime,disruption,phase_offset,deadline,trusted_recovery_success,recovery_completion_slot,contacts_consumed,cryptographic_bytes_transferred,transition_attempts,legacy_exposure_slots,control_unavailable_slots,dual_epoch_overlap_slots,rollback_invoked,stale_epoch_acceptance,terminal_state,proof_accepted_slot,commit_slot
S8-0001,PROFILE_512_44,P0_HARD_CUTOVER,R1_FREQUENT_SMALL,A0_NONE,0,12,1,8,4,12560,1,0,5,0,0,0,TRUST_RESTORED,2,5
S8-0002,PROFILE_512_44,P0_HARD_CUTOVER,R1_FREQUENT_SMALL,A0_NONE,0,24,1,8,4,12560,1,0,5,0,0,0,TRUST_RESTORED,2,5
S8-0003,PROFILE_512_44,P0_HARD_CUTOVER,R1_FREQUENT_SMALL,A0_NONE,0,48,1,8,4,12560,1,0,5,0,0,0,TRUST_RESTORED,2,5
S8-0004,PROFILE_512_44,P0_HARD_CUTOVER,R1_FREQUENT_SMALL,A0_NONE,1,12,1,10,4,12560,1,0,7,0,0,0,TRUST_RESTORED,4,7
S8-0005,PROFILE_512_44,P0_HARD_CUTOVER,R1_FREQUENT_SMALL,A0_NONE,1,24,1,10,4,12560,1,0,7,0,0,0,TRUST_RESTORED,4,7
S8-0006,PROFILE_512_44,P0_HARD_CUTOVER,R1_FREQUENT_SMALL,A0_NONE,1,48,1,10,4,12560,1,0,7,0,0,0,TRUST_RESTORED,4,7
S8-0007,PROFILE_512_44,P0_HARD_CUTOVER,R1_FREQUENT_SMALL,A0_NONE,2,12,1,9,4,12560,1,0,6,0,0,0,TRUST_RESTORED,3,6
S8-0008,PROFILE_512_44,P0_HARD_CUTOVER,R1_FREQUENT_SMALL,A0_NONE,2,24,1,9,4,12560,1,0,6,0,0,0,TRUST_RESTORED,3,6
S8-0009,PROFILE_512_44,P0_HARD_CUTOVER,R1_FREQUENT_SMALL,A0_NONE,2,48,1,9,4,12560,1,0,6,0,0,0,TRUST_RESTORED,3,6
S8-0010,PROFILE_512_44,P0_HARD_CUTOVER,R1_FREQUENT_SMALL,A0_NONE,3,12,1,11,4,12560,1,0,8,0,0,0,TRUST_RESTORED,5,8
S8-0011,PROFILE_512_44,P0_HARD_CUTOVER,R1_FREQUENT_SMALL,A0_NONE,3,24,1,11,4,12560,1,0,8,0,0,0,TRUST_RESTORED,5,8
S8-0012,PROFILE_512_44,P0_HARD_CUTOVER,R1_FREQUENT_SMALL,A0_NONE,3,48,1,11,4,12560,1,0,8,0,0,0,TRUST_RESTORED,5,8
S8-0013,PROFILE_512_44,P0_HARD_CUTOVER,R1_FREQUENT_SMALL,A0_NONE,4,12,1,10,4,12560,1,0,7,0,0,0,TRUST_RESTORED,4,7
S8-0014,PROFILE_512_44,P0_HARD_CUTOVER,R1_FREQUENT_SMALL,A0_NONE,4,24,1,10,4,12560,1,0,7,0,0,0,TRUST_RESTORED,4,7
S8-0015,PROFILE_512_44,P0_HARD_CUTOVER,R1_FREQUENT_SMALL,A0_NONE,4,48,1,10,4,12560,1,0,7,0,0,0,TRUST_RESTORED,4,7
S8-0016,PROFILE_512_44,P0_HARD_CUTOVER,R1_FREQUENT_SMALL,A0_NONE,5,12,1,9,4,12560,1,0,6,0,0,0,TRUST_RESTORED,3,6
S8-0017,PROFILE_512_44,P0_HARD_CUTOVER,R1_FREQUENT_SMALL,A0_NONE,5,24,1,9,4,12560,1,0,6,0,0,0,TRUST_RESTORED,3,6
S8-0018,PROFILE_512_44,P0_HARD_CUTOVER,R1_FREQUENT_SMALL,A0_NONE,5,48,1,9,4,12560,1,0,6,0,0,0,TRUST_RESTORED,3,6
S8-0019,PROFILE_512_44,P0_HARD_CUTOVER,R1_FREQUENT_SMALL,A1_DROP_FIRST_LARGEST_OBJECT_FRAGMENT,0,12,1,8,4,14980,1,0,8,0,0,0,TRUST_RESTORED,5,8
S8-0020,PROFILE_512_44,P0_HARD_CUTOVER,R1_FREQUENT_SMALL,A1_DROP_FIRST_LARGEST_OBJECT_FRAGMENT,0,24,1,8,4,14980,1,0,8,0,0,0,TRUST_RESTORED,5,8
S8-0021,PROFILE_512_44,P0_HARD_CUTOVER,R1_FREQUENT_SMALL,A1_DROP_FIRST_LARGEST_OBJECT_FRAGMENT,0,48,1,8,4,14980,1,0,8,0,0,0,TRUST_RESTORED,5,8
S8-0022,PROFILE_512_44,P0_HARD_CUTOVER,R1_FREQUENT_SMALL,A1_DROP_FIRST_LARGEST_OBJECT_FRAGMENT,1,12,1,10,4,14980,1,0,10,0,0,0,TRUST_RESTORED,7,10
S8-0023,PROFILE_512_44,P0_HARD_CUTOVER,R1_FREQUENT_SMALL,A1_DROP_FIRST_LARGEST_OBJECT_FRAGMENT,1,24,1,10,4,14980,1,0,10,0,0,0,TRUST_RESTORED,7,10
S8-0024,PROFILE_512_44,P0_HARD_CUTOVER,R1_FREQUENT_SMALL,A1_DROP_FIRST_LARGEST_OBJECT_FRAGMENT,1,48,1,10,4,14980,1,0,10,0,0,0,TRUST_RESTORED,7,10
S8-0025,PROFILE_512_44,P0_HARD_CUTOVER,R1_FREQUENT_SMALL,A1_DROP_FIRST_LARGEST_OBJECT_FRAGMENT,2,12,1,9,4,14980,1,0,9,0,0,0,TRUST_RESTORED,6,9
S8-0026,PROFILE_512_44,P0_HARD_CUTOVER,R1_FREQUENT_SMALL,A1_DROP_FIRST_LARGEST_OBJECT_FRAGMENT,2,24,1,9,4,14980,1,0,9,0,0,0,TRUST_RESTORED,6,9
S8-0027,PROFILE_512_44,P0_HARD_CUTOVER,R1_FREQUENT_SMALL,A1_DROP_FIRST_LARGEST_OBJECT_FRAGMENT,2,48,1,9,4,14980,1,0,9,0,0,0,TRUST_RESTORED,6,9
S8-0028,PROFILE_512_44,P0_HARD_CUTOVER,R1_FREQUENT_SMALL,A1_DROP_FIRST_LARGEST_OBJECT_FRAGMENT,3,12,1,11,4,14980,1,0,11,0,0,0,TRUST_RESTORED,8,11
S8-0029,PROFILE_512_44,P0_HARD_CUTOVER,R1_FREQUENT_SMALL,A1_DROP_FIRST_LARGEST_OBJECT_FRAGMENT,3,24,1,11,4,14980,1,0,11,0,0,0,TRUST_RESTORED,8,11
S8-0030,PROFILE_512_44,P0_HARD_CUTOVER,R1_FREQUENT_SMALL,A1_DROP_FIRST_LARGEST_OBJECT_FRAGMENT,3,48,1,11,4,14980,1,0,11,0,0,0,TRUST_RESTORED,8,11
S8-0031,PROFILE_512_44,P0_HARD_CUTOVER,R1_FREQUENT_SMALL,A1_DROP_FIRST_LARGEST_OBJECT_FRAGMENT,4,12,1,10,4,14980,1,0,10,0,0,0,TRUST_RESTORED,7,10
S8-0032,PROFILE_512_44,P0_HARD_CUTOVER,R1_FREQUENT_SMALL,A1_DROP_FIRST_LARGEST_OBJECT_FRAGMENT,4,24,1,10,4,14980,1,0,10,0,0,0,TRUST_RESTORED,7,10
S8-0033,PROFILE_512_44,P0_HARD_CUTOVER,R1_FREQUENT_SMALL,A1_DROP_FIRST_LARGEST_OBJECT_FRAGMENT,4,48,1,10,4,14980,1,0,10,0,0,0,TRUST_RESTORED,7,10
S8-0034,PROFILE_512_44,P0_HARD_CUTOVER,R1_FREQUENT_SMALL,A1_DROP_FIRST_LARGEST_OBJECT_FRAGMENT,5,12,1,9,4,14980,1,0,9,0,0,0,TRUST_RESTORED,6,9
S8-0035,PROFILE_512_44,P0_HARD_CUTOVER,R1_FREQUENT_SMALL,A1_DROP_FIRST_LARGEST_OBJECT_FRAGMENT,5,24,1,9,4,14980,1,0,9,0,0,0,TRUST_RESTORED,6,9
S8-0036,PROFILE_512_44,P0_HARD_CUTOVER,R1_FREQUENT_SMALL,A1_DROP_FIRST_LARGEST_OBJECT_FRAGMENT,5,48,1,9,4,14980,1,0,9,0,0,0,TRUST_RESTORED,6,9
S8-0037,PROFILE_512_44,P0_HARD_CUTOVER,R1_FREQUENT_SMALL,A2_DELAY_FIRST_TRANSITION_PROOF_ONE_CONTACT,0,12,1,8,4,12560,1,0,8,0,0,0,TRUST_RESTORED,5,8
S8-0038,PROFILE_512_44,P0_HARD_CUTOVER,R1_FREQUENT_SMALL,A2_DELAY_FIRST_TRANSITION_PROOF_ONE_CONTACT,0,24,1,8,4,12560,1,0,8,0,0,0,TRUST_RESTORED,5,8
S8-0039,PROFILE_512_44,P0_HARD_CUTOVER,R1_FREQUENT_SMALL,A2_DELAY_FIRST_TRANSITION_PROOF_ONE_CONTACT,0,48,1,8,4,12560,1,0,8,0,0,0,TRUST_RESTORED,5,8
S8-0040,PROFILE_512_44,P0_HARD_CUTOVER,R1_FREQUENT_SMALL,A2_DELAY_FIRST_TRANSITION_PROOF_ONE_CONTACT,1,12,1,10,4,12560,1,0,10,0,0,0,TRUST_RESTORED,7,10
S8-0041,PROFILE_512_44,P0_HARD_CUTOVER,R1_FREQUENT_SMALL,A2_DELAY_FIRST_TRANSITION_PROOF_ONE_CONTACT,1,24,1,10,4,12560,1,0,10,0,0,0,TRUST_RESTORED,7,10
S8-0042,PROFILE_512_44,P0_HARD_CUTOVER,R1_FREQUENT_SMALL,A2_DELAY_FIRST_TRANSITION_PROOF_ONE_CONTACT,1,48,1,10,4,12560,1,0,10,0,0,0,TRUST_RESTORED,7,10
S8-0043,PROFILE_512_44,P0_HARD_CUTOVER,R1_FREQUENT_SMALL,A2_DELAY_FIRST_TRANSITION_PROOF_ONE_CONTACT,2,12,1,9,4,12560,1,0,9,0,0,0,TRUST_RESTORED,6,9
S8-0044,PROFILE_512_44,P0_HARD_CUTOVER,R1_FREQUENT_SMALL,A2_DELAY_FIRST_TRANSITION_PROOF_ONE_CONTACT,2,24,1,9,4,12560,1,0,9,0,0,0,TRUST_RESTORED,6,9
S8-0045,PROFILE_512_44,P0_HARD_CUTOVER,R1_FREQUENT_SMALL,A2_DELAY_FIRST_TRANSITION_PROOF_ONE_CONTACT,2,48,1,9,4,12560,1,0,9,0,0,0,TRUST_RESTORED,6,9
S8-0046,PROFILE_512_44,P0_HARD_CUTOVER,R1_FREQUENT_SMALL,A2_DELAY_FIRST_TRANSITION_PROOF_ONE_CONTACT,3,12,1,11,4,12560,1,0,11,0,0,0,TRUST_RESTORED,8,11
S8-0047,PROFILE_512_44,P0_HARD_CUTOVER,R1_FREQUENT_SMALL,A2_DELAY_FIRST_TRANSITION_PROOF_ONE_CONTACT,3,24,1,11,4,12560,1,0,11,0,0,0,TRUST_RESTORED,8,11
S8-0048,PROFILE_512_44,P0_HARD_CUTOVER,R1_FREQUENT_SMALL,A2_DELAY_FIRST_TRANSITION_PROOF_ONE_CONTACT,3,48,1,11,4,12560,1,0,11,0,0,0,TRUST_RESTORED,8,11
S8-0049,PROFILE_512_44,P0_HARD_CUTOVER,R1_FREQUENT_SMALL,A2_DELAY_FIRST_TRANSITION_PROOF_ONE_CONTACT,4,12,1,10,4,12560,1,0,10,0,0,0,TRUST_RESTORED,7,10
S8-0050,PROFILE_512_44,P0_HARD_CUTOVER,R1_FREQUENT_SMALL,A2_DELAY_FIRST_TRANSITION_PROOF_ONE_CONTACT,4,24,1,10,4,12560,1,0,10,0,0,0,TRUST_RESTORED,7,10
S8-0051,PROFILE_512_44,P0_HARD_CUTOVER,R1_FREQUENT_SMALL,A2_DELAY_FIRST_TRANSITION_PROOF_ONE_CONTACT,4,48,1,10,4,12560,1,0,10,0,0,0,TRUST_RESTORED,7,10
S8-0052,PROFILE_512_44,P0_HARD_CUTOVER,R1_FREQUENT_SMALL,A2_DELAY_FIRST_TRANSITION_PROOF_ONE_CONTACT,5,12,1,9,4,12560,1,0,9,0,0,0,TRUST_RESTORED,6,9
S8-0053,PROFILE_512_44,P0_HARD_CUTOVER,R1_FREQUENT_SMALL,A2_DELAY_FIRST_TRANSITION_PROOF_ONE_CONTACT,5,24,1,9,4,12560,1,0,9,0,0,0,TRUST_RESTORED,6,9
S8-0054,PROFILE_512_44,P0_HARD_CUTOVER,R1_FREQUENT_SMALL,A2_DELAY_FIRST_TRANSITION_PROOF_ONE_CONTACT,5,48,1,9,4,12560,1,0,9,0,0,0,TRUST_RESTORED,6,9
S8-0055,PROFILE_512_44,P0_HARD_CUTOVER,R1_FREQUENT_SMALL,A3_STALE_EPOCH_REPLAY_AT_COMMIT,0,12,1,8,4,12560,2,0,5,0,0,0,TRUST_RESTORED,2,5
S8-0056,PROFILE_512_44,P0_HARD_CUTOVER,R1_FREQUENT_SMALL,A3_STALE_EPOCH_REPLAY_AT_COMMIT,0,24,1,8,4,12560,2,0,5,0,0,0,TRUST_RESTORED,2,5
S8-0057,PROFILE_512_44,P0_HARD_CUTOVER,R1_FREQUENT_SMALL,A3_STALE_EPOCH_REPLAY_AT_COMMIT,0,48,1,8,4,12560,2,0,5,0,0,0,TRUST_RESTORED,2,5
S8-0058,PROFILE_512_44,P0_HARD_CUTOVER,R1_FREQUENT_SMALL,A3_STALE_EPOCH_REPLAY_AT_COMMIT,1,12,1,10,4,12560,2,0,7,0,0,0,TRUST_RESTORED,4,7
S8-0059,PROFILE_512_44,P0_HARD_CUTOVER,R1_FREQUENT_SMALL,A3_STALE_EPOCH_REPLAY_AT_COMMIT,1,24,1,10,4,12560,2,0,7,0,0,0,TRUST_RESTORED,4,7
S8-0060,PROFILE_512_44,P0_HARD_CUTOVER,R1_FREQUENT_SMALL,A3_STALE_EPOCH_REPLAY_AT_COMMIT,1,48,1,10,4,12560,2,0,7,0,0,0,TRUST_RESTORED,4,7
S8-0061,PROFILE_512_44,P0_HARD_CUTOVER,R1_FREQUENT_SMALL,A3_STALE_EPOCH_REPLAY_AT_COMMIT,2,12,1,9,4,12560,2,0,6,0,0,0,TRUST_RESTORED,3,6
S8-0062,PROFILE_512_44,P0_HARD_CUTOVER,R1_FREQUENT_SMALL,A3_STALE_EPOCH_REPLAY_AT_COMMIT,2,24,1,9,4,12560,2,0,6,0,0,0,TRUST_RESTORED,3,6
S8-0063,PROFILE_512_44,P0_HARD_CUTOVER,R1_FREQUENT_SMALL,A3_STALE_EPOCH_REPLAY_AT_COMMIT,2,48,1,9,4,12560,2,0,6,0,0,0,TRUST_RESTORED,3,6
S8-0064,PROFILE_512_44,P0_HARD_CUTOVER,R1_FREQUENT_SMALL,A3_STALE_EPOCH_REPLAY_AT_COMMIT,3,12,1,11,4,12560,2,0,8,0,0,0,TRUST_RESTORED,5,8
S8-0065,PROFILE_512_44,P0_HARD_CUTOVER,R1_FREQUENT_SMALL,A3_STALE_EPOCH_REPLAY_AT_COMMIT,3,24,1,11,4,12560,2,0,8,0,0,0,TRUST_RESTORED,5,8
S8-0066,PROFILE_512_44,P0_HARD_CUTOVER,R1_FREQUENT_SMALL,A3_STALE_EPOCH_REPLAY_AT_COMMIT,3,48,1,11,4,12560,2,0,8,0,0,0,TRUST_RESTORED,5,8
S8-0067,PROFILE_512_44,P0_HARD_CUTOVER,R1_FREQUENT_SMALL,A3_STALE_EPOCH_REPLAY_AT_COMMIT,4,12,1,10,4,12560,2,0,7,0,0,0,TRUST_RESTORED,4,7
S8-0068,PROFILE_512_44,P0_HARD_CUTOVER,R1_FREQUENT_SMALL,A3_STALE_EPOCH_REPLAY_AT_COMMIT,4,24,1,10,4,12560,2,0,7,0,0,0,TRUST_RESTORED,4,7
S8-0069,PROFILE_512_44,P0_HARD_CUTOVER,R1_FREQUENT_SMALL,A3_STALE_EPOCH_REPLAY_AT_COMMIT,4,48,1,10,4,12560,2,0,7,0,0,0,TRUST_RESTORED,4,7
S8-0070,PROFILE_512_44,P0_HARD_CUTOVER,R1_FREQUENT_SMALL,A3_STALE_EPOCH_REPLAY_AT_COMMIT,5,12,1,9,4,12560,2,0,6,0,0,0,TRUST_RESTORED,3,6
S8-0071,PROFILE_512_44,P0_HARD_CUTOVER,R1_FREQUENT_SMALL,A3_STALE_EPOCH_REPLAY_AT_COMMIT,5,24,1,9,4,12560,2,0,6,0,0,0,TRUST_RESTORED,3,6
S8-0072,PROFILE_512_44,P0_HARD_CUTOVER,R1_FREQUENT_SMALL,A3_STALE_EPOCH_REPLAY_AT_COMMIT,5,48,1,9,4,12560,2,0,6,0,0,0,TRUST_RESTORED,3,6
S8-0073,PROFILE_512_44,P0_HARD_CUTOVER,R2_PERIODIC_MEDIUM,A0_NONE,0,12,1,5,2,12560,1,0,5,0,0,0,TRUST_RESTORED,0,5
S8-0074,PROFILE_512_44,P0_HARD_CUTOVER,R2_PERIODIC_MEDIUM,A0_NONE,0,24,1,5,2,12560,1,0,5,0,0,0,TRUST_RESTORED,0,5
S8-0075,PROFILE_512_44,P0_HARD_CUTOVER,R2_PERIODIC_MEDIUM,A0_NONE,0,48,1,5,2,12560,1,0,5,0,0,0,TRUST_RESTORED,0,5
S8-0076,PROFILE_512_44,P0_HARD_CUTOVER,R2_PERIODIC_MEDIUM,A0_NONE,1,12,1,10,2,12560,1,0,10,0,0,0,TRUST_RESTORED,4,10
S8-0077,PROFILE_512_44,P0_HARD_CUTOVER,R2_PERIODIC_MEDIUM,A0_NONE,1,24,1,10,2,12560,1,0,10,0,0,0,TRUST_RESTORED,4,10
S8-0078,PROFILE_512_44,P0_HARD_CUTOVER,R2_PERIODIC_MEDIUM,A0_NONE,1,48,1,10,2,12560,1,0,10,0,0,0,TRUST_RESTORED,4,10
S8-0079,PROFILE_512_44,P0_HARD_CUTOVER,R2_PERIODIC_MEDIUM,A0_NONE,2,12,1,9,2,12560,1,0,9,0,0,0,TRUST_RESTORED,3,9
S8-0080,PROFILE_512_44,P0_HARD_CUTOVER,R2_PERIODIC_MEDIUM,A0_NONE,2,24,1,9,2,12560,1,0,9,0,0,0,TRUST_RESTORED,3,9
S8-0081,PROFILE_512_44,P0_HARD_CUTOVER,R2_PERIODIC_MEDIUM,A0_NONE,2,48,1,9,2,12560,1,0,9,0,0,0,TRUST_RESTORED,3,9
S8-0082,PROFILE_512_44,P0_HARD_CUTOVER,R2_PERIODIC_MEDIUM,A0_NONE,3,12,1,8,2,12560,1,0,8,0,0,0,TRUST_RESTORED,2,8
S8-0083,PROFILE_512_44,P0_HARD_CUTOVER,R2_PERIODIC_MEDIUM,A0_NONE,3,24,1,8,2,12560,1,0,8,0,0,0,TRUST_RESTORED,2,8
S8-0084,PROFILE_512_44,P0_HARD_CUTOVER,R2_PERIODIC_MEDIUM,A0_NONE,3,48,1,8,2,12560,1,0,8,0,0,0,TRUST_RESTORED,2,8
S8-0085,PROFILE_512_44,P0_HARD_CUTOVER,R2_PERIODIC_MEDIUM,A0_NONE,4,12,1,7,2,12560,1,0,7,0,0,0,TRUST_RESTORED,1,7
S8-0086,PROFILE_512_44,P0_HARD_CUTOVER,R2_PERIODIC_MEDIUM,A0_NONE,4,24,1,7,2,12560,1,0,7,0,0,0,TRUST_RESTORED,1,7
S8-0087,PROFILE_512_44,P0_HARD_CUTOVER,R2_PERIODIC_MEDIUM,A0_NONE,4,48,1,7,2,12560,1,0,7,0,0,0,TRUST_RESTORED,1,7
S8-0088,PROFILE_512_44,P0_HARD_CUTOVER,R2_PERIODIC_MEDIUM,A0_NONE,5,12,1,6,2,12560,1,0,6,0,0,0,TRUST_RESTORED,0,6
S8-0089,PROFILE_512_44,P0_HARD_CUTOVER,R2_PERIODIC_MEDIUM,A0_NONE,5,24,1,6,2,12560,1,0,6,0,0,0,TRUST_RESTORED,0,6
S8-0090,PROFILE_512_44,P0_HARD_CUTOVER,R2_PERIODIC_MEDIUM,A0_NONE,5,48,1,6,2,12560,1,0,6,0,0,0,TRUST_RESTORED,0,6
S8-0091,PROFILE_512_44,P0_HARD_CUTOVER,R2_PERIODIC_MEDIUM,A1_DROP_FIRST_LARGEST_OBJECT_FRAGMENT,0,12,1,5,2,14980,1,0,5,0,0,0,TRUST_RESTORED,5,5
S8-0092,PROFILE_512_44,P0_HARD_CUTOVER,R2_PERIODIC_MEDIUM,A1_DROP_FIRST_LARGEST_OBJECT_FRAGMENT,0,24,1,5,2,14980,1,0,5,0,0,0,TRUST_RESTORED,5,5
S8-0093,PROFILE_512_44,P0_HARD_CUTOVER,R2_PERIODIC_MEDIUM,A1_DROP_FIRST_LARGEST_OBJECT_FRAGMENT,0,48,1,5,2,14980,1,0,5,0,0,0,TRUST_RESTORED,5,5
S8-0094,PROFILE_512_44,P0_HARD_CUTOVER,R2_PERIODIC_MEDIUM,A1_DROP_FIRST_LARGEST_OBJECT_FRAGMENT,1,12,1,10,2,14980,1,0,10,0,0,0,TRUST_RESTORED,10,10
S8-0095,PROFILE_512_44,P0_HARD_CUTOVER,R2_PERIODIC_MEDIUM,A1_DROP_FIRST_LARGEST_OBJECT_FRAGMENT,1,24,1,10,2,14980,1,0,10,0,0,0,TRUST_RESTORED,10,10
S8-0096,PROFILE_512_44,P0_HARD_CUTOVER,R2_PERIODIC_MEDIUM,A1_DROP_FIRST_LARGEST_OBJECT_FRAGMENT,1,48,1,10,2,14980,1,0,10,0,0,0,TRUST_RESTORED,10,10
S8-0097,PROFILE_512_44,P0_HARD_CUTOVER,R2_PERIODIC_MEDIUM,A1_DROP_FIRST_LARGEST_OBJECT_FRAGMENT,2,12,1,9,2,14980,1,0,9,0,0,0,TRUST_RESTORED,9,9
S8-0098,PROFILE_512_44,P0_HARD_CUTOVER,R2_PERIODIC_MEDIUM,A1_DROP_FIRST_LARGEST_OBJECT_FRAGMENT,2,24,1,9,2,14980,1,0,9,0,0,0,TRUST_RESTORED,9,9
S8-0099,PROFILE_512_44,P0_HARD_CUTOVER,R2_PERIODIC_MEDIUM,A1_DROP_FIRST_LARGEST_OBJECT_FRAGMENT,2,48,1,9,2,14980,1,0,9,0,0,0,TRUST_RESTORED,9,9
S8-0100,PROFILE_512_44,P0_HARD_CUTOVER,R2_PERIODIC_MEDIUM,A1_DROP_FIRST_LARGEST_OBJECT_FRAGMENT,3,12,1,8,2,14980,1,0,8,0,0,0,TRUST_RESTORED,8,8
S8-0101,PROFILE_512_44,P0_HARD_CUTOVER,R2_PERIODIC_MEDIUM,A1_DROP_FIRST_LARGEST_OBJECT_FRAGMENT,3,24,1,8,2,14980,1,0,8,0,0,0,TRUST_RESTORED,8,8
S8-0102,PROFILE_512_44,P0_HARD_CUTOVER,R2_PERIODIC_MEDIUM,A1_DROP_FIRST_LARGEST_OBJECT_FRAGMENT,3,48,1,8,2,14980,1,0,8,0,0,0,TRUST_RESTORED,8,8
S8-0103,PROFILE_512_44,P0_HARD_CUTOVER,R2_PERIODIC_MEDIUM,A1_DROP_FIRST_LARGEST_OBJECT_FRAGMENT,4,12,1,7,2,14980,1,0,7,0,0,0,TRUST_RESTORED,7,7
S8-0104,PROFILE_512_44,P0_HARD_CUTOVER,R2_PERIODIC_MEDIUM,A1_DROP_FIRST_LARGEST_OBJECT_FRAGMENT,4,24,1,7,2,14980,1,0,7,0,0,0,TRUST_RESTORED,7,7
S8-0105,PROFILE_512_44,P0_HARD_CUTOVER,R2_PERIODIC_MEDIUM,A1_DROP_FIRST_LARGEST_OBJECT_FRAGMENT,4,48,1,7,2,14980,1,0,7,0,0,0,TRUST_RESTORED,7,7
S8-0106,PROFILE_512_44,P0_HARD_CUTOVER,R2_PERIODIC_MEDIUM,A1_DROP_FIRST_LARGEST_OBJECT_FRAGMENT,5,12,1,6,2,14980,1,0,6,0,0,0,TRUST_RESTORED,6,6
S8-0107,PROFILE_512_44,P0_HARD_CUTOVER,R2_PERIODIC_MEDIUM,A1_DROP_FIRST_LARGEST_OBJECT_FRAGMENT,5,24,1,6,2,14980,1,0,6,0,0,0,TRUST_RESTORED,6,6
S8-0108,PROFILE_512_44,P0_HARD_CUTOVER,R2_PERIODIC_MEDIUM,A1_DROP_FIRST_LARGEST_OBJECT_FRAGMENT,5,48,1,6,2,14980,1,0,6,0,0,0,TRUST_RESTORED,6,6
S8-0109,PROFILE_512_44,P0_HARD_CUTOVER,R2_PERIODIC_MEDIUM,A2_DELAY_FIRST_TRANSITION_PROOF_ONE_CONTACT,0,12,1,5,2,12560,1,0,5,0,0,0,TRUST_RESTORED,5,5
S8-0110,PROFILE_512_44,P0_HARD_CUTOVER,R2_PERIODIC_MEDIUM,A2_DELAY_FIRST_TRANSITION_PROOF_ONE_CONTACT,0,24,1,5,2,12560,1,0,5,0,0,0,TRUST_RESTORED,5,5
S8-0111,PROFILE_512_44,P0_HARD_CUTOVER,R2_PERIODIC_MEDIUM,A2_DELAY_FIRST_TRANSITION_PROOF_ONE_CONTACT,0,48,1,5,2,12560,1,0,5,0,0,0,TRUST_RESTORED,5,5
S8-0112,PROFILE_512_44,P0_HARD_CUTOVER,R2_PERIODIC_MEDIUM,A2_DELAY_FIRST_TRANSITION_PROOF_ONE_CONTACT,1,12,1,10,2,12560,1,0,10,0,0,0,TRUST_RESTORED,10,10
S8-0113,PROFILE_512_44,P0_HARD_CUTOVER,R2_PERIODIC_MEDIUM,A2_DELAY_FIRST_TRANSITION_PROOF_ONE_CONTACT,1,24,1,10,2,12560,1,0,10,0,0,0,TRUST_RESTORED,10,10
S8-0114,PROFILE_512_44,P0_HARD_CUTOVER,R2_PERIODIC_MEDIUM,A2_DELAY_FIRST_TRANSITION_PROOF_ONE_CONTACT,1,48,1,10,2,12560,1,0,10,0,0,0,TRUST_RESTORED,10,10
S8-0115,PROFILE_512_44,P0_HARD_CUTOVER,R2_PERIODIC_MEDIUM,A2_DELAY_FIRST_TRANSITION_PROOF_ONE_CONTACT,2,12,1,9,2,12560,1,0,9,0,0,0,TRUST_RESTORED,9,9
S8-0116,PROFILE_512_44,P0_HARD_CUTOVER,R2_PERIODIC_MEDIUM,A2_DELAY_FIRST_TRANSITION_PROOF_ONE_CONTACT,2,24,1,9,2,12560,1,0,9,0,0,0,TRUST_RESTORED,9,9
S8-0117,PROFILE_512_44,P0_HARD_CUTOVER,R2_PERIODIC_MEDIUM,A2_DELAY_FIRST_TRANSITION_PROOF_ONE_CONTACT,2,48,1,9,2,12560,1,0,9,0,0,0,TRUST_RESTORED,9,9
S8-0118,PROFILE_512_44,P0_HARD_CUTOVER,R2_PERIODIC_MEDIUM,A2_DELAY_FIRST_TRANSITION_PROOF_ONE_CONTACT,3,12,1,8,2,12560,1,0,8,0,0,0,TRUST_RESTORED,8,8
S8-0119,PROFILE_512_44,P0_HARD_CUTOVER,R2_PERIODIC_MEDIUM,A2_DELAY_FIRST_TRANSITION_PROOF_ONE_CONTACT,3,24,1,8,2,12560,1,0,8,0,0,0,TRUST_RESTORED,8,8
S8-0120,PROFILE_512_44,P0_HARD_CUTOVER,R2_PERIODIC_MEDIUM,A2_DELAY_FIRST_TRANSITION_PROOF_ONE_CONTACT,3,48,1,8,2,12560,1,0,8,0,0,0,TRUST_RESTORED,8,8
S8-0121,PROFILE_512_44,P0_HARD_CUTOVER,R2_PERIODIC_MEDIUM,A2_DELAY_FIRST_TRANSITION_PROOF_ONE_CONTACT,4,12,1,7,2,12560,1,0,7,0,0,0,TRUST_RESTORED,7,7
S8-0122,PROFILE_512_44,P0_HARD_CUTOVER,R2_PERIODIC_MEDIUM,A2_DELAY_FIRST_TRANSITION_PROOF_ONE_CONTACT,4,24,1,7,2,12560,1,0,7,0,0,0,TRUST_RESTORED,7,7
S8-0123,PROFILE_512_44,P0_HARD_CUTOVER,R2_PERIODIC_MEDIUM,A2_DELAY_FIRST_TRANSITION_PROOF_ONE_CONTACT,4,48,1,7,2,12560,1,0,7,0,0,0,TRUST_RESTORED,7,7
S8-0124,PROFILE_512_44,P0_HARD_CUTOVER,R2_PERIODIC_MEDIUM,A2_DELAY_FIRST_TRANSITION_PROOF_ONE_CONTACT,5,12,1,6,2,12560,1,0,6,0,0,0,TRUST_RESTORED,6,6
S8-0125,PROFILE_512_44,P0_HARD_CUTOVER,R2_PERIODIC_MEDIUM,A2_DELAY_FIRST_TRANSITION_PROOF_ONE_CONTACT,5,24,1,6,2,12560,1,0,6,0,0,0,TRUST_RESTORED,6,6
S8-0126,PROFILE_512_44,P0_HARD_CUTOVER,R2_PERIODIC_MEDIUM,A2_DELAY_FIRST_TRANSITION_PROOF_ONE_CONTACT,5,48,1,6,2,12560,1,0,6,0,0,0,TRUST_RESTORED,6,6
S8-0127,PROFILE_512_44,P0_HARD_CUTOVER,R2_PERIODIC_MEDIUM,A3_STALE_EPOCH_REPLAY_AT_COMMIT,0,12,1,5,2,12560,2,0,5,0,0,0,TRUST_RESTORED,0,5
S8-0128,PROFILE_512_44,P0_HARD_CUTOVER,R2_PERIODIC_MEDIUM,A3_STALE_EPOCH_REPLAY_AT_COMMIT,0,24,1,5,2,12560,2,0,5,0,0,0,TRUST_RESTORED,0,5
S8-0129,PROFILE_512_44,P0_HARD_CUTOVER,R2_PERIODIC_MEDIUM,A3_STALE_EPOCH_REPLAY_AT_COMMIT,0,48,1,5,2,12560,2,0,5,0,0,0,TRUST_RESTORED,0,5
S8-0130,PROFILE_512_44,P0_HARD_CUTOVER,R2_PERIODIC_MEDIUM,A3_STALE_EPOCH_REPLAY_AT_COMMIT,1,12,1,10,2,12560,2,0,10,0,0,0,TRUST_RESTORED,4,10
S8-0131,PROFILE_512_44,P0_HARD_CUTOVER,R2_PERIODIC_MEDIUM,A3_STALE_EPOCH_REPLAY_AT_COMMIT,1,24,1,10,2,12560,2,0,10,0,0,0,TRUST_RESTORED,4,10
S8-0132,PROFILE_512_44,P0_HARD_CUTOVER,R2_PERIODIC_MEDIUM,A3_STALE_EPOCH_REPLAY_AT_COMMIT,1,48,1,10,2,12560,2,0,10,0,0,0,TRUST_RESTORED,4,10
S8-0133,PROFILE_512_44,P0_HARD_CUTOVER,R2_PERIODIC_MEDIUM,A3_STALE_EPOCH_REPLAY_AT_COMMIT,2,12,1,9,2,12560,2,0,9,0,0,0,TRUST_RESTORED,3,9
S8-0134,PROFILE_512_44,P0_HARD_CUTOVER,R2_PERIODIC_MEDIUM,A3_STALE_EPOCH_REPLAY_AT_COMMIT,2,24,1,9,2,12560,2,0,9,0,0,0,TRUST_RESTORED,3,9
S8-0135,PROFILE_512_44,P0_HARD_CUTOVER,R2_PERIODIC_MEDIUM,A3_STALE_EPOCH_REPLAY_AT_COMMIT,2,48,1,9,2,12560,2,0,9,0,0,0,TRUST_RESTORED,3,9
S8-0136,PROFILE_512_44,P0_HARD_CUTOVER,R2_PERIODIC_MEDIUM,A3_STALE_EPOCH_REPLAY_AT_COMMIT,3,12,1,8,2,12560,2,0,8,0,0,0,TRUST_RESTORED,2,8
S8-0137,PROFILE_512_44,P0_HARD_CUTOVER,R2_PERIODIC_MEDIUM,A3_STALE_EPOCH_REPLAY_AT_COMMIT,3,24,1,8,2,12560,2,0,8,0,0,0,TRUST_RESTORED,2,8
S8-0138,PROFILE_512_44,P0_HARD_CUTOVER,R2_PERIODIC_MEDIUM,A3_STALE_EPOCH_REPLAY_AT_COMMIT,3,48,1,8,2,12560,2,0,8,0,0,0,TRUST_RESTORED,2,8
S8-0139,PROFILE_512_44,P0_HARD_CUTOVER,R2_PERIODIC_MEDIUM,A3_STALE_EPOCH_REPLAY_AT_COMMIT,4,12,1,7,2,12560,2,0,7,0,0,0,TRUST_RESTORED,1,7
S8-0140,PROFILE_512_44,P0_HARD_CUTOVER,R2_PERIODIC_MEDIUM,A3_STALE_EPOCH_REPLAY_AT_COMMIT,4,24,1,7,2,12560,2,0,7,0,0,0,TRUST_RESTORED,1,7
S8-0141,PROFILE_512_44,P0_HARD_CUTOVER,R2_PERIODIC_MEDIUM,A3_STALE_EPOCH_REPLAY_AT_COMMIT,4,48,1,7,2,12560,2,0,7,0,0,0,TRUST_RESTORED,1,7
S8-0142,PROFILE_512_44,P0_HARD_CUTOVER,R2_PERIODIC_MEDIUM,A3_STALE_EPOCH_REPLAY_AT_COMMIT,5,12,1,6,2,12560,2,0,6,0,0,0,TRUST_RESTORED,0,6
S8-0143,PROFILE_512_44,P0_HARD_CUTOVER,R2_PERIODIC_MEDIUM,A3_STALE_EPOCH_REPLAY_AT_COMMIT,5,24,1,6,2,12560,2,0,6,0,0,0,TRUST_RESTORED,0,6
S8-0144,PROFILE_512_44,P0_HARD_CUTOVER,R2_PERIODIC_MEDIUM,A3_STALE_EPOCH_REPLAY_AT_COMMIT,5,48,1,6,2,12560,2,0,6,0,0,0,TRUST_RESTORED,0,6
S8-0145,PROFILE_512_44,P0_HARD_CUTOVER,R3_SPARSE_LARGE,A0_NONE,0,12,1,0,1,12560,1,0,0,0,0,0,TRUST_RESTORED,0,0
S8-0146,PROFILE_512_44,P0_HARD_CUTOVER,R3_SPARSE_LARGE,A0_NONE,0,24,1,0,1,12560,1,0,0,0,0,0,TRUST_RESTORED,0,0
S8-0147,PROFILE_512_44,P0_HARD_CUTOVER,R3_SPARSE_LARGE,A0_NONE,0,48,1,0,1,12560,1,0,0,0,0,0,TRUST_RESTORED,0,0
S8-0148,PROFILE_512_44,P0_HARD_CUTOVER,R3_SPARSE_LARGE,A0_NONE,1,12,1,10,1,12560,1,0,10,0,0,0,TRUST_RESTORED,10,10
S8-0149,PROFILE_512_44,P0_HARD_CUTOVER,R3_SPARSE_LARGE,A0_NONE,1,24,1,10,1,12560,1,0,10,0,0,0,TRUST_RESTORED,10,10
S8-0150,PROFILE_512_44,P0_HARD_CUTOVER,R3_SPARSE_LARGE,A0_NONE,1,48,1,10,1,12560,1,0,10,0,0,0,TRUST_RESTORED,10,10
S8-0151,PROFILE_512_44,P0_HARD_CUTOVER,R3_SPARSE_LARGE,A0_NONE,2,12,1,9,1,12560,1,0,9,0,0,0,TRUST_RESTORED,9,9
S8-0152,PROFILE_512_44,P0_HARD_CUTOVER,R3_SPARSE_LARGE,A0_NONE,2,24,1,9,1,12560,1,0,9,0,0,0,TRUST_RESTORED,9,9
S8-0153,PROFILE_512_44,P0_HARD_CUTOVER,R3_SPARSE_LARGE,A0_NONE,2,48,1,9,1,12560,1,0,9,0,0,0,TRUST_RESTORED,9,9
S8-0154,PROFILE_512_44,P0_HARD_CUTOVER,R3_SPARSE_LARGE,A0_NONE,3,12,1,8,1,12560,1,0,8,0,0,0,TRUST_RESTORED,8,8
S8-0155,PROFILE_512_44,P0_HARD_CUTOVER,R3_SPARSE_LARGE,A0_NONE,3,24,1,8,1,12560,1,0,8,0,0,0,TRUST_RESTORED,8,8
S8-0156,PROFILE_512_44,P0_HARD_CUTOVER,R3_SPARSE_LARGE,A0_NONE,3,48,1,8,1,12560,1,0,8,0,0,0,TRUST_RESTORED,8,8
S8-0157,PROFILE_512_44,P0_HARD_CUTOVER,R3_SPARSE_LARGE,A0_NONE,4,12,1,7,1,12560,1,0,7,0,0,0,TRUST_RESTORED,7,7
S8-0158,PROFILE_512_44,P0_HARD_CUTOVER,R3_SPARSE_LARGE,A0_NONE,4,24,1,7,1,12560,1,0,7,0,0,0,TRUST_RESTORED,7,7
S8-0159,PROFILE_512_44,P0_HARD_CUTOVER,R3_SPARSE_LARGE,A0_NONE,4,48,1,7,1,12560,1,0,7,0,0,0,TRUST_RESTORED,7,7
S8-0160,PROFILE_512_44,P0_HARD_CUTOVER,R3_SPARSE_LARGE,A0_NONE,5,12,1,6,1,12560,1,0,6,0,0,0,TRUST_RESTORED,6,6
S8-0161,PROFILE_512_44,P0_HARD_CUTOVER,R3_SPARSE_LARGE,A0_NONE,5,24,1,6,1,12560,1,0,6,0,0,0,TRUST_RESTORED,6,6
S8-0162,PROFILE_512_44,P0_HARD_CUTOVER,R3_SPARSE_LARGE,A0_NONE,5,48,1,6,1,12560,1,0,6,0,0,0,TRUST_RESTORED,6,6
S8-0163,PROFILE_512_44,P0_HARD_CUTOVER,R3_SPARSE_LARGE,A1_DROP_FIRST_LARGEST_OBJECT_FRAGMENT,0,12,1,0,1,14980,1,0,0,0,0,0,TRUST_RESTORED,0,0
S8-0164,PROFILE_512_44,P0_HARD_CUTOVER,R3_SPARSE_LARGE,A1_DROP_FIRST_LARGEST_OBJECT_FRAGMENT,0,24,1,0,1,14980,1,0,0,0,0,0,TRUST_RESTORED,0,0
S8-0165,PROFILE_512_44,P0_HARD_CUTOVER,R3_SPARSE_LARGE,A1_DROP_FIRST_LARGEST_OBJECT_FRAGMENT,0,48,1,0,1,14980,1,0,0,0,0,0,TRUST_RESTORED,0,0
S8-0166,PROFILE_512_44,P0_HARD_CUTOVER,R3_SPARSE_LARGE,A1_DROP_FIRST_LARGEST_OBJECT_FRAGMENT,1,12,1,10,1,14980,1,0,10,0,0,0,TRUST_RESTORED,10,10
S8-0167,PROFILE_512_44,P0_HARD_CUTOVER,R3_SPARSE_LARGE,A1_DROP_FIRST_LARGEST_OBJECT_FRAGMENT,1,24,1,10,1,14980,1,0,10,0,0,0,TRUST_RESTORED,10,10
S8-0168,PROFILE_512_44,P0_HARD_CUTOVER,R3_SPARSE_LARGE,A1_DROP_FIRST_LARGEST_OBJECT_FRAGMENT,1,48,1,10,1,14980,1,0,10,0,0,0,TRUST_RESTORED,10,10
S8-0169,PROFILE_512_44,P0_HARD_CUTOVER,R3_SPARSE_LARGE,A1_DROP_FIRST_LARGEST_OBJECT_FRAGMENT,2,12,1,9,1,14980,1,0,9,0,0,0,TRUST_RESTORED,9,9
S8-0170,PROFILE_512_44,P0_HARD_CUTOVER,R3_SPARSE_LARGE,A1_DROP_FIRST_LARGEST_OBJECT_FRAGMENT,2,24,1,9,1,14980,1,0,9,0,0,0,TRUST_RESTORED,9,9
S8-0171,PROFILE_512_44,P0_HARD_CUTOVER,R3_SPARSE_LARGE,A1_DROP_FIRST_LARGEST_OBJECT_FRAGMENT,2,48,1,9,1,14980,1,0,9,0,0,0,TRUST_RESTORED,9,9
S8-0172,PROFILE_512_44,P0_HARD_CUTOVER,R3_SPARSE_LARGE,A1_DROP_FIRST_LARGEST_OBJECT_FRAGMENT,3,12,1,8,1,14980,1,0,8,0,0,0,TRUST_RESTORED,8,8
S8-0173,PROFILE_512_44,P0_HARD_CUTOVER,R3_SPARSE_LARGE,A1_DROP_FIRST_LARGEST_OBJECT_FRAGMENT,3,24,1,8,1,14980,1,0,8,0,0,0,TRUST_RESTORED,8,8
S8-0174,PROFILE_512_44,P0_HARD_CUTOVER,R3_SPARSE_LARGE,A1_DROP_FIRST_LARGEST_OBJECT_FRAGMENT,3,48,1,8,1,14980,1,0,8,0,0,0,TRUST_RESTORED,8,8
S8-0175,PROFILE_512_44,P0_HARD_CUTOVER,R3_SPARSE_LARGE,A1_DROP_FIRST_LARGEST_OBJECT_FRAGMENT,4,12,1,7,1,14980,1,0,7,0,0,0,TRUST_RESTORED,7,7
S8-0176,PROFILE_512_44,P0_HARD_CUTOVER,R3_SPARSE_LARGE,A1_DROP_FIRST_LARGEST_OBJECT_FRAGMENT,4,24,1,7,1,14980,1,0,7,0,0,0,TRUST_RESTORED,7,7
S8-0177,PROFILE_512_44,P0_HARD_CUTOVER,R3_SPARSE_LARGE,A1_DROP_FIRST_LARGEST_OBJECT_FRAGMENT,4,48,1,7,1,14980,1,0,7,0,0,0,TRUST_RESTORED,7,7
S8-0178,PROFILE_512_44,P0_HARD_CUTOVER,R3_SPARSE_LARGE,A1_DROP_FIRST_LARGEST_OBJECT_FRAGMENT,5,12,1,6,1,14980,1,0,6,0,0,0,TRUST_RESTORED,6,6
S8-0179,PROFILE_512_44,P0_HARD_CUTOVER,R3_SPARSE_LARGE,A1_DROP_FIRST_LARGEST_OBJECT_FRAGMENT,5,24,1,6,1,14980,1,0,6,0,0,0,TRUST_RESTORED,6,6
S8-0180,PROFILE_512_44,P0_HARD_CUTOVER,R3_SPARSE_LARGE,A1_DROP_FIRST_LARGEST_OBJECT_FRAGMENT,5,48,1,6,1,14980,1,0,6,0,0,0,TRUST_RESTORED,6,6
S8-0181,PROFILE_512_44,P0_HARD_CUTOVER,R3_SPARSE_LARGE,A2_DELAY_FIRST_TRANSITION_PROOF_ONE_CONTACT,0,12,1,11,2,12560,1,0,11,0,0,0,TRUST_RESTORED,11,11
S8-0182,PROFILE_512_44,P0_HARD_CUTOVER,R3_SPARSE_LARGE,A2_DELAY_FIRST_TRANSITION_PROOF_ONE_CONTACT,0,24,1,11,2,12560,1,0,11,0,0,0,TRUST_RESTORED,11,11
S8-0183,PROFILE_512_44,P0_HARD_CUTOVER,R3_SPARSE_LARGE,A2_DELAY_FIRST_TRANSITION_PROOF_ONE_CONTACT,0,48,1,11,2,12560,1,0,11,0,0,0,TRUST_RESTORED,11,11
S8-0184,PROFILE_512_44,P0_HARD_CUTOVER,R3_SPARSE_LARGE,A2_DELAY_FIRST_TRANSITION_PROOF_ONE_CONTACT,1,12,0,,1,5300,0,0,12,0,0,0,INSUFFICIENT_MATERIAL_TRANSFER,,
S8-0185,PROFILE_512_44,P0_HARD_CUTOVER,R3_SPARSE_LARGE,A2_DELAY_FIRST_TRANSITION_PROOF_ONE_CONTACT,1,24,1,22,2,12560,1,0,22,0,0,0,TRUST_RESTORED,22,22
S8-0186,PROFILE_512_44,P0_HARD_CUTOVER,R3_SPARSE_LARGE,A2_DELAY_FIRST_TRANSITION_PROOF_ONE_CONTACT,1,48,1,22,2,12560,1,0,22,0,0,0,TRUST_RESTORED,22,22
S8-0187,PROFILE_512_44,P0_HARD_CUTOVER,R3_SPARSE_LARGE,A2_DELAY_FIRST_TRANSITION_PROOF_ONE_CONTACT,2,12,0,,1,5300,0,0,12,0,0,0,INSUFFICIENT_MATERIAL_TRANSFER,,
S8-0188,PROFILE_512_44,P0_HARD_CUTOVER,R3_SPARSE_LARGE,A2_DELAY_FIRST_TRANSITION_PROOF_ONE_CONTACT,2,24,1,21,2,12560,1,0,21,0,0,0,TRUST_RESTORED,21,21
S8-0189,PROFILE_512_44,P0_HARD_CUTOVER,R3_SPARSE_LARGE,A2_DELAY_FIRST_TRANSITION_PROOF_ONE_CONTACT,2,48,1,21,2,12560,1,0,21,0,0,0,TRUST_RESTORED,21,21
S8-0190,PROFILE_512_44,P0_HARD_CUTOVER,R3_SPARSE_LARGE,A2_DELAY_FIRST_TRANSITION_PROOF_ONE_CONTACT,3,12,0,,1,5300,0,0,12,0,0,0,INSUFFICIENT_MATERIAL_TRANSFER,,
S8-0191,PROFILE_512_44,P0_HARD_CUTOVER,R3_SPARSE_LARGE,A2_DELAY_FIRST_TRANSITION_PROOF_ONE_CONTACT,3,24,1,20,2,12560,1,0,20,0,0,0,TRUST_RESTORED,20,20
S8-0192,PROFILE_512_44,P0_HARD_CUTOVER,R3_SPARSE_LARGE,A2_DELAY_FIRST_TRANSITION_PROOF_ONE_CONTACT,3,48,1,20,2,12560,1,0,20,0,0,0,TRUST_RESTORED,20,20
S8-0193,PROFILE_512_44,P0_HARD_CUTOVER,R3_SPARSE_LARGE,A2_DELAY_FIRST_TRANSITION_PROOF_ONE_CONTACT,4,12,0,,1,5300,0,0,12,0,0,0,INSUFFICIENT_MATERIAL_TRANSFER,,
S8-0194,PROFILE_512_44,P0_HARD_CUTOVER,R3_SPARSE_LARGE,A2_DELAY_FIRST_TRANSITION_PROOF_ONE_CONTACT,4,24,1,19,2,12560,1,0,19,0,0,0,TRUST_RESTORED,19,19
S8-0195,PROFILE_512_44,P0_HARD_CUTOVER,R3_SPARSE_LARGE,A2_DELAY_FIRST_TRANSITION_PROOF_ONE_CONTACT,4,48,1,19,2,12560,1,0,19,0,0,0,TRUST_RESTORED,19,19
S8-0196,PROFILE_512_44,P0_HARD_CUTOVER,R3_SPARSE_LARGE,A2_DELAY_FIRST_TRANSITION_PROOF_ONE_CONTACT,5,12,0,,1,5300,0,0,12,0,0,0,INSUFFICIENT_MATERIAL_TRANSFER,,
S8-0197,PROFILE_512_44,P0_HARD_CUTOVER,R3_SPARSE_LARGE,A2_DELAY_FIRST_TRANSITION_PROOF_ONE_CONTACT,5,24,1,18,2,12560,1,0,18,0,0,0,TRUST_RESTORED,18,18
S8-0198,PROFILE_512_44,P0_HARD_CUTOVER,R3_SPARSE_LARGE,A2_DELAY_FIRST_TRANSITION_PROOF_ONE_CONTACT,5,48,1,18,2,12560,1,0,18,0,0,0,TRUST_RESTORED,18,18
S8-0199,PROFILE_512_44,P0_HARD_CUTOVER,R3_SPARSE_LARGE,A3_STALE_EPOCH_REPLAY_AT_COMMIT,0,12,1,11,2,12560,2,0,11,0,0,0,TRUST_RESTORED,0,11
S8-0200,PROFILE_512_44,P0_HARD_CUTOVER,R3_SPARSE_LARGE,A3_STALE_EPOCH_REPLAY_AT_COMMIT,0,24,1,11,2,12560,2,0,11,0,0,0,TRUST_RESTORED,0,11
S8-0201,PROFILE_512_44,P0_HARD_CUTOVER,R3_SPARSE_LARGE,A3_STALE_EPOCH_REPLAY_AT_COMMIT,0,48,1,11,2,12560,2,0,11,0,0,0,TRUST_RESTORED,0,11
S8-0202,PROFILE_512_44,P0_HARD_CUTOVER,R3_SPARSE_LARGE,A3_STALE_EPOCH_REPLAY_AT_COMMIT,1,12,0,,1,7720,1,0,12,0,0,0,INSUFFICIENT_MATERIAL_TRANSFER,10,
S8-0203,PROFILE_512_44,P0_HARD_CUTOVER,R3_SPARSE_LARGE,A3_STALE_EPOCH_REPLAY_AT_COMMIT,1,24,1,22,2,12560,2,0,22,0,0,0,TRUST_RESTORED,10,22
S8-0204,PROFILE_512_44,P0_HARD_CUTOVER,R3_SPARSE_LARGE,A3_STALE_EPOCH_REPLAY_AT_COMMIT,1,48,1,22,2,12560,2,0,22,0,0,0,TRUST_RESTORED,10,22
S8-0205,PROFILE_512_44,P0_HARD_CUTOVER,R3_SPARSE_LARGE,A3_STALE_EPOCH_REPLAY_AT_COMMIT,2,12,0,,1,7720,1,0,12,0,0,0,INSUFFICIENT_MATERIAL_TRANSFER,9,
S8-0206,PROFILE_512_44,P0_HARD_CUTOVER,R3_SPARSE_LARGE,A3_STALE_EPOCH_REPLAY_AT_COMMIT,2,24,1,21,2,12560,2,0,21,0,0,0,TRUST_RESTORED,9,21
S8-0207,PROFILE_512_44,P0_HARD_CUTOVER,R3_SPARSE_LARGE,A3_STALE_EPOCH_REPLAY_AT_COMMIT,2,48,1,21,2,12560,2,0,21,0,0,0,TRUST_RESTORED,9,21
S8-0208,PROFILE_512_44,P0_HARD_CUTOVER,R3_SPARSE_LARGE,A3_STALE_EPOCH_REPLAY_AT_COMMIT,3,12,0,,1,7720,1,0,12,0,0,0,INSUFFICIENT_MATERIAL_TRANSFER,8,
S8-0209,PROFILE_512_44,P0_HARD_CUTOVER,R3_SPARSE_LARGE,A3_STALE_EPOCH_REPLAY_AT_COMMIT,3,24,1,20,2,12560,2,0,20,0,0,0,TRUST_RESTORED,8,20
S8-0210,PROFILE_512_44,P0_HARD_CUTOVER,R3_SPARSE_LARGE,A3_STALE_EPOCH_REPLAY_AT_COMMIT,3,48,1,20,2,12560,2,0,20,0,0,0,TRUST_RESTORED,8,20
S8-0211,PROFILE_512_44,P0_HARD_CUTOVER,R3_SPARSE_LARGE,A3_STALE_EPOCH_REPLAY_AT_COMMIT,4,12,0,,1,7720,1,0,12,0,0,0,INSUFFICIENT_MATERIAL_TRANSFER,7,
S8-0212,PROFILE_512_44,P0_HARD_CUTOVER,R3_SPARSE_LARGE,A3_STALE_EPOCH_REPLAY_AT_COMMIT,4,24,1,19,2,12560,2,0,19,0,0,0,TRUST_RESTORED,7,19
S8-0213,PROFILE_512_44,P0_HARD_CUTOVER,R3_SPARSE_LARGE,A3_STALE_EPOCH_REPLAY_AT_COMMIT,4,48,1,19,2,12560,2,0,19,0,0,0,TRUST_RESTORED,7,19
S8-0214,PROFILE_512_44,P0_HARD_CUTOVER,R3_SPARSE_LARGE,A3_STALE_EPOCH_REPLAY_AT_COMMIT,5,12,0,,1,7720,1,0,12,0,0,0,INSUFFICIENT_MATERIAL_TRANSFER,6,
S8-0215,PROFILE_512_44,P0_HARD_CUTOVER,R3_SPARSE_LARGE,A3_STALE_EPOCH_REPLAY_AT_COMMIT,5,24,1,18,2,12560,2,0,18,0,0,0,TRUST_RESTORED,6,18
S8-0216,PROFILE_512_44,P0_HARD_CUTOVER,R3_SPARSE_LARGE,A3_STALE_EPOCH_REPLAY_AT_COMMIT,5,48,1,18,2,12560,2,0,18,0,0,0,TRUST_RESTORED,6,18
S8-0217,PROFILE_512_44,P0_HARD_CUTOVER,R4_CLUSTERED_MEDIUM,A0_NONE,0,12,1,1,2,12560,1,0,1,0,0,0,TRUST_RESTORED,0,1
S8-0218,PROFILE_512_44,P0_HARD_CUTOVER,R4_CLUSTERED_MEDIUM,A0_NONE,0,24,1,1,2,12560,1,0,1,0,0,0,TRUST_RESTORED,0,1
S8-0219,PROFILE_512_44,P0_HARD_CUTOVER,R4_CLUSTERED_MEDIUM,A0_NONE,0,48,1,1,2,12560,1,0,1,0,0,0,TRUST_RESTORED,0,1
S8-0220,PROFILE_512_44,P0_HARD_CUTOVER,R4_CLUSTERED_MEDIUM,A0_NONE,1,12,0,,1,8192,0,0,12,0,0,0,INSUFFICIENT_MATERIAL_TRANSFER,0,
S8-0221,PROFILE_512_44,P0_HARD_CUTOVER,R4_CLUSTERED_MEDIUM,A0_NONE,1,24,1,12,2,12560,1,0,12,0,0,0,TRUST_RESTORED,0,12
S8-0222,PROFILE_512_44,P0_HARD_CUTOVER,R4_CLUSTERED_MEDIUM,A0_NONE,1,48,1,12,2,12560,1,0,12,0,0,0,TRUST_RESTORED,0,12
S8-0223,PROFILE_512_44,P0_HARD_CUTOVER,R4_CLUSTERED_MEDIUM,A0_NONE,2,12,0,,1,8192,0,0,12,0,0,0,INSUFFICIENT_MATERIAL_TRANSFER,11,
S8-0224,PROFILE_512_44,P0_HARD_CUTOVER,R4_CLUSTERED_MEDIUM,A0_NONE,2,24,1,12,2,12560,1,0,12,0,0,0,TRUST_RESTORED,11,12
S8-0225,PROFILE_512_44,P0_HARD_CUTOVER,R4_CLUSTERED_MEDIUM,A0_NONE,2,48,1,12,2,12560,1,0,12,0,0,0,TRUST_RESTORED,11,12
S8-0226,PROFILE_512_44,P0_HARD_CUTOVER,R4_CLUSTERED_MEDIUM,A0_NONE,3,12,1,11,2,12560,1,0,11,0,0,0,TRUST_RESTORED,10,11
S8-0227,PROFILE_512_44,P0_HARD_CUTOVER,R4_CLUSTERED_MEDIUM,A0_NONE,3,24,1,11,2,12560,1,0,11,0,0,0,TRUST_RESTORED,10,11
S8-0228,PROFILE_512_44,P0_HARD_CUTOVER,R4_CLUSTERED_MEDIUM,A0_NONE,3,48,1,11,2,12560,1,0,11,0,0,0,TRUST_RESTORED,10,11
S8-0229,PROFILE_512_44,P0_HARD_CUTOVER,R4_CLUSTERED_MEDIUM,A0_NONE,4,12,1,10,2,12560,1,0,10,0,0,0,TRUST_RESTORED,9,10
S8-0230,PROFILE_512_44,P0_HARD_CUTOVER,R4_CLUSTERED_MEDIUM,A0_NONE,4,24,1,10,2,12560,1,0,10,0,0,0,TRUST_RESTORED,9,10
S8-0231,PROFILE_512_44,P0_HARD_CUTOVER,R4_CLUSTERED_MEDIUM,A0_NONE,4,48,1,10,2,12560,1,0,10,0,0,0,TRUST_RESTORED,9,10
S8-0232,PROFILE_512_44,P0_HARD_CUTOVER,R4_CLUSTERED_MEDIUM,A0_NONE,5,12,1,9,2,12560,1,0,9,0,0,0,TRUST_RESTORED,8,9
S8-0233,PROFILE_512_44,P0_HARD_CUTOVER,R4_CLUSTERED_MEDIUM,A0_NONE,5,24,1,9,2,12560,1,0,9,0,0,0,TRUST_RESTORED,8,9
S8-0234,PROFILE_512_44,P0_HARD_CUTOVER,R4_CLUSTERED_MEDIUM,A0_NONE,5,48,1,9,2,12560,1,0,9,0,0,0,TRUST_RESTORED,8,9
S8-0235,PROFILE_512_44,P0_HARD_CUTOVER,R4_CLUSTERED_MEDIUM,A1_DROP_FIRST_LARGEST_OBJECT_FRAGMENT,0,12,1,1,2,14980,1,0,1,0,0,0,TRUST_RESTORED,1,1
S8-0236,PROFILE_512_44,P0_HARD_CUTOVER,R4_CLUSTERED_MEDIUM,A1_DROP_FIRST_LARGEST_OBJECT_FRAGMENT,0,24,1,1,2,14980,1,0,1,0,0,0,TRUST_RESTORED,1,1
S8-0237,PROFILE_512_44,P0_HARD_CUTOVER,R4_CLUSTERED_MEDIUM,A1_DROP_FIRST_LARGEST_OBJECT_FRAGMENT,0,48,1,1,2,14980,1,0,1,0,0,0,TRUST_RESTORED,1,1
S8-0238,PROFILE_512_44,P0_HARD_CUTOVER,R4_CLUSTERED_MEDIUM,A1_DROP_FIRST_LARGEST_OBJECT_FRAGMENT,1,12,0,,1,8192,0,0,12,0,0,0,INSUFFICIENT_MATERIAL_TRANSFER,,
S8-0239,PROFILE_512_44,P0_HARD_CUTOVER,R4_CLUSTERED_MEDIUM,A1_DROP_FIRST_LARGEST_OBJECT_FRAGMENT,1,24,1,12,2,14980,1,0,12,0,0,0,TRUST_RESTORED,12,12
S8-0240,PROFILE_512_44,P0_HARD_CUTOVER,R4_CLUSTERED_MEDIUM,A1_DROP_FIRST_LARGEST_OBJECT_FRAGMENT,1,48,1,12,2,14980,1,0,12,0,0,0,TRUST_RESTORED,12,12
S8-0241,PROFILE_512_44,P0_HARD_CUTOVER,R4_CLUSTERED_MEDIUM,A1_DROP_FIRST_LARGEST_OBJECT_FRAGMENT,2,12,0,,1,8192,0,0,12,0,0,0,INSUFFICIENT_MATERIAL_TRANSFER,,
S8-0242,PROFILE_512_44,P0_HARD_CUTOVER,R4_CLUSTERED_MEDIUM,A1_DROP_FIRST_LARGEST_OBJECT_FRAGMENT,2,24,1,12,2,14980,1,0,12,0,0,0,TRUST_RESTORED,12,12
S8-0243,PROFILE_512_44,P0_HARD_CUTOVER,R4_CLUSTERED_MEDIUM,A1_DROP_FIRST_LARGEST_OBJECT_FRAGMENT,2,48,1,12,2,14980,1,0,12,0,0,0,TRUST_RESTORED,12,12
S8-0244,PROFILE_512_44,P0_HARD_CUTOVER,R4_CLUSTERED_MEDIUM,A1_DROP_FIRST_LARGEST_OBJECT_FRAGMENT,3,12,1,11,2,14980,1,0,11,0,0,0,TRUST_RESTORED,11,11
S8-0245,PROFILE_512_44,P0_HARD_CUTOVER,R4_CLUSTERED_MEDIUM,A1_DROP_FIRST_LARGEST_OBJECT_FRAGMENT,3,24,1,11,2,14980,1,0,11,0,0,0,TRUST_RESTORED,11,11
S8-0246,PROFILE_512_44,P0_HARD_CUTOVER,R4_CLUSTERED_MEDIUM,A1_DROP_FIRST_LARGEST_OBJECT_FRAGMENT,3,48,1,11,2,14980,1,0,11,0,0,0,TRUST_RESTORED,11,11
S8-0247,PROFILE_512_44,P0_HARD_CUTOVER,R4_CLUSTERED_MEDIUM,A1_DROP_FIRST_LARGEST_OBJECT_FRAGMENT,4,12,1,10,2,14980,1,0,10,0,0,0,TRUST_RESTORED,10,10
S8-0248,PROFILE_512_44,P0_HARD_CUTOVER,R4_CLUSTERED_MEDIUM,A1_DROP_FIRST_LARGEST_OBJECT_FRAGMENT,4,24,1,10,2,14980,1,0,10,0,0,0,TRUST_RESTORED,10,10
S8-0249,PROFILE_512_44,P0_HARD_CUTOVER,R4_CLUSTERED_MEDIUM,A1_DROP_FIRST_LARGEST_OBJECT_FRAGMENT,4,48,1,10,2,14980,1,0,10,0,0,0,TRUST_RESTORED,10,10
S8-0250,PROFILE_512_44,P0_HARD_CUTOVER,R4_CLUSTERED_MEDIUM,A1_DROP_FIRST_LARGEST_OBJECT_FRAGMENT,5,12,1,9,2,14980,1,0,9,0,0,0,TRUST_RESTORED,9,9
S8-0251,PROFILE_512_44,P0_HARD_CUTOVER,R4_CLUSTERED_MEDIUM,A1_DROP_FIRST_LARGEST_OBJECT_FRAGMENT,5,24,1,9,2,14980,1,0,9,0,0,0,TRUST_RESTORED,9,9
S8-0252,PROFILE_512_44,P0_HARD_CUTOVER,R4_CLUSTERED_MEDIUM,A1_DROP_FIRST_LARGEST_OBJECT_FRAGMENT,5,48,1,9,2,14980,1,0,9,0,0,0,TRUST_RESTORED,9,9
S8-0253,PROFILE_512_44,P0_HARD_CUTOVER,R4_CLUSTERED_MEDIUM,A2_DELAY_FIRST_TRANSITION_PROOF_ONE_CONTACT,0,12,1,1,2,12560,1,0,1,0,0,0,TRUST_RESTORED,1,1
S8-0254,PROFILE_512_44,P0_HARD_CUTOVER,R4_CLUSTERED_MEDIUM,A2_DELAY_FIRST_TRANSITION_PROOF_ONE_CONTACT,0,24,1,1,2,12560,1,0,1,0,0,0,TRUST_RESTORED,1,1
S8-0255,PROFILE_512_44,P0_HARD_CUTOVER,R4_CLUSTERED_MEDIUM,A2_DELAY_FIRST_TRANSITION_PROOF_ONE_CONTACT,0,48,1,1,2,12560,1,0,1,0,0,0,TRUST_RESTORED,1,1
S8-0256,PROFILE_512_44,P0_HARD_CUTOVER,R4_CLUSTERED_MEDIUM,A2_DELAY_FIRST_TRANSITION_PROOF_ONE_CONTACT,1,12,0,,1,5300,0,0,12,0,0,0,INSUFFICIENT_MATERIAL_TRANSFER,,
S8-0257,PROFILE_512_44,P0_HARD_CUTOVER,R4_CLUSTERED_MEDIUM,A2_DELAY_FIRST_TRANSITION_PROOF_ONE_CONTACT,1,24,1,12,2,12560,1,0,12,0,0,0,TRUST_RESTORED,12,12
S8-0258,PROFILE_512_44,P0_HARD_CUTOVER,R4_CLUSTERED_MEDIUM,A2_DELAY_FIRST_TRANSITION_PROOF_ONE_CONTACT,1,48,1,12,2,12560,1,0,12,0,0,0,TRUST_RESTORED,12,12
S8-0259,PROFILE_512_44,P0_HARD_CUTOVER,R4_CLUSTERED_MEDIUM,A2_DELAY_FIRST_TRANSITION_PROOF_ONE_CONTACT,2,12,0,,1,5300,0,0,12,0,0,0,INSUFFICIENT_MATERIAL_TRANSFER,,
S8-0260,PROFILE_512_44,P0_HARD_CUTOVER,R4_CLUSTERED_MEDIUM,A2_DELAY_FIRST_TRANSITION_PROOF_ONE_CONTACT,2,24,1,12,2,12560,1,0,12,0,0,0,TRUST_RESTORED,12,12
S8-0261,PROFILE_512_44,P0_HARD_CUTOVER,R4_CLUSTERED_MEDIUM,A2_DELAY_FIRST_TRANSITION_PROOF_ONE_CONTACT,2,48,1,12,2,12560,1,0,12,0,0,0,TRUST_RESTORED,12,12
S8-0262,PROFILE_512_44,P0_HARD_CUTOVER,R4_CLUSTERED_MEDIUM,A2_DELAY_FIRST_TRANSITION_PROOF_ONE_CONTACT,3,12,1,11,2,12560,1,0,11,0,0,0,TRUST_RESTORED,11,11
S8-0263,PROFILE_512_44,P0_HARD_CUTOVER,R4_CLUSTERED_MEDIUM,A2_DELAY_FIRST_TRANSITION_PROOF_ONE_CONTACT,3,24,1,11,2,12560,1,0,11,0,0,0,TRUST_RESTORED,11,11
S8-0264,PROFILE_512_44,P0_HARD_CUTOVER,R4_CLUSTERED_MEDIUM,A2_DELAY_FIRST_TRANSITION_PROOF_ONE_CONTACT,3,48,1,11,2,12560,1,0,11,0,0,0,TRUST_RESTORED,11,11
S8-0265,PROFILE_512_44,P0_HARD_CUTOVER,R4_CLUSTERED_MEDIUM,A2_DELAY_FIRST_TRANSITION_PROOF_ONE_CONTACT,4,12,1,10,2,12560,1,0,10,0,0,0,TRUST_RESTORED,10,10
S8-0266,PROFILE_512_44,P0_HARD_CUTOVER,R4_CLUSTERED_MEDIUM,A2_DELAY_FIRST_TRANSITION_PROOF_ONE_CONTACT,4,24,1,10,2,12560,1,0,10,0,0,0,TRUST_RESTORED,10,10
S8-0267,PROFILE_512_44,P0_HARD_CUTOVER,R4_CLUSTERED_MEDIUM,A2_DELAY_FIRST_TRANSITION_PROOF_ONE_CONTACT,4,48,1,10,2,12560,1,0,10,0,0,0,TRUST_RESTORED,10,10
S8-0268,PROFILE_512_44,P0_HARD_CUTOVER,R4_CLUSTERED_MEDIUM,A2_DELAY_FIRST_TRANSITION_PROOF_ONE_CONTACT,5,12,1,9,2,12560,1,0,9,0,0,0,TRUST_RESTORED,9,9
S8-0269,PROFILE_512_44,P0_HARD_CUTOVER,R4_CLUSTERED_MEDIUM,A2_DELAY_FIRST_TRANSITION_PROOF_ONE_CONTACT,5,24,1,9,2,12560,1,0,9,0,0,0,TRUST_RESTORED,9,9
S8-0270,PROFILE_512_44,P0_HARD_CUTOVER,R4_CLUSTERED_MEDIUM,A2_DELAY_FIRST_TRANSITION_PROOF_ONE_CONTACT,5,48,1,9,2,12560,1,0,9,0,0,0,TRUST_RESTORED,9,9
S8-0271,PROFILE_512_44,P0_HARD_CUTOVER,R4_CLUSTERED_MEDIUM,A3_STALE_EPOCH_REPLAY_AT_COMMIT,0,12,1,1,2,12560,2,0,1,0,0,0,TRUST_RESTORED,0,1
S8-0272,PROFILE_512_44,P0_HARD_CUTOVER,R4_CLUSTERED_MEDIUM,A3_STALE_EPOCH_REPLAY_AT_COMMIT,0,24,1,1,2,12560,2,0,1,0,0,0,TRUST_RESTORED,0,1
S8-0273,PROFILE_512_44,P0_HARD_CUTOVER,R4_CLUSTERED_MEDIUM,A3_STALE_EPOCH_REPLAY_AT_COMMIT,0,48,1,1,2,12560,2,0,1,0,0,0,TRUST_RESTORED,0,1
S8-0274,PROFILE_512_44,P0_HARD_CUTOVER,R4_CLUSTERED_MEDIUM,A3_STALE_EPOCH_REPLAY_AT_COMMIT,1,12,0,,1,7720,1,0,12,0,0,0,INSUFFICIENT_MATERIAL_TRANSFER,0,
S8-0275,PROFILE_512_44,P0_HARD_CUTOVER,R4_CLUSTERED_MEDIUM,A3_STALE_EPOCH_REPLAY_AT_COMMIT,1,24,1,12,2,12560,2,0,12,0,0,0,TRUST_RESTORED,0,12
S8-0276,PROFILE_512_44,P0_HARD_CUTOVER,R4_CLUSTERED_MEDIUM,A3_STALE_EPOCH_REPLAY_AT_COMMIT,1,48,1,12,2,12560,2,0,12,0,0,0,TRUST_RESTORED,0,12
S8-0277,PROFILE_512_44,P0_HARD_CUTOVER,R4_CLUSTERED_MEDIUM,A3_STALE_EPOCH_REPLAY_AT_COMMIT,2,12,0,,1,7720,1,0,12,0,0,0,INSUFFICIENT_MATERIAL_TRANSFER,11,
S8-0278,PROFILE_512_44,P0_HARD_CUTOVER,R4_CLUSTERED_MEDIUM,A3_STALE_EPOCH_REPLAY_AT_COMMIT,2,24,1,12,2,12560,2,0,12,0,0,0,TRUST_RESTORED,11,12
S8-0279,PROFILE_512_44,P0_HARD_CUTOVER,R4_CLUSTERED_MEDIUM,A3_STALE_EPOCH_REPLAY_AT_COMMIT,2,48,1,12,2,12560,2,0,12,0,0,0,TRUST_RESTORED,11,12
S8-0280,PROFILE_512_44,P0_HARD_CUTOVER,R4_CLUSTERED_MEDIUM,A3_STALE_EPOCH_REPLAY_AT_COMMIT,3,12,1,11,2,12560,2,0,11,0,0,0,TRUST_RESTORED,10,11
S8-0281,PROFILE_512_44,P0_HARD_CUTOVER,R4_CLUSTERED_MEDIUM,A3_STALE_EPOCH_REPLAY_AT_COMMIT,3,24,1,11,2,12560,2,0,11,0,0,0,TRUST_RESTORED,10,11
S8-0282,PROFILE_512_44,P0_HARD_CUTOVER,R4_CLUSTERED_MEDIUM,A3_STALE_EPOCH_REPLAY_AT_COMMIT,3,48,1,11,2,12560,2,0,11,0,0,0,TRUST_RESTORED,10,11
S8-0283,PROFILE_512_44,P0_HARD_CUTOVER,R4_CLUSTERED_MEDIUM,A3_STALE_EPOCH_REPLAY_AT_COMMIT,4,12,1,10,2,12560,2,0,10,0,0,0,TRUST_RESTORED,9,10
S8-0284,PROFILE_512_44,P0_HARD_CUTOVER,R4_CLUSTERED_MEDIUM,A3_STALE_EPOCH_REPLAY_AT_COMMIT,4,24,1,10,2,12560,2,0,10,0,0,0,TRUST_RESTORED,9,10
S8-0285,PROFILE_512_44,P0_HARD_CUTOVER,R4_CLUSTERED_MEDIUM,A3_STALE_EPOCH_REPLAY_AT_COMMIT,4,48,1,10,2,12560,2,0,10,0,0,0,TRUST_RESTORED,9,10
S8-0286,PROFILE_512_44,P0_HARD_CUTOVER,R4_CLUSTERED_MEDIUM,A3_STALE_EPOCH_REPLAY_AT_COMMIT,5,12,1,9,2,12560,2,0,9,0,0,0,TRUST_RESTORED,8,9
S8-0287,PROFILE_512_44,P0_HARD_CUTOVER,R4_CLUSTERED_MEDIUM,A3_STALE_EPOCH_REPLAY_AT_COMMIT,5,24,1,9,2,12560,2,0,9,0,0,0,TRUST_RESTORED,8,9
S8-0288,PROFILE_512_44,P0_HARD_CUTOVER,R4_CLUSTERED_MEDIUM,A3_STALE_EPOCH_REPLAY_AT_COMMIT,5,48,1,9,2,12560,2,0,9,0,0,0,TRUST_RESTORED,8,9
S8-0289,PROFILE_512_44,P1_STAGED_CUTOVER,R1_FREQUENT_SMALL,A0_NONE,0,12,1,8,4,12560,1,5,0,0,0,0,TRUST_RESTORED,2,5
S8-0290,PROFILE_512_44,P1_STAGED_CUTOVER,R1_FREQUENT_SMALL,A0_NONE,0,24,1,8,4,12560,1,5,0,0,0,0,TRUST_RESTORED,2,5
S8-0291,PROFILE_512_44,P1_STAGED_CUTOVER,R1_FREQUENT_SMALL,A0_NONE,0,48,1,8,4,12560,1,5,0,0,0,0,TRUST_RESTORED,2,5
S8-0292,PROFILE_512_44,P1_STAGED_CUTOVER,R1_FREQUENT_SMALL,A0_NONE,1,12,1,10,4,12560,1,7,0,0,0,0,TRUST_RESTORED,4,7
S8-0293,PROFILE_512_44,P1_STAGED_CUTOVER,R1_FREQUENT_SMALL,A0_NONE,1,24,1,10,4,12560,1,7,0,0,0,0,TRUST_RESTORED,4,7
S8-0294,PROFILE_512_44,P1_STAGED_CUTOVER,R1_FREQUENT_SMALL,A0_NONE,1,48,1,10,4,12560,1,7,0,0,0,0,TRUST_RESTORED,4,7
S8-0295,PROFILE_512_44,P1_STAGED_CUTOVER,R1_FREQUENT_SMALL,A0_NONE,2,12,1,9,4,12560,1,6,0,0,0,0,TRUST_RESTORED,3,6
S8-0296,PROFILE_512_44,P1_STAGED_CUTOVER,R1_FREQUENT_SMALL,A0_NONE,2,24,1,9,4,12560,1,6,0,0,0,0,TRUST_RESTORED,3,6
S8-0297,PROFILE_512_44,P1_STAGED_CUTOVER,R1_FREQUENT_SMALL,A0_NONE,2,48,1,9,4,12560,1,6,0,0,0,0,TRUST_RESTORED,3,6
S8-0298,PROFILE_512_44,P1_STAGED_CUTOVER,R1_FREQUENT_SMALL,A0_NONE,3,12,1,11,4,12560,1,8,0,0,0,0,TRUST_RESTORED,5,8
S8-0299,PROFILE_512_44,P1_STAGED_CUTOVER,R1_FREQUENT_SMALL,A0_NONE,3,24,1,11,4,12560,1,8,0,0,0,0,TRUST_RESTORED,5,8
S8-0300,PROFILE_512_44,P1_STAGED_CUTOVER,R1_FREQUENT_SMALL,A0_NONE,3,48,1,11,4,12560,1,8,0,0,0,0,TRUST_RESTORED,5,8
S8-0301,PROFILE_512_44,P1_STAGED_CUTOVER,R1_FREQUENT_SMALL,A0_NONE,4,12,1,10,4,12560,1,7,0,0,0,0,TRUST_RESTORED,4,7
S8-0302,PROFILE_512_44,P1_STAGED_CUTOVER,R1_FREQUENT_SMALL,A0_NONE,4,24,1,10,4,12560,1,7,0,0,0,0,TRUST_RESTORED,4,7
S8-0303,PROFILE_512_44,P1_STAGED_CUTOVER,R1_FREQUENT_SMALL,A0_NONE,4,48,1,10,4,12560,1,7,0,0,0,0,TRUST_RESTORED,4,7
S8-0304,PROFILE_512_44,P1_STAGED_CUTOVER,R1_FREQUENT_SMALL,A0_NONE,5,12,1,9,4,12560,1,6,0,0,0,0,TRUST_RESTORED,3,6
S8-0305,PROFILE_512_44,P1_STAGED_CUTOVER,R1_FREQUENT_SMALL,A0_NONE,5,24,1,9,4,12560,1,6,0,0,0,0,TRUST_RESTORED,3,6
S8-0306,PROFILE_512_44,P1_STAGED_CUTOVER,R1_FREQUENT_SMALL,A0_NONE,5,48,1,9,4,12560,1,6,0,0,0,0,TRUST_RESTORED,3,6
S8-0307,PROFILE_512_44,P1_STAGED_CUTOVER,R1_FREQUENT_SMALL,A1_DROP_FIRST_LARGEST_OBJECT_FRAGMENT,0,12,1,8,4,14980,1,8,0,0,0,0,TRUST_RESTORED,5,8
S8-0308,PROFILE_512_44,P1_STAGED_CUTOVER,R1_FREQUENT_SMALL,A1_DROP_FIRST_LARGEST_OBJECT_FRAGMENT,0,24,1,8,4,14980,1,8,0,0,0,0,TRUST_RESTORED,5,8
S8-0309,PROFILE_512_44,P1_STAGED_CUTOVER,R1_FREQUENT_SMALL,A1_DROP_FIRST_LARGEST_OBJECT_FRAGMENT,0,48,1,8,4,14980,1,8,0,0,0,0,TRUST_RESTORED,5,8
S8-0310,PROFILE_512_44,P1_STAGED_CUTOVER,R1_FREQUENT_SMALL,A1_DROP_FIRST_LARGEST_OBJECT_FRAGMENT,1,12,1,10,4,14980,1,10,0,0,0,0,TRUST_RESTORED,7,10
S8-0311,PROFILE_512_44,P1_STAGED_CUTOVER,R1_FREQUENT_SMALL,A1_DROP_FIRST_LARGEST_OBJECT_FRAGMENT,1,24,1,10,4,14980,1,10,0,0,0,0,TRUST_RESTORED,7,10
S8-0312,PROFILE_512_44,P1_STAGED_CUTOVER,R1_FREQUENT_SMALL,A1_DROP_FIRST_LARGEST_OBJECT_FRAGMENT,1,48,1,10,4,14980,1,10,0,0,0,0,TRUST_RESTORED,7,10
S8-0313,PROFILE_512_44,P1_STAGED_CUTOVER,R1_FREQUENT_SMALL,A1_DROP_FIRST_LARGEST_OBJECT_FRAGMENT,2,12,1,9,4,14980,1,9,0,0,0,0,TRUST_RESTORED,6,9
S8-0314,PROFILE_512_44,P1_STAGED_CUTOVER,R1_FREQUENT_SMALL,A1_DROP_FIRST_LARGEST_OBJECT_FRAGMENT,2,24,1,9,4,14980,1,9,0,0,0,0,TRUST_RESTORED,6,9
S8-0315,PROFILE_512_44,P1_STAGED_CUTOVER,R1_FREQUENT_SMALL,A1_DROP_FIRST_LARGEST_OBJECT_FRAGMENT,2,48,1,9,4,14980,1,9,0,0,0,0,TRUST_RESTORED,6,9
S8-0316,PROFILE_512_44,P1_STAGED_CUTOVER,R1_FREQUENT_SMALL,A1_DROP_FIRST_LARGEST_OBJECT_FRAGMENT,3,12,1,11,4,14980,1,11,0,0,0,0,TRUST_RESTORED,8,11
S8-0317,PROFILE_512_44,P1_STAGED_CUTOVER,R1_FREQUENT_SMALL,A1_DROP_FIRST_LARGEST_OBJECT_FRAGMENT,3,24,1,11,4,14980,1,11,0,0,0,0,TRUST_RESTORED,8,11
S8-0318,PROFILE_512_44,P1_STAGED_CUTOVER,R1_FREQUENT_SMALL,A1_DROP_FIRST_LARGEST_OBJECT_FRAGMENT,3,48,1,11,4,14980,1,11,0,0,0,0,TRUST_RESTORED,8,11
S8-0319,PROFILE_512_44,P1_STAGED_CUTOVER,R1_FREQUENT_SMALL,A1_DROP_FIRST_LARGEST_OBJECT_FRAGMENT,4,12,1,10,4,14980,1,10,0,0,0,0,TRUST_RESTORED,7,10
S8-0320,PROFILE_512_44,P1_STAGED_CUTOVER,R1_FREQUENT_SMALL,A1_DROP_FIRST_LARGEST_OBJECT_FRAGMENT,4,24,1,10,4,14980,1,10,0,0,0,0,TRUST_RESTORED,7,10
S8-0321,PROFILE_512_44,P1_STAGED_CUTOVER,R1_FREQUENT_SMALL,A1_DROP_FIRST_LARGEST_OBJECT_FRAGMENT,4,48,1,10,4,14980,1,10,0,0,0,0,TRUST_RESTORED,7,10
S8-0322,PROFILE_512_44,P1_STAGED_CUTOVER,R1_FREQUENT_SMALL,A1_DROP_FIRST_LARGEST_OBJECT_FRAGMENT,5,12,1,9,4,14980,1,9,0,0,0,0,TRUST_RESTORED,6,9
S8-0323,PROFILE_512_44,P1_STAGED_CUTOVER,R1_FREQUENT_SMALL,A1_DROP_FIRST_LARGEST_OBJECT_FRAGMENT,5,24,1,9,4,14980,1,9,0,0,0,0,TRUST_RESTORED,6,9
S8-0324,PROFILE_512_44,P1_STAGED_CUTOVER,R1_FREQUENT_SMALL,A1_DROP_FIRST_LARGEST_OBJECT_FRAGMENT,5,48,1,9,4,14980,1,9,0,0,0,0,TRUST_RESTORED,6,9
S8-0325,PROFILE_512_44,P1_STAGED_CUTOVER,R1_FREQUENT_SMALL,A2_DELAY_FIRST_TRANSITION_PROOF_ONE_CONTACT,0,12,1,8,4,12560,1,8,0,0,0,0,TRUST_RESTORED,5,8
S8-0326,PROFILE_512_44,P1_STAGED_CUTOVER,R1_FREQUENT_SMALL,A2_DELAY_FIRST_TRANSITION_PROOF_ONE_CONTACT,0,24,1,8,4,12560,1,8,0,0,0,0,TRUST_RESTORED,5,8
S8-0327,PROFILE_512_44,P1_STAGED_CUTOVER,R1_FREQUENT_SMALL,A2_DELAY_FIRST_TRANSITION_PROOF_ONE_CONTACT,0,48,1,8,4,12560,1,8,0,0,0,0,TRUST_RESTORED,5,8
S8-0328,PROFILE_512_44,P1_STAGED_CUTOVER,R1_FREQUENT_SMALL,A2_DELAY_FIRST_TRANSITION_PROOF_ONE_CONTACT,1,12,1,10,4,12560,1,10,0,0,0,0,TRUST_RESTORED,7,10
S8-0329,PROFILE_512_44,P1_STAGED_CUTOVER,R1_FREQUENT_SMALL,A2_DELAY_FIRST_TRANSITION_PROOF_ONE_CONTACT,1,24,1,10,4,12560,1,10,0,0,0,0,TRUST_RESTORED,7,10
S8-0330,PROFILE_512_44,P1_STAGED_CUTOVER,R1_FREQUENT_SMALL,A2_DELAY_FIRST_TRANSITION_PROOF_ONE_CONTACT,1,48,1,10,4,12560,1,10,0,0,0,0,TRUST_RESTORED,7,10
S8-0331,PROFILE_512_44,P1_STAGED_CUTOVER,R1_FREQUENT_SMALL,A2_DELAY_FIRST_TRANSITION_PROOF_ONE_CONTACT,2,12,1,9,4,12560,1,9,0,0,0,0,TRUST_RESTORED,6,9
S8-0332,PROFILE_512_44,P1_STAGED_CUTOVER,R1_FREQUENT_SMALL,A2_DELAY_FIRST_TRANSITION_PROOF_ONE_CONTACT,2,24,1,9,4,12560,1,9,0,0,0,0,TRUST_RESTORED,6,9
S8-0333,PROFILE_512_44,P1_STAGED_CUTOVER,R1_FREQUENT_SMALL,A2_DELAY_FIRST_TRANSITION_PROOF_ONE_CONTACT,2,48,1,9,4,12560,1,9,0,0,0,0,TRUST_RESTORED,6,9
S8-0334,PROFILE_512_44,P1_STAGED_CUTOVER,R1_FREQUENT_SMALL,A2_DELAY_FIRST_TRANSITION_PROOF_ONE_CONTACT,3,12,1,11,4,12560,1,11,0,0,0,0,TRUST_RESTORED,8,11
S8-0335,PROFILE_512_44,P1_STAGED_CUTOVER,R1_FREQUENT_SMALL,A2_DELAY_FIRST_TRANSITION_PROOF_ONE_CONTACT,3,24,1,11,4,12560,1,11,0,0,0,0,TRUST_RESTORED,8,11
S8-0336,PROFILE_512_44,P1_STAGED_CUTOVER,R1_FREQUENT_SMALL,A2_DELAY_FIRST_TRANSITION_PROOF_ONE_CONTACT,3,48,1,11,4,12560,1,11,0,0,0,0,TRUST_RESTORED,8,11
S8-0337,PROFILE_512_44,P1_STAGED_CUTOVER,R1_FREQUENT_SMALL,A2_DELAY_FIRST_TRANSITION_PROOF_ONE_CONTACT,4,12,1,10,4,12560,1,10,0,0,0,0,TRUST_RESTORED,7,10
S8-0338,PROFILE_512_44,P1_STAGED_CUTOVER,R1_FREQUENT_SMALL,A2_DELAY_FIRST_TRANSITION_PROOF_ONE_CONTACT,4,24,1,10,4,12560,1,10,0,0,0,0,TRUST_RESTORED,7,10
S8-0339,PROFILE_512_44,P1_STAGED_CUTOVER,R1_FREQUENT_SMALL,A2_DELAY_FIRST_TRANSITION_PROOF_ONE_CONTACT,4,48,1,10,4,12560,1,10,0,0,0,0,TRUST_RESTORED,7,10
S8-0340,PROFILE_512_44,P1_STAGED_CUTOVER,R1_FREQUENT_SMALL,A2_DELAY_FIRST_TRANSITION_PROOF_ONE_CONTACT,5,12,1,9,4,12560,1,9,0,0,0,0,TRUST_RESTORED,6,9
S8-0341,PROFILE_512_44,P1_STAGED_CUTOVER,R1_FREQUENT_SMALL,A2_DELAY_FIRST_TRANSITION_PROOF_ONE_CONTACT,5,24,1,9,4,12560,1,9,0,0,0,0,TRUST_RESTORED,6,9
S8-0342,PROFILE_512_44,P1_STAGED_CUTOVER,R1_FREQUENT_SMALL,A2_DELAY_FIRST_TRANSITION_PROOF_ONE_CONTACT,5,48,1,9,4,12560,1,9,0,0,0,0,TRUST_RESTORED,6,9
S8-0343,PROFILE_512_44,P1_STAGED_CUTOVER,R1_FREQUENT_SMALL,A3_STALE_EPOCH_REPLAY_AT_COMMIT,0,12,1,8,4,12560,2,5,0,0,0,0,TRUST_RESTORED,2,5
S8-0344,PROFILE_512_44,P1_STAGED_CUTOVER,R1_FREQUENT_SMALL,A3_STALE_EPOCH_REPLAY_AT_COMMIT,0,24,1,8,4,12560,2,5,0,0,0,0,TRUST_RESTORED,2,5
S8-0345,PROFILE_512_44,P1_STAGED_CUTOVER,R1_FREQUENT_SMALL,A3_STALE_EPOCH_REPLAY_AT_COMMIT,0,48,1,8,4,12560,2,5,0,0,0,0,TRUST_RESTORED,2,5
S8-0346,PROFILE_512_44,P1_STAGED_CUTOVER,R1_FREQUENT_SMALL,A3_STALE_EPOCH_REPLAY_AT_COMMIT,1,12,1,10,4,12560,2,7,0,0,0,0,TRUST_RESTORED,4,7
S8-0347,PROFILE_512_44,P1_STAGED_CUTOVER,R1_FREQUENT_SMALL,A3_STALE_EPOCH_REPLAY_AT_COMMIT,1,24,1,10,4,12560,2,7,0,0,0,0,TRUST_RESTORED,4,7
S8-0348,PROFILE_512_44,P1_STAGED_CUTOVER,R1_FREQUENT_SMALL,A3_STALE_EPOCH_REPLAY_AT_COMMIT,1,48,1,10,4,12560,2,7,0,0,0,0,TRUST_RESTORED,4,7
S8-0349,PROFILE_512_44,P1_STAGED_CUTOVER,R1_FREQUENT_SMALL,A3_STALE_EPOCH_REPLAY_AT_COMMIT,2,12,1,9,4,12560,2,6,0,0,0,0,TRUST_RESTORED,3,6
S8-0350,PROFILE_512_44,P1_STAGED_CUTOVER,R1_FREQUENT_SMALL,A3_STALE_EPOCH_REPLAY_AT_COMMIT,2,24,1,9,4,12560,2,6,0,0,0,0,TRUST_RESTORED,3,6
S8-0351,PROFILE_512_44,P1_STAGED_CUTOVER,R1_FREQUENT_SMALL,A3_STALE_EPOCH_REPLAY_AT_COMMIT,2,48,1,9,4,12560,2,6,0,0,0,0,TRUST_RESTORED,3,6
S8-0352,PROFILE_512_44,P1_STAGED_CUTOVER,R1_FREQUENT_SMALL,A3_STALE_EPOCH_REPLAY_AT_COMMIT,3,12,1,11,4,12560,2,8,0,0,0,0,TRUST_RESTORED,5,8
S8-0353,PROFILE_512_44,P1_STAGED_CUTOVER,R1_FREQUENT_SMALL,A3_STALE_EPOCH_REPLAY_AT_COMMIT,3,24,1,11,4,12560,2,8,0,0,0,0,TRUST_RESTORED,5,8
S8-0354,PROFILE_512_44,P1_STAGED_CUTOVER,R1_FREQUENT_SMALL,A3_STALE_EPOCH_REPLAY_AT_COMMIT,3,48,1,11,4,12560,2,8,0,0,0,0,TRUST_RESTORED,5,8
S8-0355,PROFILE_512_44,P1_STAGED_CUTOVER,R1_FREQUENT_SMALL,A3_STALE_EPOCH_REPLAY_AT_COMMIT,4,12,1,10,4,12560,2,7,0,0,0,0,TRUST_RESTORED,4,7
S8-0356,PROFILE_512_44,P1_STAGED_CUTOVER,R1_FREQUENT_SMALL,A3_STALE_EPOCH_REPLAY_AT_COMMIT,4,24,1,10,4,12560,2,7,0,0,0,0,TRUST_RESTORED,4,7
S8-0357,PROFILE_512_44,P1_STAGED_CUTOVER,R1_FREQUENT_SMALL,A3_STALE_EPOCH_REPLAY_AT_COMMIT,4,48,1,10,4,12560,2,7,0,0,0,0,TRUST_RESTORED,4,7
S8-0358,PROFILE_512_44,P1_STAGED_CUTOVER,R1_FREQUENT_SMALL,A3_STALE_EPOCH_REPLAY_AT_COMMIT,5,12,1,9,4,12560,2,6,0,0,0,0,TRUST_RESTORED,3,6
S8-0359,PROFILE_512_44,P1_STAGED_CUTOVER,R1_FREQUENT_SMALL,A3_STALE_EPOCH_REPLAY_AT_COMMIT,5,24,1,9,4,12560,2,6,0,0,0,0,TRUST_RESTORED,3,6
S8-0360,PROFILE_512_44,P1_STAGED_CUTOVER,R1_FREQUENT_SMALL,A3_STALE_EPOCH_REPLAY_AT_COMMIT,5,48,1,9,4,12560,2,6,0,0,0,0,TRUST_RESTORED,3,6
S8-0361,PROFILE_512_44,P1_STAGED_CUTOVER,R2_PERIODIC_MEDIUM,A0_NONE,0,12,1,5,2,12560,1,5,0,0,0,0,TRUST_RESTORED,0,5
S8-0362,PROFILE_512_44,P1_STAGED_CUTOVER,R2_PERIODIC_MEDIUM,A0_NONE,0,24,1,5,2,12560,1,5,0,0,0,0,TRUST_RESTORED,0,5
S8-0363,PROFILE_512_44,P1_STAGED_CUTOVER,R2_PERIODIC_MEDIUM,A0_NONE,0,48,1,5,2,12560,1,5,0,0,0,0,TRUST_RESTORED,0,5
S8-0364,PROFILE_512_44,P1_STAGED_CUTOVER,R2_PERIODIC_MEDIUM,A0_NONE,1,12,1,10,2,12560,1,10,0,0,0,0,TRUST_RESTORED,4,10
S8-0365,PROFILE_512_44,P1_STAGED_CUTOVER,R2_PERIODIC_MEDIUM,A0_NONE,1,24,1,10,2,12560,1,10,0,0,0,0,TRUST_RESTORED,4,10
S8-0366,PROFILE_512_44,P1_STAGED_CUTOVER,R2_PERIODIC_MEDIUM,A0_NONE,1,48,1,10,2,12560,1,10,0,0,0,0,TRUST_RESTORED,4,10
S8-0367,PROFILE_512_44,P1_STAGED_CUTOVER,R2_PERIODIC_MEDIUM,A0_NONE,2,12,1,9,2,12560,1,9,0,0,0,0,TRUST_RESTORED,3,9
S8-0368,PROFILE_512_44,P1_STAGED_CUTOVER,R2_PERIODIC_MEDIUM,A0_NONE,2,24,1,9,2,12560,1,9,0,0,0,0,TRUST_RESTORED,3,9
S8-0369,PROFILE_512_44,P1_STAGED_CUTOVER,R2_PERIODIC_MEDIUM,A0_NONE,2,48,1,9,2,12560,1,9,0,0,0,0,TRUST_RESTORED,3,9
S8-0370,PROFILE_512_44,P1_STAGED_CUTOVER,R2_PERIODIC_MEDIUM,A0_NONE,3,12,1,8,2,12560,1,8,0,0,0,0,TRUST_RESTORED,2,8
S8-0371,PROFILE_512_44,P1_STAGED_CUTOVER,R2_PERIODIC_MEDIUM,A0_NONE,3,24,1,8,2,12560,1,8,0,0,0,0,TRUST_RESTORED,2,8
S8-0372,PROFILE_512_44,P1_STAGED_CUTOVER,R2_PERIODIC_MEDIUM,A0_NONE,3,48,1,8,2,12560,1,8,0,0,0,0,TRUST_RESTORED,2,8
S8-0373,PROFILE_512_44,P1_STAGED_CUTOVER,R2_PERIODIC_MEDIUM,A0_NONE,4,12,1,7,2,12560,1,7,0,0,0,0,TRUST_RESTORED,1,7
S8-0374,PROFILE_512_44,P1_STAGED_CUTOVER,R2_PERIODIC_MEDIUM,A0_NONE,4,24,1,7,2,12560,1,7,0,0,0,0,TRUST_RESTORED,1,7
S8-0375,PROFILE_512_44,P1_STAGED_CUTOVER,R2_PERIODIC_MEDIUM,A0_NONE,4,48,1,7,2,12560,1,7,0,0,0,0,TRUST_RESTORED,1,7
S8-0376,PROFILE_512_44,P1_STAGED_CUTOVER,R2_PERIODIC_MEDIUM,A0_NONE,5,12,1,6,2,12560,1,6,0,0,0,0,TRUST_RESTORED,0,6
S8-0377,PROFILE_512_44,P1_STAGED_CUTOVER,R2_PERIODIC_MEDIUM,A0_NONE,5,24,1,6,2,12560,1,6,0,0,0,0,TRUST_RESTORED,0,6
S8-0378,PROFILE_512_44,P1_STAGED_CUTOVER,R2_PERIODIC_MEDIUM,A0_NONE,5,48,1,6,2,12560,1,6,0,0,0,0,TRUST_RESTORED,0,6
S8-0379,PROFILE_512_44,P1_STAGED_CUTOVER,R2_PERIODIC_MEDIUM,A1_DROP_FIRST_LARGEST_OBJECT_FRAGMENT,0,12,1,5,2,14980,1,5,0,0,0,0,TRUST_RESTORED,5,5
S8-0380,PROFILE_512_44,P1_STAGED_CUTOVER,R2_PERIODIC_MEDIUM,A1_DROP_FIRST_LARGEST_OBJECT_FRAGMENT,0,24,1,5,2,14980,1,5,0,0,0,0,TRUST_RESTORED,5,5
S8-0381,PROFILE_512_44,P1_STAGED_CUTOVER,R2_PERIODIC_MEDIUM,A1_DROP_FIRST_LARGEST_OBJECT_FRAGMENT,0,48,1,5,2,14980,1,5,0,0,0,0,TRUST_RESTORED,5,5
S8-0382,PROFILE_512_44,P1_STAGED_CUTOVER,R2_PERIODIC_MEDIUM,A1_DROP_FIRST_LARGEST_OBJECT_FRAGMENT,1,12,1,10,2,14980,1,10,0,0,0,0,TRUST_RESTORED,10,10
S8-0383,PROFILE_512_44,P1_STAGED_CUTOVER,R2_PERIODIC_MEDIUM,A1_DROP_FIRST_LARGEST_OBJECT_FRAGMENT,1,24,1,10,2,14980,1,10,0,0,0,0,TRUST_RESTORED,10,10
S8-0384,PROFILE_512_44,P1_STAGED_CUTOVER,R2_PERIODIC_MEDIUM,A1_DROP_FIRST_LARGEST_OBJECT_FRAGMENT,1,48,1,10,2,14980,1,10,0,0,0,0,TRUST_RESTORED,10,10
S8-0385,PROFILE_512_44,P1_STAGED_CUTOVER,R2_PERIODIC_MEDIUM,A1_DROP_FIRST_LARGEST_OBJECT_FRAGMENT,2,12,1,9,2,14980,1,9,0,0,0,0,TRUST_RESTORED,9,9
S8-0386,PROFILE_512_44,P1_STAGED_CUTOVER,R2_PERIODIC_MEDIUM,A1_DROP_FIRST_LARGEST_OBJECT_FRAGMENT,2,24,1,9,2,14980,1,9,0,0,0,0,TRUST_RESTORED,9,9
S8-0387,PROFILE_512_44,P1_STAGED_CUTOVER,R2_PERIODIC_MEDIUM,A1_DROP_FIRST_LARGEST_OBJECT_FRAGMENT,2,48,1,9,2,14980,1,9,0,0,0,0,TRUST_RESTORED,9,9
S8-0388,PROFILE_512_44,P1_STAGED_CUTOVER,R2_PERIODIC_MEDIUM,A1_DROP_FIRST_LARGEST_OBJECT_FRAGMENT,3,12,1,8,2,14980,1,8,0,0,0,0,TRUST_RESTORED,8,8
S8-0389,PROFILE_512_44,P1_STAGED_CUTOVER,R2_PERIODIC_MEDIUM,A1_DROP_FIRST_LARGEST_OBJECT_FRAGMENT,3,24,1,8,2,14980,1,8,0,0,0,0,TRUST_RESTORED,8,8
S8-0390,PROFILE_512_44,P1_STAGED_CUTOVER,R2_PERIODIC_MEDIUM,A1_DROP_FIRST_LARGEST_OBJECT_FRAGMENT,3,48,1,8,2,14980,1,8,0,0,0,0,TRUST_RESTORED,8,8
S8-0391,PROFILE_512_44,P1_STAGED_CUTOVER,R2_PERIODIC_MEDIUM,A1_DROP_FIRST_LARGEST_OBJECT_FRAGMENT,4,12,1,7,2,14980,1,7,0,0,0,0,TRUST_RESTORED,7,7
S8-0392,PROFILE_512_44,P1_STAGED_CUTOVER,R2_PERIODIC_MEDIUM,A1_DROP_FIRST_LARGEST_OBJECT_FRAGMENT,4,24,1,7,2,14980,1,7,0,0,0,0,TRUST_RESTORED,7,7
S8-0393,PROFILE_512_44,P1_STAGED_CUTOVER,R2_PERIODIC_MEDIUM,A1_DROP_FIRST_LARGEST_OBJECT_FRAGMENT,4,48,1,7,2,14980,1,7,0,0,0,0,TRUST_RESTORED,7,7
S8-0394,PROFILE_512_44,P1_STAGED_CUTOVER,R2_PERIODIC_MEDIUM,A1_DROP_FIRST_LARGEST_OBJECT_FRAGMENT,5,12,1,6,2,14980,1,6,0,0,0,0,TRUST_RESTORED,6,6
S8-0395,PROFILE_512_44,P1_STAGED_CUTOVER,R2_PERIODIC_MEDIUM,A1_DROP_FIRST_LARGEST_OBJECT_FRAGMENT,5,24,1,6,2,14980,1,6,0,0,0,0,TRUST_RESTORED,6,6
S8-0396,PROFILE_512_44,P1_STAGED_CUTOVER,R2_PERIODIC_MEDIUM,A1_DROP_FIRST_LARGEST_OBJECT_FRAGMENT,5,48,1,6,2,14980,1,6,0,0,0,0,TRUST_RESTORED,6,6
S8-0397,PROFILE_512_44,P1_STAGED_CUTOVER,R2_PERIODIC_MEDIUM,A2_DELAY_FIRST_TRANSITION_PROOF_ONE_CONTACT,0,12,1,5,2,12560,1,5,0,0,0,0,TRUST_RESTORED,5,5
S8-0398,PROFILE_512_44,P1_STAGED_CUTOVER,R2_PERIODIC_MEDIUM,A2_DELAY_FIRST_TRANSITION_PROOF_ONE_CONTACT,0,24,1,5,2,12560,1,5,0,0,0,0,TRUST_RESTORED,5,5
S8-0399,PROFILE_512_44,P1_STAGED_CUTOVER,R2_PERIODIC_MEDIUM,A2_DELAY_FIRST_TRANSITION_PROOF_ONE_CONTACT,0,48,1,5,2,12560,1,5,0,0,0,0,TRUST_RESTORED,5,5
S8-0400,PROFILE_512_44,P1_STAGED_CUTOVER,R2_PERIODIC_MEDIUM,A2_DELAY_FIRST_TRANSITION_PROOF_ONE_CONTACT,1,12,1,10,2,12560,1,10,0,0,0,0,TRUST_RESTORED,10,10
S8-0401,PROFILE_512_44,P1_STAGED_CUTOVER,R2_PERIODIC_MEDIUM,A2_DELAY_FIRST_TRANSITION_PROOF_ONE_CONTACT,1,24,1,10,2,12560,1,10,0,0,0,0,TRUST_RESTORED,10,10
S8-0402,PROFILE_512_44,P1_STAGED_CUTOVER,R2_PERIODIC_MEDIUM,A2_DELAY_FIRST_TRANSITION_PROOF_ONE_CONTACT,1,48,1,10,2,12560,1,10,0,0,0,0,TRUST_RESTORED,10,10
S8-0403,PROFILE_512_44,P1_STAGED_CUTOVER,R2_PERIODIC_MEDIUM,A2_DELAY_FIRST_TRANSITION_PROOF_ONE_CONTACT,2,12,1,9,2,12560,1,9,0,0,0,0,TRUST_RESTORED,9,9
S8-0404,PROFILE_512_44,P1_STAGED_CUTOVER,R2_PERIODIC_MEDIUM,A2_DELAY_FIRST_TRANSITION_PROOF_ONE_CONTACT,2,24,1,9,2,12560,1,9,0,0,0,0,TRUST_RESTORED,9,9
S8-0405,PROFILE_512_44,P1_STAGED_CUTOVER,R2_PERIODIC_MEDIUM,A2_DELAY_FIRST_TRANSITION_PROOF_ONE_CONTACT,2,48,1,9,2,12560,1,9,0,0,0,0,TRUST_RESTORED,9,9
S8-0406,PROFILE_512_44,P1_STAGED_CUTOVER,R2_PERIODIC_MEDIUM,A2_DELAY_FIRST_TRANSITION_PROOF_ONE_CONTACT,3,12,1,8,2,12560,1,8,0,0,0,0,TRUST_RESTORED,8,8
S8-0407,PROFILE_512_44,P1_STAGED_CUTOVER,R2_PERIODIC_MEDIUM,A2_DELAY_FIRST_TRANSITION_PROOF_ONE_CONTACT,3,24,1,8,2,12560,1,8,0,0,0,0,TRUST_RESTORED,8,8
S8-0408,PROFILE_512_44,P1_STAGED_CUTOVER,R2_PERIODIC_MEDIUM,A2_DELAY_FIRST_TRANSITION_PROOF_ONE_CONTACT,3,48,1,8,2,12560,1,8,0,0,0,0,TRUST_RESTORED,8,8
S8-0409,PROFILE_512_44,P1_STAGED_CUTOVER,R2_PERIODIC_MEDIUM,A2_DELAY_FIRST_TRANSITION_PROOF_ONE_CONTACT,4,12,1,7,2,12560,1,7,0,0,0,0,TRUST_RESTORED,7,7
S8-0410,PROFILE_512_44,P1_STAGED_CUTOVER,R2_PERIODIC_MEDIUM,A2_DELAY_FIRST_TRANSITION_PROOF_ONE_CONTACT,4,24,1,7,2,12560,1,7,0,0,0,0,TRUST_RESTORED,7,7
S8-0411,PROFILE_512_44,P1_STAGED_CUTOVER,R2_PERIODIC_MEDIUM,A2_DELAY_FIRST_TRANSITION_PROOF_ONE_CONTACT,4,48,1,7,2,12560,1,7,0,0,0,0,TRUST_RESTORED,7,7
S8-0412,PROFILE_512_44,P1_STAGED_CUTOVER,R2_PERIODIC_MEDIUM,A2_DELAY_FIRST_TRANSITION_PROOF_ONE_CONTACT,5,12,1,6,2,12560,1,6,0,0,0,0,TRUST_RESTORED,6,6
S8-0413,PROFILE_512_44,P1_STAGED_CUTOVER,R2_PERIODIC_MEDIUM,A2_DELAY_FIRST_TRANSITION_PROOF_ONE_CONTACT,5,24,1,6,2,12560,1,6,0,0,0,0,TRUST_RESTORED,6,6
S8-0414,PROFILE_512_44,P1_STAGED_CUTOVER,R2_PERIODIC_MEDIUM,A2_DELAY_FIRST_TRANSITION_PROOF_ONE_CONTACT,5,48,1,6,2,12560,1,6,0,0,0,0,TRUST_RESTORED,6,6
S8-0415,PROFILE_512_44,P1_STAGED_CUTOVER,R2_PERIODIC_MEDIUM,A3_STALE_EPOCH_REPLAY_AT_COMMIT,0,12,1,5,2,12560,2,5,0,0,0,0,TRUST_RESTORED,0,5
S8-0416,PROFILE_512_44,P1_STAGED_CUTOVER,R2_PERIODIC_MEDIUM,A3_STALE_EPOCH_REPLAY_AT_COMMIT,0,24,1,5,2,12560,2,5,0,0,0,0,TRUST_RESTORED,0,5
S8-0417,PROFILE_512_44,P1_STAGED_CUTOVER,R2_PERIODIC_MEDIUM,A3_STALE_EPOCH_REPLAY_AT_COMMIT,0,48,1,5,2,12560,2,5,0,0,0,0,TRUST_RESTORED,0,5
S8-0418,PROFILE_512_44,P1_STAGED_CUTOVER,R2_PERIODIC_MEDIUM,A3_STALE_EPOCH_REPLAY_AT_COMMIT,1,12,1,10,2,12560,2,10,0,0,0,0,TRUST_RESTORED,4,10
S8-0419,PROFILE_512_44,P1_STAGED_CUTOVER,R2_PERIODIC_MEDIUM,A3_STALE_EPOCH_REPLAY_AT_COMMIT,1,24,1,10,2,12560,2,10,0,0,0,0,TRUST_RESTORED,4,10
S8-0420,PROFILE_512_44,P1_STAGED_CUTOVER,R2_PERIODIC_MEDIUM,A3_STALE_EPOCH_REPLAY_AT_COMMIT,1,48,1,10,2,12560,2,10,0,0,0,0,TRUST_RESTORED,4,10
S8-0421,PROFILE_512_44,P1_STAGED_CUTOVER,R2_PERIODIC_MEDIUM,A3_STALE_EPOCH_REPLAY_AT_COMMIT,2,12,1,9,2,12560,2,9,0,0,0,0,TRUST_RESTORED,3,9
S8-0422,PROFILE_512_44,P1_STAGED_CUTOVER,R2_PERIODIC_MEDIUM,A3_STALE_EPOCH_REPLAY_AT_COMMIT,2,24,1,9,2,12560,2,9,0,0,0,0,TRUST_RESTORED,3,9
S8-0423,PROFILE_512_44,P1_STAGED_CUTOVER,R2_PERIODIC_MEDIUM,A3_STALE_EPOCH_REPLAY_AT_COMMIT,2,48,1,9,2,12560,2,9,0,0,0,0,TRUST_RESTORED,3,9
S8-0424,PROFILE_512_44,P1_STAGED_CUTOVER,R2_PERIODIC_MEDIUM,A3_STALE_EPOCH_REPLAY_AT_COMMIT,3,12,1,8,2,12560,2,8,0,0,0,0,TRUST_RESTORED,2,8
S8-0425,PROFILE_512_44,P1_STAGED_CUTOVER,R2_PERIODIC_MEDIUM,A3_STALE_EPOCH_REPLAY_AT_COMMIT,3,24,1,8,2,12560,2,8,0,0,0,0,TRUST_RESTORED,2,8
S8-0426,PROFILE_512_44,P1_STAGED_CUTOVER,R2_PERIODIC_MEDIUM,A3_STALE_EPOCH_REPLAY_AT_COMMIT,3,48,1,8,2,12560,2,8,0,0,0,0,TRUST_RESTORED,2,8
S8-0427,PROFILE_512_44,P1_STAGED_CUTOVER,R2_PERIODIC_MEDIUM,A3_STALE_EPOCH_REPLAY_AT_COMMIT,4,12,1,7,2,12560,2,7,0,0,0,0,TRUST_RESTORED,1,7
S8-0428,PROFILE_512_44,P1_STAGED_CUTOVER,R2_PERIODIC_MEDIUM,A3_STALE_EPOCH_REPLAY_AT_COMMIT,4,24,1,7,2,12560,2,7,0,0,0,0,TRUST_RESTORED,1,7
S8-0429,PROFILE_512_44,P1_STAGED_CUTOVER,R2_PERIODIC_MEDIUM,A3_STALE_EPOCH_REPLAY_AT_COMMIT,4,48,1,7,2,12560,2,7,0,0,0,0,TRUST_RESTORED,1,7
S8-0430,PROFILE_512_44,P1_STAGED_CUTOVER,R2_PERIODIC_MEDIUM,A3_STALE_EPOCH_REPLAY_AT_COMMIT,5,12,1,6,2,12560,2,6,0,0,0,0,TRUST_RESTORED,0,6
S8-0431,PROFILE_512_44,P1_STAGED_CUTOVER,R2_PERIODIC_MEDIUM,A3_STALE_EPOCH_REPLAY_AT_COMMIT,5,24,1,6,2,12560,2,6,0,0,0,0,TRUST_RESTORED,0,6
S8-0432,PROFILE_512_44,P1_STAGED_CUTOVER,R2_PERIODIC_MEDIUM,A3_STALE_EPOCH_REPLAY_AT_COMMIT,5,48,1,6,2,12560,2,6,0,0,0,0,TRUST_RESTORED,0,6
S8-0433,PROFILE_512_44,P1_STAGED_CUTOVER,R3_SPARSE_LARGE,A0_NONE,0,12,1,0,1,12560,1,0,0,0,0,0,TRUST_RESTORED,0,0
S8-0434,PROFILE_512_44,P1_STAGED_CUTOVER,R3_SPARSE_LARGE,A0_NONE,0,24,1,0,1,12560,1,0,0,0,0,0,TRUST_RESTORED,0,0
S8-0435,PROFILE_512_44,P1_STAGED_CUTOVER,R3_SPARSE_LARGE,A0_NONE,0,48,1,0,1,12560,1,0,0,0,0,0,TRUST_RESTORED,0,0
S8-0436,PROFILE_512_44,P1_STAGED_CUTOVER,R3_SPARSE_LARGE,A0_NONE,1,12,1,10,1,12560,1,10,0,0,0,0,TRUST_RESTORED,10,10
S8-0437,PROFILE_512_44,P1_STAGED_CUTOVER,R3_SPARSE_LARGE,A0_NONE,1,24,1,10,1,12560,1,10,0,0,0,0,TRUST_RESTORED,10,10
S8-0438,PROFILE_512_44,P1_STAGED_CUTOVER,R3_SPARSE_LARGE,A0_NONE,1,48,1,10,1,12560,1,10,0,0,0,0,TRUST_RESTORED,10,10
S8-0439,PROFILE_512_44,P1_STAGED_CUTOVER,R3_SPARSE_LARGE,A0_NONE,2,12,1,9,1,12560,1,9,0,0,0,0,TRUST_RESTORED,9,9
S8-0440,PROFILE_512_44,P1_STAGED_CUTOVER,R3_SPARSE_LARGE,A0_NONE,2,24,1,9,1,12560,1,9,0,0,0,0,TRUST_RESTORED,9,9
S8-0441,PROFILE_512_44,P1_STAGED_CUTOVER,R3_SPARSE_LARGE,A0_NONE,2,48,1,9,1,12560,1,9,0,0,0,0,TRUST_RESTORED,9,9
S8-0442,PROFILE_512_44,P1_STAGED_CUTOVER,R3_SPARSE_LARGE,A0_NONE,3,12,1,8,1,12560,1,8,0,0,0,0,TRUST_RESTORED,8,8
S8-0443,PROFILE_512_44,P1_STAGED_CUTOVER,R3_SPARSE_LARGE,A0_NONE,3,24,1,8,1,12560,1,8,0,0,0,0,TRUST_RESTORED,8,8
S8-0444,PROFILE_512_44,P1_STAGED_CUTOVER,R3_SPARSE_LARGE,A0_NONE,3,48,1,8,1,12560,1,8,0,0,0,0,TRUST_RESTORED,8,8
S8-0445,PROFILE_512_44,P1_STAGED_CUTOVER,R3_SPARSE_LARGE,A0_NONE,4,12,1,7,1,12560,1,7,0,0,0,0,TRUST_RESTORED,7,7
S8-0446,PROFILE_512_44,P1_STAGED_CUTOVER,R3_SPARSE_LARGE,A0_NONE,4,24,1,7,1,12560,1,7,0,0,0,0,TRUST_RESTORED,7,7
S8-0447,PROFILE_512_44,P1_STAGED_CUTOVER,R3_SPARSE_LARGE,A0_NONE,4,48,1,7,1,12560,1,7,0,0,0,0,TRUST_RESTORED,7,7
S8-0448,PROFILE_512_44,P1_STAGED_CUTOVER,R3_SPARSE_LARGE,A0_NONE,5,12,1,6,1,12560,1,6,0,0,0,0,TRUST_RESTORED,6,6
S8-0449,PROFILE_512_44,P1_STAGED_CUTOVER,R3_SPARSE_LARGE,A0_NONE,5,24,1,6,1,12560,1,6,0,0,0,0,TRUST_RESTORED,6,6
S8-0450,PROFILE_512_44,P1_STAGED_CUTOVER,R3_SPARSE_LARGE,A0_NONE,5,48,1,6,1,12560,1,6,0,0,0,0,TRUST_RESTORED,6,6
S8-0451,PROFILE_512_44,P1_STAGED_CUTOVER,R3_SPARSE_LARGE,A1_DROP_FIRST_LARGEST_OBJECT_FRAGMENT,0,12,1,0,1,14980,1,0,0,0,0,0,TRUST_RESTORED,0,0
S8-0452,PROFILE_512_44,P1_STAGED_CUTOVER,R3_SPARSE_LARGE,A1_DROP_FIRST_LARGEST_OBJECT_FRAGMENT,0,24,1,0,1,14980,1,0,0,0,0,0,TRUST_RESTORED,0,0
S8-0453,PROFILE_512_44,P1_STAGED_CUTOVER,R3_SPARSE_LARGE,A1_DROP_FIRST_LARGEST_OBJECT_FRAGMENT,0,48,1,0,1,14980,1,0,0,0,0,0,TRUST_RESTORED,0,0
S8-0454,PROFILE_512_44,P1_STAGED_CUTOVER,R3_SPARSE_LARGE,A1_DROP_FIRST_LARGEST_OBJECT_FRAGMENT,1,12,1,10,1,14980,1,10,0,0,0,0,TRUST_RESTORED,10,10
S8-0455,PROFILE_512_44,P1_STAGED_CUTOVER,R3_SPARSE_LARGE,A1_DROP_FIRST_LARGEST_OBJECT_FRAGMENT,1,24,1,10,1,14980,1,10,0,0,0,0,TRUST_RESTORED,10,10
S8-0456,PROFILE_512_44,P1_STAGED_CUTOVER,R3_SPARSE_LARGE,A1_DROP_FIRST_LARGEST_OBJECT_FRAGMENT,1,48,1,10,1,14980,1,10,0,0,0,0,TRUST_RESTORED,10,10
S8-0457,PROFILE_512_44,P1_STAGED_CUTOVER,R3_SPARSE_LARGE,A1_DROP_FIRST_LARGEST_OBJECT_FRAGMENT,2,12,1,9,1,14980,1,9,0,0,0,0,TRUST_RESTORED,9,9
S8-0458,PROFILE_512_44,P1_STAGED_CUTOVER,R3_SPARSE_LARGE,A1_DROP_FIRST_LARGEST_OBJECT_FRAGMENT,2,24,1,9,1,14980,1,9,0,0,0,0,TRUST_RESTORED,9,9
S8-0459,PROFILE_512_44,P1_STAGED_CUTOVER,R3_SPARSE_LARGE,A1_DROP_FIRST_LARGEST_OBJECT_FRAGMENT,2,48,1,9,1,14980,1,9,0,0,0,0,TRUST_RESTORED,9,9
S8-0460,PROFILE_512_44,P1_STAGED_CUTOVER,R3_SPARSE_LARGE,A1_DROP_FIRST_LARGEST_OBJECT_FRAGMENT,3,12,1,8,1,14980,1,8,0,0,0,0,TRUST_RESTORED,8,8
S8-0461,PROFILE_512_44,P1_STAGED_CUTOVER,R3_SPARSE_LARGE,A1_DROP_FIRST_LARGEST_OBJECT_FRAGMENT,3,24,1,8,1,14980,1,8,0,0,0,0,TRUST_RESTORED,8,8
S8-0462,PROFILE_512_44,P1_STAGED_CUTOVER,R3_SPARSE_LARGE,A1_DROP_FIRST_LARGEST_OBJECT_FRAGMENT,3,48,1,8,1,14980,1,8,0,0,0,0,TRUST_RESTORED,8,8
S8-0463,PROFILE_512_44,P1_STAGED_CUTOVER,R3_SPARSE_LARGE,A1_DROP_FIRST_LARGEST_OBJECT_FRAGMENT,4,12,1,7,1,14980,1,7,0,0,0,0,TRUST_RESTORED,7,7
S8-0464,PROFILE_512_44,P1_STAGED_CUTOVER,R3_SPARSE_LARGE,A1_DROP_FIRST_LARGEST_OBJECT_FRAGMENT,4,24,1,7,1,14980,1,7,0,0,0,0,TRUST_RESTORED,7,7
S8-0465,PROFILE_512_44,P1_STAGED_CUTOVER,R3_SPARSE_LARGE,A1_DROP_FIRST_LARGEST_OBJECT_FRAGMENT,4,48,1,7,1,14980,1,7,0,0,0,0,TRUST_RESTORED,7,7
S8-0466,PROFILE_512_44,P1_STAGED_CUTOVER,R3_SPARSE_LARGE,A1_DROP_FIRST_LARGEST_OBJECT_FRAGMENT,5,12,1,6,1,14980,1,6,0,0,0,0,TRUST_RESTORED,6,6
S8-0467,PROFILE_512_44,P1_STAGED_CUTOVER,R3_SPARSE_LARGE,A1_DROP_FIRST_LARGEST_OBJECT_FRAGMENT,5,24,1,6,1,14980,1,6,0,0,0,0,TRUST_RESTORED,6,6
S8-0468,PROFILE_512_44,P1_STAGED_CUTOVER,R3_SPARSE_LARGE,A1_DROP_FIRST_LARGEST_OBJECT_FRAGMENT,5,48,1,6,1,14980,1,6,0,0,0,0,TRUST_RESTORED,6,6
S8-0469,PROFILE_512_44,P1_STAGED_CUTOVER,R3_SPARSE_LARGE,A2_DELAY_FIRST_TRANSITION_PROOF_ONE_CONTACT,0,12,1,11,2,12560,1,11,0,0,0,0,TRUST_RESTORED,11,11
S8-0470,PROFILE_512_44,P1_STAGED_CUTOVER,R3_SPARSE_LARGE,A2_DELAY_FIRST_TRANSITION_PROOF_ONE_CONTACT,0,24,1,11,2,12560,1,11,0,0,0,0,TRUST_RESTORED,11,11
S8-0471,PROFILE_512_44,P1_STAGED_CUTOVER,R3_SPARSE_LARGE,A2_DELAY_FIRST_TRANSITION_PROOF_ONE_CONTACT,0,48,1,11,2,12560,1,11,0,0,0,0,TRUST_RESTORED,11,11
S8-0472,PROFILE_512_44,P1_STAGED_CUTOVER,R3_SPARSE_LARGE,A2_DELAY_FIRST_TRANSITION_PROOF_ONE_CONTACT,1,12,0,,1,5300,0,12,0,0,0,0,INSUFFICIENT_MATERIAL_TRANSFER,,
S8-0473,PROFILE_512_44,P1_STAGED_CUTOVER,R3_SPARSE_LARGE,A2_DELAY_FIRST_TRANSITION_PROOF_ONE_CONTACT,1,24,1,22,2,12560,1,22,0,0,0,0,TRUST_RESTORED,22,22
S8-0474,PROFILE_512_44,P1_STAGED_CUTOVER,R3_SPARSE_LARGE,A2_DELAY_FIRST_TRANSITION_PROOF_ONE_CONTACT,1,48,1,22,2,12560,1,22,0,0,0,0,TRUST_RESTORED,22,22
S8-0475,PROFILE_512_44,P1_STAGED_CUTOVER,R3_SPARSE_LARGE,A2_DELAY_FIRST_TRANSITION_PROOF_ONE_CONTACT,2,12,0,,1,5300,0,12,0,0,0,0,INSUFFICIENT_MATERIAL_TRANSFER,,
S8-0476,PROFILE_512_44,P1_STAGED_CUTOVER,R3_SPARSE_LARGE,A2_DELAY_FIRST_TRANSITION_PROOF_ONE_CONTACT,2,24,1,21,2,12560,1,21,0,0,0,0,TRUST_RESTORED,21,21
S8-0477,PROFILE_512_44,P1_STAGED_CUTOVER,R3_SPARSE_LARGE,A2_DELAY_FIRST_TRANSITION_PROOF_ONE_CONTACT,2,48,1,21,2,12560,1,21,0,0,0,0,TRUST_RESTORED,21,21
S8-0478,PROFILE_512_44,P1_STAGED_CUTOVER,R3_SPARSE_LARGE,A2_DELAY_FIRST_TRANSITION_PROOF_ONE_CONTACT,3,12,0,,1,5300,0,12,0,0,0,0,INSUFFICIENT_MATERIAL_TRANSFER,,
S8-0479,PROFILE_512_44,P1_STAGED_CUTOVER,R3_SPARSE_LARGE,A2_DELAY_FIRST_TRANSITION_PROOF_ONE_CONTACT,3,24,1,20,2,12560,1,20,0,0,0,0,TRUST_RESTORED,20,20
S8-0480,PROFILE_512_44,P1_STAGED_CUTOVER,R3_SPARSE_LARGE,A2_DELAY_FIRST_TRANSITION_PROOF_ONE_CONTACT,3,48,1,20,2,12560,1,20,0,0,0,0,TRUST_RESTORED,20,20
S8-0481,PROFILE_512_44,P1_STAGED_CUTOVER,R3_SPARSE_LARGE,A2_DELAY_FIRST_TRANSITION_PROOF_ONE_CONTACT,4,12,0,,1,5300,0,12,0,0,0,0,INSUFFICIENT_MATERIAL_TRANSFER,,
S8-0482,PROFILE_512_44,P1_STAGED_CUTOVER,R3_SPARSE_LARGE,A2_DELAY_FIRST_TRANSITION_PROOF_ONE_CONTACT,4,24,1,19,2,12560,1,19,0,0,0,0,TRUST_RESTORED,19,19
S8-0483,PROFILE_512_44,P1_STAGED_CUTOVER,R3_SPARSE_LARGE,A2_DELAY_FIRST_TRANSITION_PROOF_ONE_CONTACT,4,48,1,19,2,12560,1,19,0,0,0,0,TRUST_RESTORED,19,19
S8-0484,PROFILE_512_44,P1_STAGED_CUTOVER,R3_SPARSE_LARGE,A2_DELAY_FIRST_TRANSITION_PROOF_ONE_CONTACT,5,12,0,,1,5300,0,12,0,0,0,0,INSUFFICIENT_MATERIAL_TRANSFER,,
S8-0485,PROFILE_512_44,P1_STAGED_CUTOVER,R3_SPARSE_LARGE,A2_DELAY_FIRST_TRANSITION_PROOF_ONE_CONTACT,5,24,1,18,2,12560,1,18,0,0,0,0,TRUST_RESTORED,18,18
S8-0486,PROFILE_512_44,P1_STAGED_CUTOVER,R3_SPARSE_LARGE,A2_DELAY_FIRST_TRANSITION_PROOF_ONE_CONTACT,5,48,1,18,2,12560,1,18,0,0,0,0,TRUST_RESTORED,18,18
S8-0487,PROFILE_512_44,P1_STAGED_CUTOVER,R3_SPARSE_LARGE,A3_STALE_EPOCH_REPLAY_AT_COMMIT,0,12,1,11,2,12560,2,11,0,0,0,0,TRUST_RESTORED,0,11
S8-0488,PROFILE_512_44,P1_STAGED_CUTOVER,R3_SPARSE_LARGE,A3_STALE_EPOCH_REPLAY_AT_COMMIT,0,24,1,11,2,12560,2,11,0,0,0,0,TRUST_RESTORED,0,11
S8-0489,PROFILE_512_44,P1_STAGED_CUTOVER,R3_SPARSE_LARGE,A3_STALE_EPOCH_REPLAY_AT_COMMIT,0,48,1,11,2,12560,2,11,0,0,0,0,TRUST_RESTORED,0,11
S8-0490,PROFILE_512_44,P1_STAGED_CUTOVER,R3_SPARSE_LARGE,A3_STALE_EPOCH_REPLAY_AT_COMMIT,1,12,0,,1,7720,1,12,0,0,0,0,INSUFFICIENT_MATERIAL_TRANSFER,10,
S8-0491,PROFILE_512_44,P1_STAGED_CUTOVER,R3_SPARSE_LARGE,A3_STALE_EPOCH_REPLAY_AT_COMMIT,1,24,1,22,2,12560,2,22,0,0,0,0,TRUST_RESTORED,10,22
S8-0492,PROFILE_512_44,P1_STAGED_CUTOVER,R3_SPARSE_LARGE,A3_STALE_EPOCH_REPLAY_AT_COMMIT,1,48,1,22,2,12560,2,22,0,0,0,0,TRUST_RESTORED,10,22
S8-0493,PROFILE_512_44,P1_STAGED_CUTOVER,R3_SPARSE_LARGE,A3_STALE_EPOCH_REPLAY_AT_COMMIT,2,12,0,,1,7720,1,12,0,0,0,0,INSUFFICIENT_MATERIAL_TRANSFER,9,
S8-0494,PROFILE_512_44,P1_STAGED_CUTOVER,R3_SPARSE_LARGE,A3_STALE_EPOCH_REPLAY_AT_COMMIT,2,24,1,21,2,12560,2,21,0,0,0,0,TRUST_RESTORED,9,21
S8-0495,PROFILE_512_44,P1_STAGED_CUTOVER,R3_SPARSE_LARGE,A3_STALE_EPOCH_REPLAY_AT_COMMIT,2,48,1,21,2,12560,2,21,0,0,0,0,TRUST_RESTORED,9,21
S8-0496,PROFILE_512_44,P1_STAGED_CUTOVER,R3_SPARSE_LARGE,A3_STALE_EPOCH_REPLAY_AT_COMMIT,3,12,0,,1,7720,1,12,0,0,0,0,INSUFFICIENT_MATERIAL_TRANSFER,8,
S8-0497,PROFILE_512_44,P1_STAGED_CUTOVER,R3_SPARSE_LARGE,A3_STALE_EPOCH_REPLAY_AT_COMMIT,3,24,1,20,2,12560,2,20,0,0,0,0,TRUST_RESTORED,8,20
S8-0498,PROFILE_512_44,P1_STAGED_CUTOVER,R3_SPARSE_LARGE,A3_STALE_EPOCH_REPLAY_AT_COMMIT,3,48,1,20,2,12560,2,20,0,0,0,0,TRUST_RESTORED,8,20
S8-0499,PROFILE_512_44,P1_STAGED_CUTOVER,R3_SPARSE_LARGE,A3_STALE_EPOCH_REPLAY_AT_COMMIT,4,12,0,,1,7720,1,12,0,0,0,0,INSUFFICIENT_MATERIAL_TRANSFER,7,
S8-0500,PROFILE_512_44,P1_STAGED_CUTOVER,R3_SPARSE_LARGE,A3_STALE_EPOCH_REPLAY_AT_COMMIT,4,24,1,19,2,12560,2,19,0,0,0,0,TRUST_RESTORED,7,19
S8-0501,PROFILE_512_44,P1_STAGED_CUTOVER,R3_SPARSE_LARGE,A3_STALE_EPOCH_REPLAY_AT_COMMIT,4,48,1,19,2,12560,2,19,0,0,0,0,TRUST_RESTORED,7,19
S8-0502,PROFILE_512_44,P1_STAGED_CUTOVER,R3_SPARSE_LARGE,A3_STALE_EPOCH_REPLAY_AT_COMMIT,5,12,0,,1,7720,1,12,0,0,0,0,INSUFFICIENT_MATERIAL_TRANSFER,6,
S8-0503,PROFILE_512_44,P1_STAGED_CUTOVER,R3_SPARSE_LARGE,A3_STALE_EPOCH_REPLAY_AT_COMMIT,5,24,1,18,2,12560,2,18,0,0,0,0,TRUST_RESTORED,6,18
S8-0504,PROFILE_512_44,P1_STAGED_CUTOVER,R3_SPARSE_LARGE,A3_STALE_EPOCH_REPLAY_AT_COMMIT,5,48,1,18,2,12560,2,18,0,0,0,0,TRUST_RESTORED,6,18
S8-0505,PROFILE_512_44,P1_STAGED_CUTOVER,R4_CLUSTERED_MEDIUM,A0_NONE,0,12,1,1,2,12560,1,1,0,0,0,0,TRUST_RESTORED,0,1
S8-0506,PROFILE_512_44,P1_STAGED_CUTOVER,R4_CLUSTERED_MEDIUM,A0_NONE,0,24,1,1,2,12560,1,1,0,0,0,0,TRUST_RESTORED,0,1
S8-0507,PROFILE_512_44,P1_STAGED_CUTOVER,R4_CLUSTERED_MEDIUM,A0_NONE,0,48,1,1,2,12560,1,1,0,0,0,0,TRUST_RESTORED,0,1
S8-0508,PROFILE_512_44,P1_STAGED_CUTOVER,R4_CLUSTERED_MEDIUM,A0_NONE,1,12,0,,1,8192,0,12,0,0,0,0,INSUFFICIENT_MATERIAL_TRANSFER,0,
S8-0509,PROFILE_512_44,P1_STAGED_CUTOVER,R4_CLUSTERED_MEDIUM,A0_NONE,1,24,1,12,2,12560,1,12,0,0,0,0,TRUST_RESTORED,0,12
S8-0510,PROFILE_512_44,P1_STAGED_CUTOVER,R4_CLUSTERED_MEDIUM,A0_NONE,1,48,1,12,2,12560,1,12,0,0,0,0,TRUST_RESTORED,0,12
S8-0511,PROFILE_512_44,P1_STAGED_CUTOVER,R4_CLUSTERED_MEDIUM,A0_NONE,2,12,0,,1,8192,0,12,0,0,0,0,INSUFFICIENT_MATERIAL_TRANSFER,11,
S8-0512,PROFILE_512_44,P1_STAGED_CUTOVER,R4_CLUSTERED_MEDIUM,A0_NONE,2,24,1,12,2,12560,1,12,0,0,0,0,TRUST_RESTORED,11,12
S8-0513,PROFILE_512_44,P1_STAGED_CUTOVER,R4_CLUSTERED_MEDIUM,A0_NONE,2,48,1,12,2,12560,1,12,0,0,0,0,TRUST_RESTORED,11,12
S8-0514,PROFILE_512_44,P1_STAGED_CUTOVER,R4_CLUSTERED_MEDIUM,A0_NONE,3,12,1,11,2,12560,1,11,0,0,0,0,TRUST_RESTORED,10,11
S8-0515,PROFILE_512_44,P1_STAGED_CUTOVER,R4_CLUSTERED_MEDIUM,A0_NONE,3,24,1,11,2,12560,1,11,0,0,0,0,TRUST_RESTORED,10,11
S8-0516,PROFILE_512_44,P1_STAGED_CUTOVER,R4_CLUSTERED_MEDIUM,A0_NONE,3,48,1,11,2,12560,1,11,0,0,0,0,TRUST_RESTORED,10,11
S8-0517,PROFILE_512_44,P1_STAGED_CUTOVER,R4_CLUSTERED_MEDIUM,A0_NONE,4,12,1,10,2,12560,1,10,0,0,0,0,TRUST_RESTORED,9,10
S8-0518,PROFILE_512_44,P1_STAGED_CUTOVER,R4_CLUSTERED_MEDIUM,A0_NONE,4,24,1,10,2,12560,1,10,0,0,0,0,TRUST_RESTORED,9,10
S8-0519,PROFILE_512_44,P1_STAGED_CUTOVER,R4_CLUSTERED_MEDIUM,A0_NONE,4,48,1,10,2,12560,1,10,0,0,0,0,TRUST_RESTORED,9,10
S8-0520,PROFILE_512_44,P1_STAGED_CUTOVER,R4_CLUSTERED_MEDIUM,A0_NONE,5,12,1,9,2,12560,1,9,0,0,0,0,TRUST_RESTORED,8,9
S8-0521,PROFILE_512_44,P1_STAGED_CUTOVER,R4_CLUSTERED_MEDIUM,A0_NONE,5,24,1,9,2,12560,1,9,0,0,0,0,TRUST_RESTORED,8,9
S8-0522,PROFILE_512_44,P1_STAGED_CUTOVER,R4_CLUSTERED_MEDIUM,A0_NONE,5,48,1,9,2,12560,1,9,0,0,0,0,TRUST_RESTORED,8,9
S8-0523,PROFILE_512_44,P1_STAGED_CUTOVER,R4_CLUSTERED_MEDIUM,A1_DROP_FIRST_LARGEST_OBJECT_FRAGMENT,0,12,1,1,2,14980,1,1,0,0,0,0,TRUST_RESTORED,1,1
S8-0524,PROFILE_512_44,P1_STAGED_CUTOVER,R4_CLUSTERED_MEDIUM,A1_DROP_FIRST_LARGEST_OBJECT_FRAGMENT,0,24,1,1,2,14980,1,1,0,0,0,0,TRUST_RESTORED,1,1
S8-0525,PROFILE_512_44,P1_STAGED_CUTOVER,R4_CLUSTERED_MEDIUM,A1_DROP_FIRST_LARGEST_OBJECT_FRAGMENT,0,48,1,1,2,14980,1,1,0,0,0,0,TRUST_RESTORED,1,1
S8-0526,PROFILE_512_44,P1_STAGED_CUTOVER,R4_CLUSTERED_MEDIUM,A1_DROP_FIRST_LARGEST_OBJECT_FRAGMENT,1,12,0,,1,8192,0,12,0,0,0,0,INSUFFICIENT_MATERIAL_TRANSFER,,
S8-0527,PROFILE_512_44,P1_STAGED_CUTOVER,R4_CLUSTERED_MEDIUM,A1_DROP_FIRST_LARGEST_OBJECT_FRAGMENT,1,24,1,12,2,14980,1,12,0,0,0,0,TRUST_RESTORED,12,12
S8-0528,PROFILE_512_44,P1_STAGED_CUTOVER,R4_CLUSTERED_MEDIUM,A1_DROP_FIRST_LARGEST_OBJECT_FRAGMENT,1,48,1,12,2,14980,1,12,0,0,0,0,TRUST_RESTORED,12,12
S8-0529,PROFILE_512_44,P1_STAGED_CUTOVER,R4_CLUSTERED_MEDIUM,A1_DROP_FIRST_LARGEST_OBJECT_FRAGMENT,2,12,0,,1,8192,0,12,0,0,0,0,INSUFFICIENT_MATERIAL_TRANSFER,,
S8-0530,PROFILE_512_44,P1_STAGED_CUTOVER,R4_CLUSTERED_MEDIUM,A1_DROP_FIRST_LARGEST_OBJECT_FRAGMENT,2,24,1,12,2,14980,1,12,0,0,0,0,TRUST_RESTORED,12,12
S8-0531,PROFILE_512_44,P1_STAGED_CUTOVER,R4_CLUSTERED_MEDIUM,A1_DROP_FIRST_LARGEST_OBJECT_FRAGMENT,2,48,1,12,2,14980,1,12,0,0,0,0,TRUST_RESTORED,12,12
S8-0532,PROFILE_512_44,P1_STAGED_CUTOVER,R4_CLUSTERED_MEDIUM,A1_DROP_FIRST_LARGEST_OBJECT_FRAGMENT,3,12,1,11,2,14980,1,11,0,0,0,0,TRUST_RESTORED,11,11
S8-0533,PROFILE_512_44,P1_STAGED_CUTOVER,R4_CLUSTERED_MEDIUM,A1_DROP_FIRST_LARGEST_OBJECT_FRAGMENT,3,24,1,11,2,14980,1,11,0,0,0,0,TRUST_RESTORED,11,11
S8-0534,PROFILE_512_44,P1_STAGED_CUTOVER,R4_CLUSTERED_MEDIUM,A1_DROP_FIRST_LARGEST_OBJECT_FRAGMENT,3,48,1,11,2,14980,1,11,0,0,0,0,TRUST_RESTORED,11,11
S8-0535,PROFILE_512_44,P1_STAGED_CUTOVER,R4_CLUSTERED_MEDIUM,A1_DROP_FIRST_LARGEST_OBJECT_FRAGMENT,4,12,1,10,2,14980,1,10,0,0,0,0,TRUST_RESTORED,10,10
S8-0536,PROFILE_512_44,P1_STAGED_CUTOVER,R4_CLUSTERED_MEDIUM,A1_DROP_FIRST_LARGEST_OBJECT_FRAGMENT,4,24,1,10,2,14980,1,10,0,0,0,0,TRUST_RESTORED,10,10
S8-0537,PROFILE_512_44,P1_STAGED_CUTOVER,R4_CLUSTERED_MEDIUM,A1_DROP_FIRST_LARGEST_OBJECT_FRAGMENT,4,48,1,10,2,14980,1,10,0,0,0,0,TRUST_RESTORED,10,10
S8-0538,PROFILE_512_44,P1_STAGED_CUTOVER,R4_CLUSTERED_MEDIUM,A1_DROP_FIRST_LARGEST_OBJECT_FRAGMENT,5,12,1,9,2,14980,1,9,0,0,0,0,TRUST_RESTORED,9,9
S8-0539,PROFILE_512_44,P1_STAGED_CUTOVER,R4_CLUSTERED_MEDIUM,A1_DROP_FIRST_LARGEST_OBJECT_FRAGMENT,5,24,1,9,2,14980,1,9,0,0,0,0,TRUST_RESTORED,9,9
S8-0540,PROFILE_512_44,P1_STAGED_CUTOVER,R4_CLUSTERED_MEDIUM,A1_DROP_FIRST_LARGEST_OBJECT_FRAGMENT,5,48,1,9,2,14980,1,9,0,0,0,0,TRUST_RESTORED,9,9
S8-0541,PROFILE_512_44,P1_STAGED_CUTOVER,R4_CLUSTERED_MEDIUM,A2_DELAY_FIRST_TRANSITION_PROOF_ONE_CONTACT,0,12,1,1,2,12560,1,1,0,0,0,0,TRUST_RESTORED,1,1
S8-0542,PROFILE_512_44,P1_STAGED_CUTOVER,R4_CLUSTERED_MEDIUM,A2_DELAY_FIRST_TRANSITION_PROOF_ONE_CONTACT,0,24,1,1,2,12560,1,1,0,0,0,0,TRUST_RESTORED,1,1
S8-0543,PROFILE_512_44,P1_STAGED_CUTOVER,R4_CLUSTERED_MEDIUM,A2_DELAY_FIRST_TRANSITION_PROOF_ONE_CONTACT,0,48,1,1,2,12560,1,1,0,0,0,0,TRUST_RESTORED,1,1
S8-0544,PROFILE_512_44,P1_STAGED_CUTOVER,R4_CLUSTERED_MEDIUM,A2_DELAY_FIRST_TRANSITION_PROOF_ONE_CONTACT,1,12,0,,1,5300,0,12,0,0,0,0,INSUFFICIENT_MATERIAL_TRANSFER,,
S8-0545,PROFILE_512_44,P1_STAGED_CUTOVER,R4_CLUSTERED_MEDIUM,A2_DELAY_FIRST_TRANSITION_PROOF_ONE_CONTACT,1,24,1,12,2,12560,1,12,0,0,0,0,TRUST_RESTORED,12,12
S8-0546,PROFILE_512_44,P1_STAGED_CUTOVER,R4_CLUSTERED_MEDIUM,A2_DELAY_FIRST_TRANSITION_PROOF_ONE_CONTACT,1,48,1,12,2,12560,1,12,0,0,0,0,TRUST_RESTORED,12,12
S8-0547,PROFILE_512_44,P1_STAGED_CUTOVER,R4_CLUSTERED_MEDIUM,A2_DELAY_FIRST_TRANSITION_PROOF_ONE_CONTACT,2,12,0,,1,5300,0,12,0,0,0,0,INSUFFICIENT_MATERIAL_TRANSFER,,
S8-0548,PROFILE_512_44,P1_STAGED_CUTOVER,R4_CLUSTERED_MEDIUM,A2_DELAY_FIRST_TRANSITION_PROOF_ONE_CONTACT,2,24,1,12,2,12560,1,12,0,0,0,0,TRUST_RESTORED,12,12
S8-0549,PROFILE_512_44,P1_STAGED_CUTOVER,R4_CLUSTERED_MEDIUM,A2_DELAY_FIRST_TRANSITION_PROOF_ONE_CONTACT,2,48,1,12,2,12560,1,12,0,0,0,0,TRUST_RESTORED,12,12
S8-0550,PROFILE_512_44,P1_STAGED_CUTOVER,R4_CLUSTERED_MEDIUM,A2_DELAY_FIRST_TRANSITION_PROOF_ONE_CONTACT,3,12,1,11,2,12560,1,11,0,0,0,0,TRUST_RESTORED,11,11
S8-0551,PROFILE_512_44,P1_STAGED_CUTOVER,R4_CLUSTERED_MEDIUM,A2_DELAY_FIRST_TRANSITION_PROOF_ONE_CONTACT,3,24,1,11,2,12560,1,11,0,0,0,0,TRUST_RESTORED,11,11
S8-0552,PROFILE_512_44,P1_STAGED_CUTOVER,R4_CLUSTERED_MEDIUM,A2_DELAY_FIRST_TRANSITION_PROOF_ONE_CONTACT,3,48,1,11,2,12560,1,11,0,0,0,0,TRUST_RESTORED,11,11
S8-0553,PROFILE_512_44,P1_STAGED_CUTOVER,R4_CLUSTERED_MEDIUM,A2_DELAY_FIRST_TRANSITION_PROOF_ONE_CONTACT,4,12,1,10,2,12560,1,10,0,0,0,0,TRUST_RESTORED,10,10
S8-0554,PROFILE_512_44,P1_STAGED_CUTOVER,R4_CLUSTERED_MEDIUM,A2_DELAY_FIRST_TRANSITION_PROOF_ONE_CONTACT,4,24,1,10,2,12560,1,10,0,0,0,0,TRUST_RESTORED,10,10
S8-0555,PROFILE_512_44,P1_STAGED_CUTOVER,R4_CLUSTERED_MEDIUM,A2_DELAY_FIRST_TRANSITION_PROOF_ONE_CONTACT,4,48,1,10,2,12560,1,10,0,0,0,0,TRUST_RESTORED,10,10
S8-0556,PROFILE_512_44,P1_STAGED_CUTOVER,R4_CLUSTERED_MEDIUM,A2_DELAY_FIRST_TRANSITION_PROOF_ONE_CONTACT,5,12,1,9,2,12560,1,9,0,0,0,0,TRUST_RESTORED,9,9
S8-0557,PROFILE_512_44,P1_STAGED_CUTOVER,R4_CLUSTERED_MEDIUM,A2_DELAY_FIRST_TRANSITION_PROOF_ONE_CONTACT,5,24,1,9,2,12560,1,9,0,0,0,0,TRUST_RESTORED,9,9
S8-0558,PROFILE_512_44,P1_STAGED_CUTOVER,R4_CLUSTERED_MEDIUM,A2_DELAY_FIRST_TRANSITION_PROOF_ONE_CONTACT,5,48,1,9,2,12560,1,9,0,0,0,0,TRUST_RESTORED,9,9
S8-0559,PROFILE_512_44,P1_STAGED_CUTOVER,R4_CLUSTERED_MEDIUM,A3_STALE_EPOCH_REPLAY_AT_COMMIT,0,12,1,1,2,12560,2,1,0,0,0,0,TRUST_RESTORED,0,1
S8-0560,PROFILE_512_44,P1_STAGED_CUTOVER,R4_CLUSTERED_MEDIUM,A3_STALE_EPOCH_REPLAY_AT_COMMIT,0,24,1,1,2,12560,2,1,0,0,0,0,TRUST_RESTORED,0,1
S8-0561,PROFILE_512_44,P1_STAGED_CUTOVER,R4_CLUSTERED_MEDIUM,A3_STALE_EPOCH_REPLAY_AT_COMMIT,0,48,1,1,2,12560,2,1,0,0,0,0,TRUST_RESTORED,0,1
S8-0562,PROFILE_512_44,P1_STAGED_CUTOVER,R4_CLUSTERED_MEDIUM,A3_STALE_EPOCH_REPLAY_AT_COMMIT,1,12,0,,1,7720,1,12,0,0,0,0,INSUFFICIENT_MATERIAL_TRANSFER,0,
S8-0563,PROFILE_512_44,P1_STAGED_CUTOVER,R4_CLUSTERED_MEDIUM,A3_STALE_EPOCH_REPLAY_AT_COMMIT,1,24,1,12,2,12560,2,12,0,0,0,0,TRUST_RESTORED,0,12
S8-0564,PROFILE_512_44,P1_STAGED_CUTOVER,R4_CLUSTERED_MEDIUM,A3_STALE_EPOCH_REPLAY_AT_COMMIT,1,48,1,12,2,12560,2,12,0,0,0,0,TRUST_RESTORED,0,12
S8-0565,PROFILE_512_44,P1_STAGED_CUTOVER,R4_CLUSTERED_MEDIUM,A3_STALE_EPOCH_REPLAY_AT_COMMIT,2,12,0,,1,7720,1,12,0,0,0,0,INSUFFICIENT_MATERIAL_TRANSFER,11,
S8-0566,PROFILE_512_44,P1_STAGED_CUTOVER,R4_CLUSTERED_MEDIUM,A3_STALE_EPOCH_REPLAY_AT_COMMIT,2,24,1,12,2,12560,2,12,0,0,0,0,TRUST_RESTORED,11,12
S8-0567,PROFILE_512_44,P1_STAGED_CUTOVER,R4_CLUSTERED_MEDIUM,A3_STALE_EPOCH_REPLAY_AT_COMMIT,2,48,1,12,2,12560,2,12,0,0,0,0,TRUST_RESTORED,11,12
S8-0568,PROFILE_512_44,P1_STAGED_CUTOVER,R4_CLUSTERED_MEDIUM,A3_STALE_EPOCH_REPLAY_AT_COMMIT,3,12,1,11,2,12560,2,11,0,0,0,0,TRUST_RESTORED,10,11
S8-0569,PROFILE_512_44,P1_STAGED_CUTOVER,R4_CLUSTERED_MEDIUM,A3_STALE_EPOCH_REPLAY_AT_COMMIT,3,24,1,11,2,12560,2,11,0,0,0,0,TRUST_RESTORED,10,11
S8-0570,PROFILE_512_44,P1_STAGED_CUTOVER,R4_CLUSTERED_MEDIUM,A3_STALE_EPOCH_REPLAY_AT_COMMIT,3,48,1,11,2,12560,2,11,0,0,0,0,TRUST_RESTORED,10,11
S8-0571,PROFILE_512_44,P1_STAGED_CUTOVER,R4_CLUSTERED_MEDIUM,A3_STALE_EPOCH_REPLAY_AT_COMMIT,4,12,1,10,2,12560,2,10,0,0,0,0,TRUST_RESTORED,9,10
S8-0572,PROFILE_512_44,P1_STAGED_CUTOVER,R4_CLUSTERED_MEDIUM,A3_STALE_EPOCH_REPLAY_AT_COMMIT,4,24,1,10,2,12560,2,10,0,0,0,0,TRUST_RESTORED,9,10
S8-0573,PROFILE_512_44,P1_STAGED_CUTOVER,R4_CLUSTERED_MEDIUM,A3_STALE_EPOCH_REPLAY_AT_COMMIT,4,48,1,10,2,12560,2,10,0,0,0,0,TRUST_RESTORED,9,10
S8-0574,PROFILE_512_44,P1_STAGED_CUTOVER,R4_CLUSTERED_MEDIUM,A3_STALE_EPOCH_REPLAY_AT_COMMIT,5,12,1,9,2,12560,2,9,0,0,0,0,TRUST_RESTORED,8,9
S8-0575,PROFILE_512_44,P1_STAGED_CUTOVER,R4_CLUSTERED_MEDIUM,A3_STALE_EPOCH_REPLAY_AT_COMMIT,5,24,1,9,2,12560,2,9,0,0,0,0,TRUST_RESTORED,8,9
S8-0576,PROFILE_512_44,P1_STAGED_CUTOVER,R4_CLUSTERED_MEDIUM,A3_STALE_EPOCH_REPLAY_AT_COMMIT,5,48,1,9,2,12560,2,9,0,0,0,0,TRUST_RESTORED,8,9
S8-0577,PROFILE_512_44,P2_HYBRID_OVERLAP,R1_FREQUENT_SMALL,A0_NONE,0,12,1,8,4,12560,1,5,0,3,0,0,TRUST_RESTORED,2,5
S8-0578,PROFILE_512_44,P2_HYBRID_OVERLAP,R1_FREQUENT_SMALL,A0_NONE,0,24,1,8,4,12560,1,5,0,3,0,0,TRUST_RESTORED,2,5
S8-0579,PROFILE_512_44,P2_HYBRID_OVERLAP,R1_FREQUENT_SMALL,A0_NONE,0,48,1,8,4,12560,1,5,0,3,0,0,TRUST_RESTORED,2,5
S8-0580,PROFILE_512_44,P2_HYBRID_OVERLAP,R1_FREQUENT_SMALL,A0_NONE,1,12,1,10,4,12560,1,7,0,3,0,0,TRUST_RESTORED,4,7
S8-0581,PROFILE_512_44,P2_HYBRID_OVERLAP,R1_FREQUENT_SMALL,A0_NONE,1,24,1,10,4,12560,1,7,0,3,0,0,TRUST_RESTORED,4,7
S8-0582,PROFILE_512_44,P2_HYBRID_OVERLAP,R1_FREQUENT_SMALL,A0_NONE,1,48,1,10,4,12560,1,7,0,3,0,0,TRUST_RESTORED,4,7
S8-0583,PROFILE_512_44,P2_HYBRID_OVERLAP,R1_FREQUENT_SMALL,A0_NONE,2,12,1,9,4,12560,1,6,0,3,0,0,TRUST_RESTORED,3,6
S8-0584,PROFILE_512_44,P2_HYBRID_OVERLAP,R1_FREQUENT_SMALL,A0_NONE,2,24,1,9,4,12560,1,6,0,3,0,0,TRUST_RESTORED,3,6
S8-0585,PROFILE_512_44,P2_HYBRID_OVERLAP,R1_FREQUENT_SMALL,A0_NONE,2,48,1,9,4,12560,1,6,0,3,0,0,TRUST_RESTORED,3,6
S8-0586,PROFILE_512_44,P2_HYBRID_OVERLAP,R1_FREQUENT_SMALL,A0_NONE,3,12,1,11,4,12560,1,8,0,3,0,0,TRUST_RESTORED,5,8
S8-0587,PROFILE_512_44,P2_HYBRID_OVERLAP,R1_FREQUENT_SMALL,A0_NONE,3,24,1,11,4,12560,1,8,0,3,0,0,TRUST_RESTORED,5,8
S8-0588,PROFILE_512_44,P2_HYBRID_OVERLAP,R1_FREQUENT_SMALL,A0_NONE,3,48,1,11,4,12560,1,8,0,3,0,0,TRUST_RESTORED,5,8
S8-0589,PROFILE_512_44,P2_HYBRID_OVERLAP,R1_FREQUENT_SMALL,A0_NONE,4,12,1,10,4,12560,1,7,0,3,0,0,TRUST_RESTORED,4,7
S8-0590,PROFILE_512_44,P2_HYBRID_OVERLAP,R1_FREQUENT_SMALL,A0_NONE,4,24,1,10,4,12560,1,7,0,3,0,0,TRUST_RESTORED,4,7
S8-0591,PROFILE_512_44,P2_HYBRID_OVERLAP,R1_FREQUENT_SMALL,A0_NONE,4,48,1,10,4,12560,1,7,0,3,0,0,TRUST_RESTORED,4,7
S8-0592,PROFILE_512_44,P2_HYBRID_OVERLAP,R1_FREQUENT_SMALL,A0_NONE,5,12,1,9,4,12560,1,6,0,3,0,0,TRUST_RESTORED,3,6
S8-0593,PROFILE_512_44,P2_HYBRID_OVERLAP,R1_FREQUENT_SMALL,A0_NONE,5,24,1,9,4,12560,1,6,0,3,0,0,TRUST_RESTORED,3,6
S8-0594,PROFILE_512_44,P2_HYBRID_OVERLAP,R1_FREQUENT_SMALL,A0_NONE,5,48,1,9,4,12560,1,6,0,3,0,0,TRUST_RESTORED,3,6
S8-0595,PROFILE_512_44,P2_HYBRID_OVERLAP,R1_FREQUENT_SMALL,A1_DROP_FIRST_LARGEST_OBJECT_FRAGMENT,0,12,1,8,4,14980,1,8,0,3,0,0,TRUST_RESTORED,5,8
S8-0596,PROFILE_512_44,P2_HYBRID_OVERLAP,R1_FREQUENT_SMALL,A1_DROP_FIRST_LARGEST_OBJECT_FRAGMENT,0,24,1,8,4,14980,1,8,0,3,0,0,TRUST_RESTORED,5,8
S8-0597,PROFILE_512_44,P2_HYBRID_OVERLAP,R1_FREQUENT_SMALL,A1_DROP_FIRST_LARGEST_OBJECT_FRAGMENT,0,48,1,8,4,14980,1,8,0,3,0,0,TRUST_RESTORED,5,8
S8-0598,PROFILE_512_44,P2_HYBRID_OVERLAP,R1_FREQUENT_SMALL,A1_DROP_FIRST_LARGEST_OBJECT_FRAGMENT,1,12,1,10,4,14980,1,10,0,3,0,0,TRUST_RESTORED,7,10
S8-0599,PROFILE_512_44,P2_HYBRID_OVERLAP,R1_FREQUENT_SMALL,A1_DROP_FIRST_LARGEST_OBJECT_FRAGMENT,1,24,1,10,4,14980,1,10,0,3,0,0,TRUST_RESTORED,7,10
S8-0600,PROFILE_512_44,P2_HYBRID_OVERLAP,R1_FREQUENT_SMALL,A1_DROP_FIRST_LARGEST_OBJECT_FRAGMENT,1,48,1,10,4,14980,1,10,0,3,0,0,TRUST_RESTORED,7,10
S8-0601,PROFILE_512_44,P2_HYBRID_OVERLAP,R1_FREQUENT_SMALL,A1_DROP_FIRST_LARGEST_OBJECT_FRAGMENT,2,12,1,9,4,14980,1,9,0,3,0,0,TRUST_RESTORED,6,9
S8-0602,PROFILE_512_44,P2_HYBRID_OVERLAP,R1_FREQUENT_SMALL,A1_DROP_FIRST_LARGEST_OBJECT_FRAGMENT,2,24,1,9,4,14980,1,9,0,3,0,0,TRUST_RESTORED,6,9
S8-0603,PROFILE_512_44,P2_HYBRID_OVERLAP,R1_FREQUENT_SMALL,A1_DROP_FIRST_LARGEST_OBJECT_FRAGMENT,2,48,1,9,4,14980,1,9,0,3,0,0,TRUST_RESTORED,6,9
S8-0604,PROFILE_512_44,P2_HYBRID_OVERLAP,R1_FREQUENT_SMALL,A1_DROP_FIRST_LARGEST_OBJECT_FRAGMENT,3,12,1,11,4,14980,1,11,0,3,0,0,TRUST_RESTORED,8,11
S8-0605,PROFILE_512_44,P2_HYBRID_OVERLAP,R1_FREQUENT_SMALL,A1_DROP_FIRST_LARGEST_OBJECT_FRAGMENT,3,24,1,11,4,14980,1,11,0,3,0,0,TRUST_RESTORED,8,11
S8-0606,PROFILE_512_44,P2_HYBRID_OVERLAP,R1_FREQUENT_SMALL,A1_DROP_FIRST_LARGEST_OBJECT_FRAGMENT,3,48,1,11,4,14980,1,11,0,3,0,0,TRUST_RESTORED,8,11
S8-0607,PROFILE_512_44,P2_HYBRID_OVERLAP,R1_FREQUENT_SMALL,A1_DROP_FIRST_LARGEST_OBJECT_FRAGMENT,4,12,1,10,4,14980,1,10,0,3,0,0,TRUST_RESTORED,7,10
S8-0608,PROFILE_512_44,P2_HYBRID_OVERLAP,R1_FREQUENT_SMALL,A1_DROP_FIRST_LARGEST_OBJECT_FRAGMENT,4,24,1,10,4,14980,1,10,0,3,0,0,TRUST_RESTORED,7,10
S8-0609,PROFILE_512_44,P2_HYBRID_OVERLAP,R1_FREQUENT_SMALL,A1_DROP_FIRST_LARGEST_OBJECT_FRAGMENT,4,48,1,10,4,14980,1,10,0,3,0,0,TRUST_RESTORED,7,10
S8-0610,PROFILE_512_44,P2_HYBRID_OVERLAP,R1_FREQUENT_SMALL,A1_DROP_FIRST_LARGEST_OBJECT_FRAGMENT,5,12,1,9,4,14980,1,9,0,3,0,0,TRUST_RESTORED,6,9
S8-0611,PROFILE_512_44,P2_HYBRID_OVERLAP,R1_FREQUENT_SMALL,A1_DROP_FIRST_LARGEST_OBJECT_FRAGMENT,5,24,1,9,4,14980,1,9,0,3,0,0,TRUST_RESTORED,6,9
S8-0612,PROFILE_512_44,P2_HYBRID_OVERLAP,R1_FREQUENT_SMALL,A1_DROP_FIRST_LARGEST_OBJECT_FRAGMENT,5,48,1,9,4,14980,1,9,0,3,0,0,TRUST_RESTORED,6,9
S8-0613,PROFILE_512_44,P2_HYBRID_OVERLAP,R1_FREQUENT_SMALL,A2_DELAY_FIRST_TRANSITION_PROOF_ONE_CONTACT,0,12,1,8,4,12560,1,8,0,3,0,0,TRUST_RESTORED,5,8
S8-0614,PROFILE_512_44,P2_HYBRID_OVERLAP,R1_FREQUENT_SMALL,A2_DELAY_FIRST_TRANSITION_PROOF_ONE_CONTACT,0,24,1,8,4,12560,1,8,0,3,0,0,TRUST_RESTORED,5,8
S8-0615,PROFILE_512_44,P2_HYBRID_OVERLAP,R1_FREQUENT_SMALL,A2_DELAY_FIRST_TRANSITION_PROOF_ONE_CONTACT,0,48,1,8,4,12560,1,8,0,3,0,0,TRUST_RESTORED,5,8
S8-0616,PROFILE_512_44,P2_HYBRID_OVERLAP,R1_FREQUENT_SMALL,A2_DELAY_FIRST_TRANSITION_PROOF_ONE_CONTACT,1,12,1,10,4,12560,1,10,0,3,0,0,TRUST_RESTORED,7,10
S8-0617,PROFILE_512_44,P2_HYBRID_OVERLAP,R1_FREQUENT_SMALL,A2_DELAY_FIRST_TRANSITION_PROOF_ONE_CONTACT,1,24,1,10,4,12560,1,10,0,3,0,0,TRUST_RESTORED,7,10
S8-0618,PROFILE_512_44,P2_HYBRID_OVERLAP,R1_FREQUENT_SMALL,A2_DELAY_FIRST_TRANSITION_PROOF_ONE_CONTACT,1,48,1,10,4,12560,1,10,0,3,0,0,TRUST_RESTORED,7,10
S8-0619,PROFILE_512_44,P2_HYBRID_OVERLAP,R1_FREQUENT_SMALL,A2_DELAY_FIRST_TRANSITION_PROOF_ONE_CONTACT,2,12,1,9,4,12560,1,9,0,3,0,0,TRUST_RESTORED,6,9
S8-0620,PROFILE_512_44,P2_HYBRID_OVERLAP,R1_FREQUENT_SMALL,A2_DELAY_FIRST_TRANSITION_PROOF_ONE_CONTACT,2,24,1,9,4,12560,1,9,0,3,0,0,TRUST_RESTORED,6,9
S8-0621,PROFILE_512_44,P2_HYBRID_OVERLAP,R1_FREQUENT_SMALL,A2_DELAY_FIRST_TRANSITION_PROOF_ONE_CONTACT,2,48,1,9,4,12560,1,9,0,3,0,0,TRUST_RESTORED,6,9
S8-0622,PROFILE_512_44,P2_HYBRID_OVERLAP,R1_FREQUENT_SMALL,A2_DELAY_FIRST_TRANSITION_PROOF_ONE_CONTACT,3,12,1,11,4,12560,1,11,0,3,0,0,TRUST_RESTORED,8,11
S8-0623,PROFILE_512_44,P2_HYBRID_OVERLAP,R1_FREQUENT_SMALL,A2_DELAY_FIRST_TRANSITION_PROOF_ONE_CONTACT,3,24,1,11,4,12560,1,11,0,3,0,0,TRUST_RESTORED,8,11
S8-0624,PROFILE_512_44,P2_HYBRID_OVERLAP,R1_FREQUENT_SMALL,A2_DELAY_FIRST_TRANSITION_PROOF_ONE_CONTACT,3,48,1,11,4,12560,1,11,0,3,0,0,TRUST_RESTORED,8,11
S8-0625,PROFILE_512_44,P2_HYBRID_OVERLAP,R1_FREQUENT_SMALL,A2_DELAY_FIRST_TRANSITION_PROOF_ONE_CONTACT,4,12,1,10,4,12560,1,10,0,3,0,0,TRUST_RESTORED,7,10
S8-0626,PROFILE_512_44,P2_HYBRID_OVERLAP,R1_FREQUENT_SMALL,A2_DELAY_FIRST_TRANSITION_PROOF_ONE_CONTACT,4,24,1,10,4,12560,1,10,0,3,0,0,TRUST_RESTORED,7,10
S8-0627,PROFILE_512_44,P2_HYBRID_OVERLAP,R1_FREQUENT_SMALL,A2_DELAY_FIRST_TRANSITION_PROOF_ONE_CONTACT,4,48,1,10,4,12560,1,10,0,3,0,0,TRUST_RESTORED,7,10
S8-0628,PROFILE_512_44,P2_HYBRID_OVERLAP,R1_FREQUENT_SMALL,A2_DELAY_FIRST_TRANSITION_PROOF_ONE_CONTACT,5,12,1,9,4,12560,1,9,0,3,0,0,TRUST_RESTORED,6,9
S8-0629,PROFILE_512_44,P2_HYBRID_OVERLAP,R1_FREQUENT_SMALL,A2_DELAY_FIRST_TRANSITION_PROOF_ONE_CONTACT,5,24,1,9,4,12560,1,9,0,3,0,0,TRUST_RESTORED,6,9
S8-0630,PROFILE_512_44,P2_HYBRID_OVERLAP,R1_FREQUENT_SMALL,A2_DELAY_FIRST_TRANSITION_PROOF_ONE_CONTACT,5,48,1,9,4,12560,1,9,0,3,0,0,TRUST_RESTORED,6,9
S8-0631,PROFILE_512_44,P2_HYBRID_OVERLAP,R1_FREQUENT_SMALL,A3_STALE_EPOCH_REPLAY_AT_COMMIT,0,12,1,8,4,12560,2,5,0,3,0,0,TRUST_RESTORED,2,5
S8-0632,PROFILE_512_44,P2_HYBRID_OVERLAP,R1_FREQUENT_SMALL,A3_STALE_EPOCH_REPLAY_AT_COMMIT,0,24,1,8,4,12560,2,5,0,3,0,0,TRUST_RESTORED,2,5
S8-0633,PROFILE_512_44,P2_HYBRID_OVERLAP,R1_FREQUENT_SMALL,A3_STALE_EPOCH_REPLAY_AT_COMMIT,0,48,1,8,4,12560,2,5,0,3,0,0,TRUST_RESTORED,2,5
S8-0634,PROFILE_512_44,P2_HYBRID_OVERLAP,R1_FREQUENT_SMALL,A3_STALE_EPOCH_REPLAY_AT_COMMIT,1,12,1,10,4,12560,2,7,0,3,0,0,TRUST_RESTORED,4,7
S8-0635,PROFILE_512_44,P2_HYBRID_OVERLAP,R1_FREQUENT_SMALL,A3_STALE_EPOCH_REPLAY_AT_COMMIT,1,24,1,10,4,12560,2,7,0,3,0,0,TRUST_RESTORED,4,7
S8-0636,PROFILE_512_44,P2_HYBRID_OVERLAP,R1_FREQUENT_SMALL,A3_STALE_EPOCH_REPLAY_AT_COMMIT,1,48,1,10,4,12560,2,7,0,3,0,0,TRUST_RESTORED,4,7
S8-0637,PROFILE_512_44,P2_HYBRID_OVERLAP,R1_FREQUENT_SMALL,A3_STALE_EPOCH_REPLAY_AT_COMMIT,2,12,1,9,4,12560,2,6,0,3,0,0,TRUST_RESTORED,3,6
S8-0638,PROFILE_512_44,P2_HYBRID_OVERLAP,R1_FREQUENT_SMALL,A3_STALE_EPOCH_REPLAY_AT_COMMIT,2,24,1,9,4,12560,2,6,0,3,0,0,TRUST_RESTORED,3,6
S8-0639,PROFILE_512_44,P2_HYBRID_OVERLAP,R1_FREQUENT_SMALL,A3_STALE_EPOCH_REPLAY_AT_COMMIT,2,48,1,9,4,12560,2,6,0,3,0,0,TRUST_RESTORED,3,6
S8-0640,PROFILE_512_44,P2_HYBRID_OVERLAP,R1_FREQUENT_SMALL,A3_STALE_EPOCH_REPLAY_AT_COMMIT,3,12,1,11,4,12560,2,8,0,3,0,0,TRUST_RESTORED,5,8
S8-0641,PROFILE_512_44,P2_HYBRID_OVERLAP,R1_FREQUENT_SMALL,A3_STALE_EPOCH_REPLAY_AT_COMMIT,3,24,1,11,4,12560,2,8,0,3,0,0,TRUST_RESTORED,5,8
S8-0642,PROFILE_512_44,P2_HYBRID_OVERLAP,R1_FREQUENT_SMALL,A3_STALE_EPOCH_REPLAY_AT_COMMIT,3,48,1,11,4,12560,2,8,0,3,0,0,TRUST_RESTORED,5,8
S8-0643,PROFILE_512_44,P2_HYBRID_OVERLAP,R1_FREQUENT_SMALL,A3_STALE_EPOCH_REPLAY_AT_COMMIT,4,12,1,10,4,12560,2,7,0,3,0,0,TRUST_RESTORED,4,7
S8-0644,PROFILE_512_44,P2_HYBRID_OVERLAP,R1_FREQUENT_SMALL,A3_STALE_EPOCH_REPLAY_AT_COMMIT,4,24,1,10,4,12560,2,7,0,3,0,0,TRUST_RESTORED,4,7
S8-0645,PROFILE_512_44,P2_HYBRID_OVERLAP,R1_FREQUENT_SMALL,A3_STALE_EPOCH_REPLAY_AT_COMMIT,4,48,1,10,4,12560,2,7,0,3,0,0,TRUST_RESTORED,4,7
S8-0646,PROFILE_512_44,P2_HYBRID_OVERLAP,R1_FREQUENT_SMALL,A3_STALE_EPOCH_REPLAY_AT_COMMIT,5,12,1,9,4,12560,2,6,0,3,0,0,TRUST_RESTORED,3,6
S8-0647,PROFILE_512_44,P2_HYBRID_OVERLAP,R1_FREQUENT_SMALL,A3_STALE_EPOCH_REPLAY_AT_COMMIT,5,24,1,9,4,12560,2,6,0,3,0,0,TRUST_RESTORED,3,6
S8-0648,PROFILE_512_44,P2_HYBRID_OVERLAP,R1_FREQUENT_SMALL,A3_STALE_EPOCH_REPLAY_AT_COMMIT,5,48,1,9,4,12560,2,6,0,3,0,0,TRUST_RESTORED,3,6
S8-0649,PROFILE_512_44,P2_HYBRID_OVERLAP,R2_PERIODIC_MEDIUM,A0_NONE,0,12,1,5,2,12560,1,5,0,5,0,0,TRUST_RESTORED,0,5
S8-0650,PROFILE_512_44,P2_HYBRID_OVERLAP,R2_PERIODIC_MEDIUM,A0_NONE,0,24,1,5,2,12560,1,5,0,5,0,0,TRUST_RESTORED,0,5
S8-0651,PROFILE_512_44,P2_HYBRID_OVERLAP,R2_PERIODIC_MEDIUM,A0_NONE,0,48,1,5,2,12560,1,5,0,5,0,0,TRUST_RESTORED,0,5
S8-0652,PROFILE_512_44,P2_HYBRID_OVERLAP,R2_PERIODIC_MEDIUM,A0_NONE,1,12,1,10,2,12560,1,10,0,6,0,0,TRUST_RESTORED,4,10
S8-0653,PROFILE_512_44,P2_HYBRID_OVERLAP,R2_PERIODIC_MEDIUM,A0_NONE,1,24,1,10,2,12560,1,10,0,6,0,0,TRUST_RESTORED,4,10
S8-0654,PROFILE_512_44,P2_HYBRID_OVERLAP,R2_PERIODIC_MEDIUM,A0_NONE,1,48,1,10,2,12560,1,10,0,6,0,0,TRUST_RESTORED,4,10
S8-0655,PROFILE_512_44,P2_HYBRID_OVERLAP,R2_PERIODIC_MEDIUM,A0_NONE,2,12,1,9,2,12560,1,9,0,6,0,0,TRUST_RESTORED,3,9
S8-0656,PROFILE_512_44,P2_HYBRID_OVERLAP,R2_PERIODIC_MEDIUM,A0_NONE,2,24,1,9,2,12560,1,9,0,6,0,0,TRUST_RESTORED,3,9
S8-0657,PROFILE_512_44,P2_HYBRID_OVERLAP,R2_PERIODIC_MEDIUM,A0_NONE,2,48,1,9,2,12560,1,9,0,6,0,0,TRUST_RESTORED,3,9
S8-0658,PROFILE_512_44,P2_HYBRID_OVERLAP,R2_PERIODIC_MEDIUM,A0_NONE,3,12,1,8,2,12560,1,8,0,6,0,0,TRUST_RESTORED,2,8
S8-0659,PROFILE_512_44,P2_HYBRID_OVERLAP,R2_PERIODIC_MEDIUM,A0_NONE,3,24,1,8,2,12560,1,8,0,6,0,0,TRUST_RESTORED,2,8
S8-0660,PROFILE_512_44,P2_HYBRID_OVERLAP,R2_PERIODIC_MEDIUM,A0_NONE,3,48,1,8,2,12560,1,8,0,6,0,0,TRUST_RESTORED,2,8
S8-0661,PROFILE_512_44,P2_HYBRID_OVERLAP,R2_PERIODIC_MEDIUM,A0_NONE,4,12,1,7,2,12560,1,7,0,6,0,0,TRUST_RESTORED,1,7
S8-0662,PROFILE_512_44,P2_HYBRID_OVERLAP,R2_PERIODIC_MEDIUM,A0_NONE,4,24,1,7,2,12560,1,7,0,6,0,0,TRUST_RESTORED,1,7
S8-0663,PROFILE_512_44,P2_HYBRID_OVERLAP,R2_PERIODIC_MEDIUM,A0_NONE,4,48,1,7,2,12560,1,7,0,6,0,0,TRUST_RESTORED,1,7
S8-0664,PROFILE_512_44,P2_HYBRID_OVERLAP,R2_PERIODIC_MEDIUM,A0_NONE,5,12,1,6,2,12560,1,6,0,6,0,0,TRUST_RESTORED,0,6
S8-0665,PROFILE_512_44,P2_HYBRID_OVERLAP,R2_PERIODIC_MEDIUM,A0_NONE,5,24,1,6,2,12560,1,6,0,6,0,0,TRUST_RESTORED,0,6
S8-0666,PROFILE_512_44,P2_HYBRID_OVERLAP,R2_PERIODIC_MEDIUM,A0_NONE,5,48,1,6,2,12560,1,6,0,6,0,0,TRUST_RESTORED,0,6
S8-0667,PROFILE_512_44,P2_HYBRID_OVERLAP,R2_PERIODIC_MEDIUM,A1_DROP_FIRST_LARGEST_OBJECT_FRAGMENT,0,12,1,5,2,14980,1,5,0,0,0,0,TRUST_RESTORED,5,5
S8-0668,PROFILE_512_44,P2_HYBRID_OVERLAP,R2_PERIODIC_MEDIUM,A1_DROP_FIRST_LARGEST_OBJECT_FRAGMENT,0,24,1,5,2,14980,1,5,0,0,0,0,TRUST_RESTORED,5,5
S8-0669,PROFILE_512_44,P2_HYBRID_OVERLAP,R2_PERIODIC_MEDIUM,A1_DROP_FIRST_LARGEST_OBJECT_FRAGMENT,0,48,1,5,2,14980,1,5,0,0,0,0,TRUST_RESTORED,5,5
S8-0670,PROFILE_512_44,P2_HYBRID_OVERLAP,R2_PERIODIC_MEDIUM,A1_DROP_FIRST_LARGEST_OBJECT_FRAGMENT,1,12,1,10,2,14980,1,10,0,0,0,0,TRUST_RESTORED,10,10
S8-0671,PROFILE_512_44,P2_HYBRID_OVERLAP,R2_PERIODIC_MEDIUM,A1_DROP_FIRST_LARGEST_OBJECT_FRAGMENT,1,24,1,10,2,14980,1,10,0,0,0,0,TRUST_RESTORED,10,10
S8-0672,PROFILE_512_44,P2_HYBRID_OVERLAP,R2_PERIODIC_MEDIUM,A1_DROP_FIRST_LARGEST_OBJECT_FRAGMENT,1,48,1,10,2,14980,1,10,0,0,0,0,TRUST_RESTORED,10,10
S8-0673,PROFILE_512_44,P2_HYBRID_OVERLAP,R2_PERIODIC_MEDIUM,A1_DROP_FIRST_LARGEST_OBJECT_FRAGMENT,2,12,1,9,2,14980,1,9,0,0,0,0,TRUST_RESTORED,9,9
S8-0674,PROFILE_512_44,P2_HYBRID_OVERLAP,R2_PERIODIC_MEDIUM,A1_DROP_FIRST_LARGEST_OBJECT_FRAGMENT,2,24,1,9,2,14980,1,9,0,0,0,0,TRUST_RESTORED,9,9
S8-0675,PROFILE_512_44,P2_HYBRID_OVERLAP,R2_PERIODIC_MEDIUM,A1_DROP_FIRST_LARGEST_OBJECT_FRAGMENT,2,48,1,9,2,14980,1,9,0,0,0,0,TRUST_RESTORED,9,9
S8-0676,PROFILE_512_44,P2_HYBRID_OVERLAP,R2_PERIODIC_MEDIUM,A1_DROP_FIRST_LARGEST_OBJECT_FRAGMENT,3,12,1,8,2,14980,1,8,0,0,0,0,TRUST_RESTORED,8,8
S8-0677,PROFILE_512_44,P2_HYBRID_OVERLAP,R2_PERIODIC_MEDIUM,A1_DROP_FIRST_LARGEST_OBJECT_FRAGMENT,3,24,1,8,2,14980,1,8,0,0,0,0,TRUST_RESTORED,8,8
S8-0678,PROFILE_512_44,P2_HYBRID_OVERLAP,R2_PERIODIC_MEDIUM,A1_DROP_FIRST_LARGEST_OBJECT_FRAGMENT,3,48,1,8,2,14980,1,8,0,0,0,0,TRUST_RESTORED,8,8
S8-0679,PROFILE_512_44,P2_HYBRID_OVERLAP,R2_PERIODIC_MEDIUM,A1_DROP_FIRST_LARGEST_OBJECT_FRAGMENT,4,12,1,7,2,14980,1,7,0,0,0,0,TRUST_RESTORED,7,7
S8-0680,PROFILE_512_44,P2_HYBRID_OVERLAP,R2_PERIODIC_MEDIUM,A1_DROP_FIRST_LARGEST_OBJECT_FRAGMENT,4,24,1,7,2,14980,1,7,0,0,0,0,TRUST_RESTORED,7,7
S8-0681,PROFILE_512_44,P2_HYBRID_OVERLAP,R2_PERIODIC_MEDIUM,A1_DROP_FIRST_LARGEST_OBJECT_FRAGMENT,4,48,1,7,2,14980,1,7,0,0,0,0,TRUST_RESTORED,7,7
S8-0682,PROFILE_512_44,P2_HYBRID_OVERLAP,R2_PERIODIC_MEDIUM,A1_DROP_FIRST_LARGEST_OBJECT_FRAGMENT,5,12,1,6,2,14980,1,6,0,0,0,0,TRUST_RESTORED,6,6
S8-0683,PROFILE_512_44,P2_HYBRID_OVERLAP,R2_PERIODIC_MEDIUM,A1_DROP_FIRST_LARGEST_OBJECT_FRAGMENT,5,24,1,6,2,14980,1,6,0,0,0,0,TRUST_RESTORED,6,6
S8-0684,PROFILE_512_44,P2_HYBRID_OVERLAP,R2_PERIODIC_MEDIUM,A1_DROP_FIRST_LARGEST_OBJECT_FRAGMENT,5,48,1,6,2,14980,1,6,0,0,0,0,TRUST_RESTORED,6,6
S8-0685,PROFILE_512_44,P2_HYBRID_OVERLAP,R2_PERIODIC_MEDIUM,A2_DELAY_FIRST_TRANSITION_PROOF_ONE_CONTACT,0,12,1,5,2,12560,1,5,0,0,0,0,TRUST_RESTORED,5,5
S8-0686,PROFILE_512_44,P2_HYBRID_OVERLAP,R2_PERIODIC_MEDIUM,A2_DELAY_FIRST_TRANSITION_PROOF_ONE_CONTACT,0,24,1,5,2,12560,1,5,0,0,0,0,TRUST_RESTORED,5,5
S8-0687,PROFILE_512_44,P2_HYBRID_OVERLAP,R2_PERIODIC_MEDIUM,A2_DELAY_FIRST_TRANSITION_PROOF_ONE_CONTACT,0,48,1,5,2,12560,1,5,0,0,0,0,TRUST_RESTORED,5,5
S8-0688,PROFILE_512_44,P2_HYBRID_OVERLAP,R2_PERIODIC_MEDIUM,A2_DELAY_FIRST_TRANSITION_PROOF_ONE_CONTACT,1,12,1,10,2,12560,1,10,0,0,0,0,TRUST_RESTORED,10,10
S8-0689,PROFILE_512_44,P2_HYBRID_OVERLAP,R2_PERIODIC_MEDIUM,A2_DELAY_FIRST_TRANSITION_PROOF_ONE_CONTACT,1,24,1,10,2,12560,1,10,0,0,0,0,TRUST_RESTORED,10,10
S8-0690,PROFILE_512_44,P2_HYBRID_OVERLAP,R2_PERIODIC_MEDIUM,A2_DELAY_FIRST_TRANSITION_PROOF_ONE_CONTACT,1,48,1,10,2,12560,1,10,0,0,0,0,TRUST_RESTORED,10,10
S8-0691,PROFILE_512_44,P2_HYBRID_OVERLAP,R2_PERIODIC_MEDIUM,A2_DELAY_FIRST_TRANSITION_PROOF_ONE_CONTACT,2,12,1,9,2,12560,1,9,0,0,0,0,TRUST_RESTORED,9,9
S8-0692,PROFILE_512_44,P2_HYBRID_OVERLAP,R2_PERIODIC_MEDIUM,A2_DELAY_FIRST_TRANSITION_PROOF_ONE_CONTACT,2,24,1,9,2,12560,1,9,0,0,0,0,TRUST_RESTORED,9,9
S8-0693,PROFILE_512_44,P2_HYBRID_OVERLAP,R2_PERIODIC_MEDIUM,A2_DELAY_FIRST_TRANSITION_PROOF_ONE_CONTACT,2,48,1,9,2,12560,1,9,0,0,0,0,TRUST_RESTORED,9,9
S8-0694,PROFILE_512_44,P2_HYBRID_OVERLAP,R2_PERIODIC_MEDIUM,A2_DELAY_FIRST_TRANSITION_PROOF_ONE_CONTACT,3,12,1,8,2,12560,1,8,0,0,0,0,TRUST_RESTORED,8,8
S8-0695,PROFILE_512_44,P2_HYBRID_OVERLAP,R2_PERIODIC_MEDIUM,A2_DELAY_FIRST_TRANSITION_PROOF_ONE_CONTACT,3,24,1,8,2,12560,1,8,0,0,0,0,TRUST_RESTORED,8,8
S8-0696,PROFILE_512_44,P2_HYBRID_OVERLAP,R2_PERIODIC_MEDIUM,A2_DELAY_FIRST_TRANSITION_PROOF_ONE_CONTACT,3,48,1,8,2,12560,1,8,0,0,0,0,TRUST_RESTORED,8,8
S8-0697,PROFILE_512_44,P2_HYBRID_OVERLAP,R2_PERIODIC_MEDIUM,A2_DELAY_FIRST_TRANSITION_PROOF_ONE_CONTACT,4,12,1,7,2,12560,1,7,0,0,0,0,TRUST_RESTORED,7,7
S8-0698,PROFILE_512_44,P2_HYBRID_OVERLAP,R2_PERIODIC_MEDIUM,A2_DELAY_FIRST_TRANSITION_PROOF_ONE_CONTACT,4,24,1,7,2,12560,1,7,0,0,0,0,TRUST_RESTORED,7,7
S8-0699,PROFILE_512_44,P2_HYBRID_OVERLAP,R2_PERIODIC_MEDIUM,A2_DELAY_FIRST_TRANSITION_PROOF_ONE_CONTACT,4,48,1,7,2,12560,1,7,0,0,0,0,TRUST_RESTORED,7,7
S8-0700,PROFILE_512_44,P2_HYBRID_OVERLAP,R2_PERIODIC_MEDIUM,A2_DELAY_FIRST_TRANSITION_PROOF_ONE_CONTACT,5,12,1,6,2,12560,1,6,0,0,0,0,TRUST_RESTORED,6,6
S8-0701,PROFILE_512_44,P2_HYBRID_OVERLAP,R2_PERIODIC_MEDIUM,A2_DELAY_FIRST_TRANSITION_PROOF_ONE_CONTACT,5,24,1,6,2,12560,1,6,0,0,0,0,TRUST_RESTORED,6,6
S8-0702,PROFILE_512_44,P2_HYBRID_OVERLAP,R2_PERIODIC_MEDIUM,A2_DELAY_FIRST_TRANSITION_PROOF_ONE_CONTACT,5,48,1,6,2,12560,1,6,0,0,0,0,TRUST_RESTORED,6,6
S8-0703,PROFILE_512_44,P2_HYBRID_OVERLAP,R2_PERIODIC_MEDIUM,A3_STALE_EPOCH_REPLAY_AT_COMMIT,0,12,1,5,2,12560,2,5,0,5,0,0,TRUST_RESTORED,0,5
S8-0704,PROFILE_512_44,P2_HYBRID_OVERLAP,R2_PERIODIC_MEDIUM,A3_STALE_EPOCH_REPLAY_AT_COMMIT,0,24,1,5,2,12560,2,5,0,5,0,0,TRUST_RESTORED,0,5
S8-0705,PROFILE_512_44,P2_HYBRID_OVERLAP,R2_PERIODIC_MEDIUM,A3_STALE_EPOCH_REPLAY_AT_COMMIT,0,48,1,5,2,12560,2,5,0,5,0,0,TRUST_RESTORED,0,5
S8-0706,PROFILE_512_44,P2_HYBRID_OVERLAP,R2_PERIODIC_MEDIUM,A3_STALE_EPOCH_REPLAY_AT_COMMIT,1,12,1,10,2,12560,2,10,0,6,0,0,TRUST_RESTORED,4,10
S8-0707,PROFILE_512_44,P2_HYBRID_OVERLAP,R2_PERIODIC_MEDIUM,A3_STALE_EPOCH_REPLAY_AT_COMMIT,1,24,1,10,2,12560,2,10,0,6,0,0,TRUST_RESTORED,4,10
S8-0708,PROFILE_512_44,P2_HYBRID_OVERLAP,R2_PERIODIC_MEDIUM,A3_STALE_EPOCH_REPLAY_AT_COMMIT,1,48,1,10,2,12560,2,10,0,6,0,0,TRUST_RESTORED,4,10
S8-0709,PROFILE_512_44,P2_HYBRID_OVERLAP,R2_PERIODIC_MEDIUM,A3_STALE_EPOCH_REPLAY_AT_COMMIT,2,12,1,9,2,12560,2,9,0,6,0,0,TRUST_RESTORED,3,9
S8-0710,PROFILE_512_44,P2_HYBRID_OVERLAP,R2_PERIODIC_MEDIUM,A3_STALE_EPOCH_REPLAY_AT_COMMIT,2,24,1,9,2,12560,2,9,0,6,0,0,TRUST_RESTORED,3,9
S8-0711,PROFILE_512_44,P2_HYBRID_OVERLAP,R2_PERIODIC_MEDIUM,A3_STALE_EPOCH_REPLAY_AT_COMMIT,2,48,1,9,2,12560,2,9,0,6,0,0,TRUST_RESTORED,3,9
S8-0712,PROFILE_512_44,P2_HYBRID_OVERLAP,R2_PERIODIC_MEDIUM,A3_STALE_EPOCH_REPLAY_AT_COMMIT,3,12,1,8,2,12560,2,8,0,6,0,0,TRUST_RESTORED,2,8
S8-0713,PROFILE_512_44,P2_HYBRID_OVERLAP,R2_PERIODIC_MEDIUM,A3_STALE_EPOCH_REPLAY_AT_COMMIT,3,24,1,8,2,12560,2,8,0,6,0,0,TRUST_RESTORED,2,8
S8-0714,PROFILE_512_44,P2_HYBRID_OVERLAP,R2_PERIODIC_MEDIUM,A3_STALE_EPOCH_REPLAY_AT_COMMIT,3,48,1,8,2,12560,2,8,0,6,0,0,TRUST_RESTORED,2,8
S8-0715,PROFILE_512_44,P2_HYBRID_OVERLAP,R2_PERIODIC_MEDIUM,A3_STALE_EPOCH_REPLAY_AT_COMMIT,4,12,1,7,2,12560,2,7,0,6,0,0,TRUST_RESTORED,1,7
S8-0716,PROFILE_512_44,P2_HYBRID_OVERLAP,R2_PERIODIC_MEDIUM,A3_STALE_EPOCH_REPLAY_AT_COMMIT,4,24,1,7,2,12560,2,7,0,6,0,0,TRUST_RESTORED,1,7
S8-0717,PROFILE_512_44,P2_HYBRID_OVERLAP,R2_PERIODIC_MEDIUM,A3_STALE_EPOCH_REPLAY_AT_COMMIT,4,48,1,7,2,12560,2,7,0,6,0,0,TRUST_RESTORED,1,7
S8-0718,PROFILE_512_44,P2_HYBRID_OVERLAP,R2_PERIODIC_MEDIUM,A3_STALE_EPOCH_REPLAY_AT_COMMIT,5,12,1,6,2,12560,2,6,0,6,0,0,TRUST_RESTORED,0,6
S8-0719,PROFILE_512_44,P2_HYBRID_OVERLAP,R2_PERIODIC_MEDIUM,A3_STALE_EPOCH_REPLAY_AT_COMMIT,5,24,1,6,2,12560,2,6,0,6,0,0,TRUST_RESTORED,0,6
S8-0720,PROFILE_512_44,P2_HYBRID_OVERLAP,R2_PERIODIC_MEDIUM,A3_STALE_EPOCH_REPLAY_AT_COMMIT,5,48,1,6,2,12560,2,6,0,6,0,0,TRUST_RESTORED,0,6
S8-0721,PROFILE_512_44,P2_HYBRID_OVERLAP,R3_SPARSE_LARGE,A0_NONE,0,12,1,0,1,12560,1,0,0,0,0,0,TRUST_RESTORED,0,0
S8-0722,PROFILE_512_44,P2_HYBRID_OVERLAP,R3_SPARSE_LARGE,A0_NONE,0,24,1,0,1,12560,1,0,0,0,0,0,TRUST_RESTORED,0,0
S8-0723,PROFILE_512_44,P2_HYBRID_OVERLAP,R3_SPARSE_LARGE,A0_NONE,0,48,1,0,1,12560,1,0,0,0,0,0,TRUST_RESTORED,0,0
S8-0724,PROFILE_512_44,P2_HYBRID_OVERLAP,R3_SPARSE_LARGE,A0_NONE,1,12,1,10,1,12560,1,10,0,0,0,0,TRUST_RESTORED,10,10
S8-0725,PROFILE_512_44,P2_HYBRID_OVERLAP,R3_SPARSE_LARGE,A0_NONE,1,24,1,10,1,12560,1,10,0,0,0,0,TRUST_RESTORED,10,10
S8-0726,PROFILE_512_44,P2_HYBRID_OVERLAP,R3_SPARSE_LARGE,A0_NONE,1,48,1,10,1,12560,1,10,0,0,0,0,TRUST_RESTORED,10,10
S8-0727,PROFILE_512_44,P2_HYBRID_OVERLAP,R3_SPARSE_LARGE,A0_NONE,2,12,1,9,1,12560,1,9,0,0,0,0,TRUST_RESTORED,9,9
S8-0728,PROFILE_512_44,P2_HYBRID_OVERLAP,R3_SPARSE_LARGE,A0_NONE,2,24,1,9,1,12560,1,9,0,0,0,0,TRUST_RESTORED,9,9
S8-0729,PROFILE_512_44,P2_HYBRID_OVERLAP,R3_SPARSE_LARGE,A0_NONE,2,48,1,9,1,12560,1,9,0,0,0,0,TRUST_RESTORED,9,9
S8-0730,PROFILE_512_44,P2_HYBRID_OVERLAP,R3_SPARSE_LARGE,A0_NONE,3,12,1,8,1,12560,1,8,0,0,0,0,TRUST_RESTORED,8,8
S8-0731,PROFILE_512_44,P2_HYBRID_OVERLAP,R3_SPARSE_LARGE,A0_NONE,3,24,1,8,1,12560,1,8,0,0,0,0,TRUST_RESTORED,8,8
S8-0732,PROFILE_512_44,P2_HYBRID_OVERLAP,R3_SPARSE_LARGE,A0_NONE,3,48,1,8,1,12560,1,8,0,0,0,0,TRUST_RESTORED,8,8
S8-0733,PROFILE_512_44,P2_HYBRID_OVERLAP,R3_SPARSE_LARGE,A0_NONE,4,12,1,7,1,12560,1,7,0,0,0,0,TRUST_RESTORED,7,7
S8-0734,PROFILE_512_44,P2_HYBRID_OVERLAP,R3_SPARSE_LARGE,A0_NONE,4,24,1,7,1,12560,1,7,0,0,0,0,TRUST_RESTORED,7,7
S8-0735,PROFILE_512_44,P2_HYBRID_OVERLAP,R3_SPARSE_LARGE,A0_NONE,4,48,1,7,1,12560,1,7,0,0,0,0,TRUST_RESTORED,7,7
S8-0736,PROFILE_512_44,P2_HYBRID_OVERLAP,R3_SPARSE_LARGE,A0_NONE,5,12,1,6,1,12560,1,6,0,0,0,0,TRUST_RESTORED,6,6
S8-0737,PROFILE_512_44,P2_HYBRID_OVERLAP,R3_SPARSE_LARGE,A0_NONE,5,24,1,6,1,12560,1,6,0,0,0,0,TRUST_RESTORED,6,6
S8-0738,PROFILE_512_44,P2_HYBRID_OVERLAP,R3_SPARSE_LARGE,A0_NONE,5,48,1,6,1,12560,1,6,0,0,0,0,TRUST_RESTORED,6,6
S8-0739,PROFILE_512_44,P2_HYBRID_OVERLAP,R3_SPARSE_LARGE,A1_DROP_FIRST_LARGEST_OBJECT_FRAGMENT,0,12,1,0,1,14980,1,0,0,0,0,0,TRUST_RESTORED,0,0
S8-0740,PROFILE_512_44,P2_HYBRID_OVERLAP,R3_SPARSE_LARGE,A1_DROP_FIRST_LARGEST_OBJECT_FRAGMENT,0,24,1,0,1,14980,1,0,0,0,0,0,TRUST_RESTORED,0,0
S8-0741,PROFILE_512_44,P2_HYBRID_OVERLAP,R3_SPARSE_LARGE,A1_DROP_FIRST_LARGEST_OBJECT_FRAGMENT,0,48,1,0,1,14980,1,0,0,0,0,0,TRUST_RESTORED,0,0
S8-0742,PROFILE_512_44,P2_HYBRID_OVERLAP,R3_SPARSE_LARGE,A1_DROP_FIRST_LARGEST_OBJECT_FRAGMENT,1,12,1,10,1,14980,1,10,0,0,0,0,TRUST_RESTORED,10,10
S8-0743,PROFILE_512_44,P2_HYBRID_OVERLAP,R3_SPARSE_LARGE,A1_DROP_FIRST_LARGEST_OBJECT_FRAGMENT,1,24,1,10,1,14980,1,10,0,0,0,0,TRUST_RESTORED,10,10
S8-0744,PROFILE_512_44,P2_HYBRID_OVERLAP,R3_SPARSE_LARGE,A1_DROP_FIRST_LARGEST_OBJECT_FRAGMENT,1,48,1,10,1,14980,1,10,0,0,0,0,TRUST_RESTORED,10,10
S8-0745,PROFILE_512_44,P2_HYBRID_OVERLAP,R3_SPARSE_LARGE,A1_DROP_FIRST_LARGEST_OBJECT_FRAGMENT,2,12,1,9,1,14980,1,9,0,0,0,0,TRUST_RESTORED,9,9
S8-0746,PROFILE_512_44,P2_HYBRID_OVERLAP,R3_SPARSE_LARGE,A1_DROP_FIRST_LARGEST_OBJECT_FRAGMENT,2,24,1,9,1,14980,1,9,0,0,0,0,TRUST_RESTORED,9,9
S8-0747,PROFILE_512_44,P2_HYBRID_OVERLAP,R3_SPARSE_LARGE,A1_DROP_FIRST_LARGEST_OBJECT_FRAGMENT,2,48,1,9,1,14980,1,9,0,0,0,0,TRUST_RESTORED,9,9
S8-0748,PROFILE_512_44,P2_HYBRID_OVERLAP,R3_SPARSE_LARGE,A1_DROP_FIRST_LARGEST_OBJECT_FRAGMENT,3,12,1,8,1,14980,1,8,0,0,0,0,TRUST_RESTORED,8,8
S8-0749,PROFILE_512_44,P2_HYBRID_OVERLAP,R3_SPARSE_LARGE,A1_DROP_FIRST_LARGEST_OBJECT_FRAGMENT,3,24,1,8,1,14980,1,8,0,0,0,0,TRUST_RESTORED,8,8
S8-0750,PROFILE_512_44,P2_HYBRID_OVERLAP,R3_SPARSE_LARGE,A1_DROP_FIRST_LARGEST_OBJECT_FRAGMENT,3,48,1,8,1,14980,1,8,0,0,0,0,TRUST_RESTORED,8,8
S8-0751,PROFILE_512_44,P2_HYBRID_OVERLAP,R3_SPARSE_LARGE,A1_DROP_FIRST_LARGEST_OBJECT_FRAGMENT,4,12,1,7,1,14980,1,7,0,0,0,0,TRUST_RESTORED,7,7
S8-0752,PROFILE_512_44,P2_HYBRID_OVERLAP,R3_SPARSE_LARGE,A1_DROP_FIRST_LARGEST_OBJECT_FRAGMENT,4,24,1,7,1,14980,1,7,0,0,0,0,TRUST_RESTORED,7,7
S8-0753,PROFILE_512_44,P2_HYBRID_OVERLAP,R3_SPARSE_LARGE,A1_DROP_FIRST_LARGEST_OBJECT_FRAGMENT,4,48,1,7,1,14980,1,7,0,0,0,0,TRUST_RESTORED,7,7
S8-0754,PROFILE_512_44,P2_HYBRID_OVERLAP,R3_SPARSE_LARGE,A1_DROP_FIRST_LARGEST_OBJECT_FRAGMENT,5,12,1,6,1,14980,1,6,0,0,0,0,TRUST_RESTORED,6,6
S8-0755,PROFILE_512_44,P2_HYBRID_OVERLAP,R3_SPARSE_LARGE,A1_DROP_FIRST_LARGEST_OBJECT_FRAGMENT,5,24,1,6,1,14980,1,6,0,0,0,0,TRUST_RESTORED,6,6
S8-0756,PROFILE_512_44,P2_HYBRID_OVERLAP,R3_SPARSE_LARGE,A1_DROP_FIRST_LARGEST_OBJECT_FRAGMENT,5,48,1,6,1,14980,1,6,0,0,0,0,TRUST_RESTORED,6,6
S8-0757,PROFILE_512_44,P2_HYBRID_OVERLAP,R3_SPARSE_LARGE,A2_DELAY_FIRST_TRANSITION_PROOF_ONE_CONTACT,0,12,1,11,2,12560,1,11,0,0,0,0,TRUST_RESTORED,11,11
S8-0758,PROFILE_512_44,P2_HYBRID_OVERLAP,R3_SPARSE_LARGE,A2_DELAY_FIRST_TRANSITION_PROOF_ONE_CONTACT,0,24,1,11,2,12560,1,11,0,0,0,0,TRUST_RESTORED,11,11
S8-0759,PROFILE_512_44,P2_HYBRID_OVERLAP,R3_SPARSE_LARGE,A2_DELAY_FIRST_TRANSITION_PROOF_ONE_CONTACT,0,48,1,11,2,12560,1,11,0,0,0,0,TRUST_RESTORED,11,11
S8-0760,PROFILE_512_44,P2_HYBRID_OVERLAP,R3_SPARSE_LARGE,A2_DELAY_FIRST_TRANSITION_PROOF_ONE_CONTACT,1,12,0,,1,5300,0,12,0,0,0,0,INSUFFICIENT_MATERIAL_TRANSFER,,
S8-0761,PROFILE_512_44,P2_HYBRID_OVERLAP,R3_SPARSE_LARGE,A2_DELAY_FIRST_TRANSITION_PROOF_ONE_CONTACT,1,24,1,22,2,12560,1,22,0,0,0,0,TRUST_RESTORED,22,22
S8-0762,PROFILE_512_44,P2_HYBRID_OVERLAP,R3_SPARSE_LARGE,A2_DELAY_FIRST_TRANSITION_PROOF_ONE_CONTACT,1,48,1,22,2,12560,1,22,0,0,0,0,TRUST_RESTORED,22,22
S8-0763,PROFILE_512_44,P2_HYBRID_OVERLAP,R3_SPARSE_LARGE,A2_DELAY_FIRST_TRANSITION_PROOF_ONE_CONTACT,2,12,0,,1,5300,0,12,0,0,0,0,INSUFFICIENT_MATERIAL_TRANSFER,,
S8-0764,PROFILE_512_44,P2_HYBRID_OVERLAP,R3_SPARSE_LARGE,A2_DELAY_FIRST_TRANSITION_PROOF_ONE_CONTACT,2,24,1,21,2,12560,1,21,0,0,0,0,TRUST_RESTORED,21,21
S8-0765,PROFILE_512_44,P2_HYBRID_OVERLAP,R3_SPARSE_LARGE,A2_DELAY_FIRST_TRANSITION_PROOF_ONE_CONTACT,2,48,1,21,2,12560,1,21,0,0,0,0,TRUST_RESTORED,21,21
S8-0766,PROFILE_512_44,P2_HYBRID_OVERLAP,R3_SPARSE_LARGE,A2_DELAY_FIRST_TRANSITION_PROOF_ONE_CONTACT,3,12,0,,1,5300,0,12,0,0,0,0,INSUFFICIENT_MATERIAL_TRANSFER,,
S8-0767,PROFILE_512_44,P2_HYBRID_OVERLAP,R3_SPARSE_LARGE,A2_DELAY_FIRST_TRANSITION_PROOF_ONE_CONTACT,3,24,1,20,2,12560,1,20,0,0,0,0,TRUST_RESTORED,20,20
S8-0768,PROFILE_512_44,P2_HYBRID_OVERLAP,R3_SPARSE_LARGE,A2_DELAY_FIRST_TRANSITION_PROOF_ONE_CONTACT,3,48,1,20,2,12560,1,20,0,0,0,0,TRUST_RESTORED,20,20
S8-0769,PROFILE_512_44,P2_HYBRID_OVERLAP,R3_SPARSE_LARGE,A2_DELAY_FIRST_TRANSITION_PROOF_ONE_CONTACT,4,12,0,,1,5300,0,12,0,0,0,0,INSUFFICIENT_MATERIAL_TRANSFER,,
S8-0770,PROFILE_512_44,P2_HYBRID_OVERLAP,R3_SPARSE_LARGE,A2_DELAY_FIRST_TRANSITION_PROOF_ONE_CONTACT,4,24,1,19,2,12560,1,19,0,0,0,0,TRUST_RESTORED,19,19
S8-0771,PROFILE_512_44,P2_HYBRID_OVERLAP,R3_SPARSE_LARGE,A2_DELAY_FIRST_TRANSITION_PROOF_ONE_CONTACT,4,48,1,19,2,12560,1,19,0,0,0,0,TRUST_RESTORED,19,19
S8-0772,PROFILE_512_44,P2_HYBRID_OVERLAP,R3_SPARSE_LARGE,A2_DELAY_FIRST_TRANSITION_PROOF_ONE_CONTACT,5,12,0,,1,5300,0,12,0,0,0,0,INSUFFICIENT_MATERIAL_TRANSFER,,
S8-0773,PROFILE_512_44,P2_HYBRID_OVERLAP,R3_SPARSE_LARGE,A2_DELAY_FIRST_TRANSITION_PROOF_ONE_CONTACT,5,24,1,18,2,12560,1,18,0,0,0,0,TRUST_RESTORED,18,18
S8-0774,PROFILE_512_44,P2_HYBRID_OVERLAP,R3_SPARSE_LARGE,A2_DELAY_FIRST_TRANSITION_PROOF_ONE_CONTACT,5,48,1,18,2,12560,1,18,0,0,0,0,TRUST_RESTORED,18,18
S8-0775,PROFILE_512_44,P2_HYBRID_OVERLAP,R3_SPARSE_LARGE,A3_STALE_EPOCH_REPLAY_AT_COMMIT,0,12,1,11,2,12560,2,11,0,11,0,0,TRUST_RESTORED,0,11
S8-0776,PROFILE_512_44,P2_HYBRID_OVERLAP,R3_SPARSE_LARGE,A3_STALE_EPOCH_REPLAY_AT_COMMIT,0,24,1,11,2,12560,2,11,0,11,0,0,TRUST_RESTORED,0,11
S8-0777,PROFILE_512_44,P2_HYBRID_OVERLAP,R3_SPARSE_LARGE,A3_STALE_EPOCH_REPLAY_AT_COMMIT,0,48,1,11,2,12560,2,11,0,11,0,0,TRUST_RESTORED,0,11
S8-0778,PROFILE_512_44,P2_HYBRID_OVERLAP,R3_SPARSE_LARGE,A3_STALE_EPOCH_REPLAY_AT_COMMIT,1,12,0,,1,7720,1,12,0,2,0,0,INSUFFICIENT_MATERIAL_TRANSFER,10,
S8-0779,PROFILE_512_44,P2_HYBRID_OVERLAP,R3_SPARSE_LARGE,A3_STALE_EPOCH_REPLAY_AT_COMMIT,1,24,1,22,2,12560,2,22,0,12,0,0,TRUST_RESTORED,10,22
S8-0780,PROFILE_512_44,P2_HYBRID_OVERLAP,R3_SPARSE_LARGE,A3_STALE_EPOCH_REPLAY_AT_COMMIT,1,48,1,22,2,12560,2,22,0,12,0,0,TRUST_RESTORED,10,22
S8-0781,PROFILE_512_44,P2_HYBRID_OVERLAP,R3_SPARSE_LARGE,A3_STALE_EPOCH_REPLAY_AT_COMMIT,2,12,0,,1,7720,1,12,0,3,0,0,INSUFFICIENT_MATERIAL_TRANSFER,9,
S8-0782,PROFILE_512_44,P2_HYBRID_OVERLAP,R3_SPARSE_LARGE,A3_STALE_EPOCH_REPLAY_AT_COMMIT,2,24,1,21,2,12560,2,21,0,12,0,0,TRUST_RESTORED,9,21
S8-0783,PROFILE_512_44,P2_HYBRID_OVERLAP,R3_SPARSE_LARGE,A3_STALE_EPOCH_REPLAY_AT_COMMIT,2,48,1,21,2,12560,2,21,0,12,0,0,TRUST_RESTORED,9,21
S8-0784,PROFILE_512_44,P2_HYBRID_OVERLAP,R3_SPARSE_LARGE,A3_STALE_EPOCH_REPLAY_AT_COMMIT,3,12,0,,1,7720,1,12,0,4,0,0,INSUFFICIENT_MATERIAL_TRANSFER,8,
S8-0785,PROFILE_512_44,P2_HYBRID_OVERLAP,R3_SPARSE_LARGE,A3_STALE_EPOCH_REPLAY_AT_COMMIT,3,24,1,20,2,12560,2,20,0,12,0,0,TRUST_RESTORED,8,20
S8-0786,PROFILE_512_44,P2_HYBRID_OVERLAP,R3_SPARSE_LARGE,A3_STALE_EPOCH_REPLAY_AT_COMMIT,3,48,1,20,2,12560,2,20,0,12,0,0,TRUST_RESTORED,8,20
S8-0787,PROFILE_512_44,P2_HYBRID_OVERLAP,R3_SPARSE_LARGE,A3_STALE_EPOCH_REPLAY_AT_COMMIT,4,12,0,,1,7720,1,12,0,5,0,0,INSUFFICIENT_MATERIAL_TRANSFER,7,
S8-0788,PROFILE_512_44,P2_HYBRID_OVERLAP,R3_SPARSE_LARGE,A3_STALE_EPOCH_REPLAY_AT_COMMIT,4,24,1,19,2,12560,2,19,0,12,0,0,TRUST_RESTORED,7,19
S8-0789,PROFILE_512_44,P2_HYBRID_OVERLAP,R3_SPARSE_LARGE,A3_STALE_EPOCH_REPLAY_AT_COMMIT,4,48,1,19,2,12560,2,19,0,12,0,0,TRUST_RESTORED,7,19
S8-0790,PROFILE_512_44,P2_HYBRID_OVERLAP,R3_SPARSE_LARGE,A3_STALE_EPOCH_REPLAY_AT_COMMIT,5,12,0,,1,7720,1,12,0,6,0,0,INSUFFICIENT_MATERIAL_TRANSFER,6,
S8-0791,PROFILE_512_44,P2_HYBRID_OVERLAP,R3_SPARSE_LARGE,A3_STALE_EPOCH_REPLAY_AT_COMMIT,5,24,1,18,2,12560,2,18,0,12,0,0,TRUST_RESTORED,6,18
S8-0792,PROFILE_512_44,P2_HYBRID_OVERLAP,R3_SPARSE_LARGE,A3_STALE_EPOCH_REPLAY_AT_COMMIT,5,48,1,18,2,12560,2,18,0,12,0,0,TRUST_RESTORED,6,18
S8-0793,PROFILE_512_44,P2_HYBRID_OVERLAP,R4_CLUSTERED_MEDIUM,A0_NONE,0,12,1,1,2,12560,1,1,0,1,0,0,TRUST_RESTORED,0,1
S8-0794,PROFILE_512_44,P2_HYBRID_OVERLAP,R4_CLUSTERED_MEDIUM,A0_NONE,0,24,1,1,2,12560,1,1,0,1,0,0,TRUST_RESTORED,0,1
S8-0795,PROFILE_512_44,P2_HYBRID_OVERLAP,R4_CLUSTERED_MEDIUM,A0_NONE,0,48,1,1,2,12560,1,1,0,1,0,0,TRUST_RESTORED,0,1
S8-0796,PROFILE_512_44,P2_HYBRID_OVERLAP,R4_CLUSTERED_MEDIUM,A0_NONE,1,12,0,,1,8192,0,12,0,12,0,0,INSUFFICIENT_MATERIAL_TRANSFER,0,
S8-0797,PROFILE_512_44,P2_HYBRID_OVERLAP,R4_CLUSTERED_MEDIUM,A0_NONE,1,24,1,12,2,12560,1,12,0,12,0,0,TRUST_RESTORED,0,12
S8-0798,PROFILE_512_44,P2_HYBRID_OVERLAP,R4_CLUSTERED_MEDIUM,A0_NONE,1,48,1,12,2,12560,1,12,0,12,0,0,TRUST_RESTORED,0,12
S8-0799,PROFILE_512_44,P2_HYBRID_OVERLAP,R4_CLUSTERED_MEDIUM,A0_NONE,2,12,0,,1,8192,0,12,0,1,0,0,INSUFFICIENT_MATERIAL_TRANSFER,11,
S8-0800,PROFILE_512_44,P2_HYBRID_OVERLAP,R4_CLUSTERED_MEDIUM,A0_NONE,2,24,1,12,2,12560,1,12,0,1,0,0,TRUST_RESTORED,11,12
S8-0801,PROFILE_512_44,P2_HYBRID_OVERLAP,R4_CLUSTERED_MEDIUM,A0_NONE,2,48,1,12,2,12560,1,12,0,1,0,0,TRUST_RESTORED,11,12
S8-0802,PROFILE_512_44,P2_HYBRID_OVERLAP,R4_CLUSTERED_MEDIUM,A0_NONE,3,12,1,11,2,12560,1,11,0,1,0,0,TRUST_RESTORED,10,11
S8-0803,PROFILE_512_44,P2_HYBRID_OVERLAP,R4_CLUSTERED_MEDIUM,A0_NONE,3,24,1,11,2,12560,1,11,0,1,0,0,TRUST_RESTORED,10,11
S8-0804,PROFILE_512_44,P2_HYBRID_OVERLAP,R4_CLUSTERED_MEDIUM,A0_NONE,3,48,1,11,2,12560,1,11,0,1,0,0,TRUST_RESTORED,10,11
S8-0805,PROFILE_512_44,P2_HYBRID_OVERLAP,R4_CLUSTERED_MEDIUM,A0_NONE,4,12,1,10,2,12560,1,10,0,1,0,0,TRUST_RESTORED,9,10
S8-0806,PROFILE_512_44,P2_HYBRID_OVERLAP,R4_CLUSTERED_MEDIUM,A0_NONE,4,24,1,10,2,12560,1,10,0,1,0,0,TRUST_RESTORED,9,10
S8-0807,PROFILE_512_44,P2_HYBRID_OVERLAP,R4_CLUSTERED_MEDIUM,A0_NONE,4,48,1,10,2,12560,1,10,0,1,0,0,TRUST_RESTORED,9,10
S8-0808,PROFILE_512_44,P2_HYBRID_OVERLAP,R4_CLUSTERED_MEDIUM,A0_NONE,5,12,1,9,2,12560,1,9,0,1,0,0,TRUST_RESTORED,8,9
S8-0809,PROFILE_512_44,P2_HYBRID_OVERLAP,R4_CLUSTERED_MEDIUM,A0_NONE,5,24,1,9,2,12560,1,9,0,1,0,0,TRUST_RESTORED,8,9
S8-0810,PROFILE_512_44,P2_HYBRID_OVERLAP,R4_CLUSTERED_MEDIUM,A0_NONE,5,48,1,9,2,12560,1,9,0,1,0,0,TRUST_RESTORED,8,9
S8-0811,PROFILE_512_44,P2_HYBRID_OVERLAP,R4_CLUSTERED_MEDIUM,A1_DROP_FIRST_LARGEST_OBJECT_FRAGMENT,0,12,1,1,2,14980,1,1,0,0,0,0,TRUST_RESTORED,1,1
S8-0812,PROFILE_512_44,P2_HYBRID_OVERLAP,R4_CLUSTERED_MEDIUM,A1_DROP_FIRST_LARGEST_OBJECT_FRAGMENT,0,24,1,1,2,14980,1,1,0,0,0,0,TRUST_RESTORED,1,1
S8-0813,PROFILE_512_44,P2_HYBRID_OVERLAP,R4_CLUSTERED_MEDIUM,A1_DROP_FIRST_LARGEST_OBJECT_FRAGMENT,0,48,1,1,2,14980,1,1,0,0,0,0,TRUST_RESTORED,1,1
S8-0814,PROFILE_512_44,P2_HYBRID_OVERLAP,R4_CLUSTERED_MEDIUM,A1_DROP_FIRST_LARGEST_OBJECT_FRAGMENT,1,12,0,,1,8192,0,12,0,0,0,0,INSUFFICIENT_MATERIAL_TRANSFER,,
S8-0815,PROFILE_512_44,P2_HYBRID_OVERLAP,R4_CLUSTERED_MEDIUM,A1_DROP_FIRST_LARGEST_OBJECT_FRAGMENT,1,24,1,12,2,14980,1,12,0,0,0,0,TRUST_RESTORED,12,12
S8-0816,PROFILE_512_44,P2_HYBRID_OVERLAP,R4_CLUSTERED_MEDIUM,A1_DROP_FIRST_LARGEST_OBJECT_FRAGMENT,1,48,1,12,2,14980,1,12,0,0,0,0,TRUST_RESTORED,12,12
S8-0817,PROFILE_512_44,P2_HYBRID_OVERLAP,R4_CLUSTERED_MEDIUM,A1_DROP_FIRST_LARGEST_OBJECT_FRAGMENT,2,12,0,,1,8192,0,12,0,0,0,0,INSUFFICIENT_MATERIAL_TRANSFER,,
S8-0818,PROFILE_512_44,P2_HYBRID_OVERLAP,R4_CLUSTERED_MEDIUM,A1_DROP_FIRST_LARGEST_OBJECT_FRAGMENT,2,24,1,12,2,14980,1,12,0,0,0,0,TRUST_RESTORED,12,12
S8-0819,PROFILE_512_44,P2_HYBRID_OVERLAP,R4_CLUSTERED_MEDIUM,A1_DROP_FIRST_LARGEST_OBJECT_FRAGMENT,2,48,1,12,2,14980,1,12,0,0,0,0,TRUST_RESTORED,12,12
S8-0820,PROFILE_512_44,P2_HYBRID_OVERLAP,R4_CLUSTERED_MEDIUM,A1_DROP_FIRST_LARGEST_OBJECT_FRAGMENT,3,12,1,11,2,14980,1,11,0,0,0,0,TRUST_RESTORED,11,11
S8-0821,PROFILE_512_44,P2_HYBRID_OVERLAP,R4_CLUSTERED_MEDIUM,A1_DROP_FIRST_LARGEST_OBJECT_FRAGMENT,3,24,1,11,2,14980,1,11,0,0,0,0,TRUST_RESTORED,11,11
S8-0822,PROFILE_512_44,P2_HYBRID_OVERLAP,R4_CLUSTERED_MEDIUM,A1_DROP_FIRST_LARGEST_OBJECT_FRAGMENT,3,48,1,11,2,14980,1,11,0,0,0,0,TRUST_RESTORED,11,11
S8-0823,PROFILE_512_44,P2_HYBRID_OVERLAP,R4_CLUSTERED_MEDIUM,A1_DROP_FIRST_LARGEST_OBJECT_FRAGMENT,4,12,1,10,2,14980,1,10,0,0,0,0,TRUST_RESTORED,10,10
S8-0824,PROFILE_512_44,P2_HYBRID_OVERLAP,R4_CLUSTERED_MEDIUM,A1_DROP_FIRST_LARGEST_OBJECT_FRAGMENT,4,24,1,10,2,14980,1,10,0,0,0,0,TRUST_RESTORED,10,10
S8-0825,PROFILE_512_44,P2_HYBRID_OVERLAP,R4_CLUSTERED_MEDIUM,A1_DROP_FIRST_LARGEST_OBJECT_FRAGMENT,4,48,1,10,2,14980,1,10,0,0,0,0,TRUST_RESTORED,10,10
S8-0826,PROFILE_512_44,P2_HYBRID_OVERLAP,R4_CLUSTERED_MEDIUM,A1_DROP_FIRST_LARGEST_OBJECT_FRAGMENT,5,12,1,9,2,14980,1,9,0,0,0,0,TRUST_RESTORED,9,9
S8-0827,PROFILE_512_44,P2_HYBRID_OVERLAP,R4_CLUSTERED_MEDIUM,A1_DROP_FIRST_LARGEST_OBJECT_FRAGMENT,5,24,1,9,2,14980,1,9,0,0,0,0,TRUST_RESTORED,9,9
S8-0828,PROFILE_512_44,P2_HYBRID_OVERLAP,R4_CLUSTERED_MEDIUM,A1_DROP_FIRST_LARGEST_OBJECT_FRAGMENT,5,48,1,9,2,14980,1,9,0,0,0,0,TRUST_RESTORED,9,9
S8-0829,PROFILE_512_44,P2_HYBRID_OVERLAP,R4_CLUSTERED_MEDIUM,A2_DELAY_FIRST_TRANSITION_PROOF_ONE_CONTACT,0,12,1,1,2,12560,1,1,0,0,0,0,TRUST_RESTORED,1,1
S8-0830,PROFILE_512_44,P2_HYBRID_OVERLAP,R4_CLUSTERED_MEDIUM,A2_DELAY_FIRST_TRANSITION_PROOF_ONE_CONTACT,0,24,1,1,2,12560,1,1,0,0,0,0,TRUST_RESTORED,1,1
S8-0831,PROFILE_512_44,P2_HYBRID_OVERLAP,R4_CLUSTERED_MEDIUM,A2_DELAY_FIRST_TRANSITION_PROOF_ONE_CONTACT,0,48,1,1,2,12560,1,1,0,0,0,0,TRUST_RESTORED,1,1
S8-0832,PROFILE_512_44,P2_HYBRID_OVERLAP,R4_CLUSTERED_MEDIUM,A2_DELAY_FIRST_TRANSITION_PROOF_ONE_CONTACT,1,12,0,,1,5300,0,12,0,0,0,0,INSUFFICIENT_MATERIAL_TRANSFER,,
S8-0833,PROFILE_512_44,P2_HYBRID_OVERLAP,R4_CLUSTERED_MEDIUM,A2_DELAY_FIRST_TRANSITION_PROOF_ONE_CONTACT,1,24,1,12,2,12560,1,12,0,0,0,0,TRUST_RESTORED,12,12
S8-0834,PROFILE_512_44,P2_HYBRID_OVERLAP,R4_CLUSTERED_MEDIUM,A2_DELAY_FIRST_TRANSITION_PROOF_ONE_CONTACT,1,48,1,12,2,12560,1,12,0,0,0,0,TRUST_RESTORED,12,12
S8-0835,PROFILE_512_44,P2_HYBRID_OVERLAP,R4_CLUSTERED_MEDIUM,A2_DELAY_FIRST_TRANSITION_PROOF_ONE_CONTACT,2,12,0,,1,5300,0,12,0,0,0,0,INSUFFICIENT_MATERIAL_TRANSFER,,
S8-0836,PROFILE_512_44,P2_HYBRID_OVERLAP,R4_CLUSTERED_MEDIUM,A2_DELAY_FIRST_TRANSITION_PROOF_ONE_CONTACT,2,24,1,12,2,12560,1,12,0,0,0,0,TRUST_RESTORED,12,12
S8-0837,PROFILE_512_44,P2_HYBRID_OVERLAP,R4_CLUSTERED_MEDIUM,A2_DELAY_FIRST_TRANSITION_PROOF_ONE_CONTACT,2,48,1,12,2,12560,1,12,0,0,0,0,TRUST_RESTORED,12,12
S8-0838,PROFILE_512_44,P2_HYBRID_OVERLAP,R4_CLUSTERED_MEDIUM,A2_DELAY_FIRST_TRANSITION_PROOF_ONE_CONTACT,3,12,1,11,2,12560,1,11,0,0,0,0,TRUST_RESTORED,11,11
S8-0839,PROFILE_512_44,P2_HYBRID_OVERLAP,R4_CLUSTERED_MEDIUM,A2_DELAY_FIRST_TRANSITION_PROOF_ONE_CONTACT,3,24,1,11,2,12560,1,11,0,0,0,0,TRUST_RESTORED,11,11
S8-0840,PROFILE_512_44,P2_HYBRID_OVERLAP,R4_CLUSTERED_MEDIUM,A2_DELAY_FIRST_TRANSITION_PROOF_ONE_CONTACT,3,48,1,11,2,12560,1,11,0,0,0,0,TRUST_RESTORED,11,11
S8-0841,PROFILE_512_44,P2_HYBRID_OVERLAP,R4_CLUSTERED_MEDIUM,A2_DELAY_FIRST_TRANSITION_PROOF_ONE_CONTACT,4,12,1,10,2,12560,1,10,0,0,0,0,TRUST_RESTORED,10,10
S8-0842,PROFILE_512_44,P2_HYBRID_OVERLAP,R4_CLUSTERED_MEDIUM,A2_DELAY_FIRST_TRANSITION_PROOF_ONE_CONTACT,4,24,1,10,2,12560,1,10,0,0,0,0,TRUST_RESTORED,10,10
S8-0843,PROFILE_512_44,P2_HYBRID_OVERLAP,R4_CLUSTERED_MEDIUM,A2_DELAY_FIRST_TRANSITION_PROOF_ONE_CONTACT,4,48,1,10,2,12560,1,10,0,0,0,0,TRUST_RESTORED,10,10
S8-0844,PROFILE_512_44,P2_HYBRID_OVERLAP,R4_CLUSTERED_MEDIUM,A2_DELAY_FIRST_TRANSITION_PROOF_ONE_CONTACT,5,12,1,9,2,12560,1,9,0,0,0,0,TRUST_RESTORED,9,9
S8-0845,PROFILE_512_44,P2_HYBRID_OVERLAP,R4_CLUSTERED_MEDIUM,A2_DELAY_FIRST_TRANSITION_PROOF_ONE_CONTACT,5,24,1,9,2,12560,1,9,0,0,0,0,TRUST_RESTORED,9,9
S8-0846,PROFILE_512_44,P2_HYBRID_OVERLAP,R4_CLUSTERED_MEDIUM,A2_DELAY_FIRST_TRANSITION_PROOF_ONE_CONTACT,5,48,1,9,2,12560,1,9,0,0,0,0,TRUST_RESTORED,9,9
S8-0847,PROFILE_512_44,P2_HYBRID_OVERLAP,R4_CLUSTERED_MEDIUM,A3_STALE_EPOCH_REPLAY_AT_COMMIT,0,12,1,1,2,12560,2,1,0,1,0,0,TRUST_RESTORED,0,1
S8-0848,PROFILE_512_44,P2_HYBRID_OVERLAP,R4_CLUSTERED_MEDIUM,A3_STALE_EPOCH_REPLAY_AT_COMMIT,0,24,1,1,2,12560,2,1,0,1,0,0,TRUST_RESTORED,0,1
S8-0849,PROFILE_512_44,P2_HYBRID_OVERLAP,R4_CLUSTERED_MEDIUM,A3_STALE_EPOCH_REPLAY_AT_COMMIT,0,48,1,1,2,12560,2,1,0,1,0,0,TRUST_RESTORED,0,1
S8-0850,PROFILE_512_44,P2_HYBRID_OVERLAP,R4_CLUSTERED_MEDIUM,A3_STALE_EPOCH_REPLAY_AT_COMMIT,1,12,0,,1,7720,1,12,0,12,0,0,INSUFFICIENT_MATERIAL_TRANSFER,0,
S8-0851,PROFILE_512_44,P2_HYBRID_OVERLAP,R4_CLUSTERED_MEDIUM,A3_STALE_EPOCH_REPLAY_AT_COMMIT,1,24,1,12,2,12560,2,12,0,12,0,0,TRUST_RESTORED,0,12
S8-0852,PROFILE_512_44,P2_HYBRID_OVERLAP,R4_CLUSTERED_MEDIUM,A3_STALE_EPOCH_REPLAY_AT_COMMIT,1,48,1,12,2,12560,2,12,0,12,0,0,TRUST_RESTORED,0,12
S8-0853,PROFILE_512_44,P2_HYBRID_OVERLAP,R4_CLUSTERED_MEDIUM,A3_STALE_EPOCH_REPLAY_AT_COMMIT,2,12,0,,1,7720,1,12,0,1,0,0,INSUFFICIENT_MATERIAL_TRANSFER,11,
S8-0854,PROFILE_512_44,P2_HYBRID_OVERLAP,R4_CLUSTERED_MEDIUM,A3_STALE_EPOCH_REPLAY_AT_COMMIT,2,24,1,12,2,12560,2,12,0,1,0,0,TRUST_RESTORED,11,12
S8-0855,PROFILE_512_44,P2_HYBRID_OVERLAP,R4_CLUSTERED_MEDIUM,A3_STALE_EPOCH_REPLAY_AT_COMMIT,2,48,1,12,2,12560,2,12,0,1,0,0,TRUST_RESTORED,11,12
S8-0856,PROFILE_512_44,P2_HYBRID_OVERLAP,R4_CLUSTERED_MEDIUM,A3_STALE_EPOCH_REPLAY_AT_COMMIT,3,12,1,11,2,12560,2,11,0,1,0,0,TRUST_RESTORED,10,11
S8-0857,PROFILE_512_44,P2_HYBRID_OVERLAP,R4_CLUSTERED_MEDIUM,A3_STALE_EPOCH_REPLAY_AT_COMMIT,3,24,1,11,2,12560,2,11,0,1,0,0,TRUST_RESTORED,10,11
S8-0858,PROFILE_512_44,P2_HYBRID_OVERLAP,R4_CLUSTERED_MEDIUM,A3_STALE_EPOCH_REPLAY_AT_COMMIT,3,48,1,11,2,12560,2,11,0,1,0,0,TRUST_RESTORED,10,11
S8-0859,PROFILE_512_44,P2_HYBRID_OVERLAP,R4_CLUSTERED_MEDIUM,A3_STALE_EPOCH_REPLAY_AT_COMMIT,4,12,1,10,2,12560,2,10,0,1,0,0,TRUST_RESTORED,9,10
S8-0860,PROFILE_512_44,P2_HYBRID_OVERLAP,R4_CLUSTERED_MEDIUM,A3_STALE_EPOCH_REPLAY_AT_COMMIT,4,24,1,10,2,12560,2,10,0,1,0,0,TRUST_RESTORED,9,10
S8-0861,PROFILE_512_44,P2_HYBRID_OVERLAP,R4_CLUSTERED_MEDIUM,A3_STALE_EPOCH_REPLAY_AT_COMMIT,4,48,1,10,2,12560,2,10,0,1,0,0,TRUST_RESTORED,9,10
S8-0862,PROFILE_512_44,P2_HYBRID_OVERLAP,R4_CLUSTERED_MEDIUM,A3_STALE_EPOCH_REPLAY_AT_COMMIT,5,12,1,9,2,12560,2,9,0,1,0,0,TRUST_RESTORED,8,9
S8-0863,PROFILE_512_44,P2_HYBRID_OVERLAP,R4_CLUSTERED_MEDIUM,A3_STALE_EPOCH_REPLAY_AT_COMMIT,5,24,1,9,2,12560,2,9,0,1,0,0,TRUST_RESTORED,8,9
S8-0864,PROFILE_512_44,P2_HYBRID_OVERLAP,R4_CLUSTERED_MEDIUM,A3_STALE_EPOCH_REPLAY_AT_COMMIT,5,48,1,9,2,12560,2,9,0,1,0,0,TRUST_RESTORED,8,9
S8-0865,PROFILE_512_44,P3_CONTACT_AWARE_STAGED,R1_FREQUENT_SMALL,A0_NONE,0,12,1,8,4,12560,1,5,0,0,0,0,TRUST_RESTORED,2,5
S8-0866,PROFILE_512_44,P3_CONTACT_AWARE_STAGED,R1_FREQUENT_SMALL,A0_NONE,0,24,1,8,4,12560,1,5,0,0,0,0,TRUST_RESTORED,2,5
S8-0867,PROFILE_512_44,P3_CONTACT_AWARE_STAGED,R1_FREQUENT_SMALL,A0_NONE,0,48,1,8,4,12560,1,5,0,0,0,0,TRUST_RESTORED,2,5
S8-0868,PROFILE_512_44,P3_CONTACT_AWARE_STAGED,R1_FREQUENT_SMALL,A0_NONE,1,12,1,10,4,12560,1,7,0,0,0,0,TRUST_RESTORED,4,7
S8-0869,PROFILE_512_44,P3_CONTACT_AWARE_STAGED,R1_FREQUENT_SMALL,A0_NONE,1,24,1,10,4,12560,1,7,0,0,0,0,TRUST_RESTORED,4,7
S8-0870,PROFILE_512_44,P3_CONTACT_AWARE_STAGED,R1_FREQUENT_SMALL,A0_NONE,1,48,1,10,4,12560,1,7,0,0,0,0,TRUST_RESTORED,4,7
S8-0871,PROFILE_512_44,P3_CONTACT_AWARE_STAGED,R1_FREQUENT_SMALL,A0_NONE,2,12,1,9,4,12560,1,6,0,0,0,0,TRUST_RESTORED,3,6
S8-0872,PROFILE_512_44,P3_CONTACT_AWARE_STAGED,R1_FREQUENT_SMALL,A0_NONE,2,24,1,9,4,12560,1,6,0,0,0,0,TRUST_RESTORED,3,6
S8-0873,PROFILE_512_44,P3_CONTACT_AWARE_STAGED,R1_FREQUENT_SMALL,A0_NONE,2,48,1,9,4,12560,1,6,0,0,0,0,TRUST_RESTORED,3,6
S8-0874,PROFILE_512_44,P3_CONTACT_AWARE_STAGED,R1_FREQUENT_SMALL,A0_NONE,3,12,1,11,4,12560,1,8,0,0,0,0,TRUST_RESTORED,5,8
S8-0875,PROFILE_512_44,P3_CONTACT_AWARE_STAGED,R1_FREQUENT_SMALL,A0_NONE,3,24,1,11,4,12560,1,8,0,0,0,0,TRUST_RESTORED,5,8
S8-0876,PROFILE_512_44,P3_CONTACT_AWARE_STAGED,R1_FREQUENT_SMALL,A0_NONE,3,48,1,11,4,12560,1,8,0,0,0,0,TRUST_RESTORED,5,8
S8-0877,PROFILE_512_44,P3_CONTACT_AWARE_STAGED,R1_FREQUENT_SMALL,A0_NONE,4,12,1,10,4,12560,1,7,0,0,0,0,TRUST_RESTORED,4,7
S8-0878,PROFILE_512_44,P3_CONTACT_AWARE_STAGED,R1_FREQUENT_SMALL,A0_NONE,4,24,1,10,4,12560,1,7,0,0,0,0,TRUST_RESTORED,4,7
S8-0879,PROFILE_512_44,P3_CONTACT_AWARE_STAGED,R1_FREQUENT_SMALL,A0_NONE,4,48,1,10,4,12560,1,7,0,0,0,0,TRUST_RESTORED,4,7
S8-0880,PROFILE_512_44,P3_CONTACT_AWARE_STAGED,R1_FREQUENT_SMALL,A0_NONE,5,12,1,9,4,12560,1,6,0,0,0,0,TRUST_RESTORED,3,6
S8-0881,PROFILE_512_44,P3_CONTACT_AWARE_STAGED,R1_FREQUENT_SMALL,A0_NONE,5,24,1,9,4,12560,1,6,0,0,0,0,TRUST_RESTORED,3,6
S8-0882,PROFILE_512_44,P3_CONTACT_AWARE_STAGED,R1_FREQUENT_SMALL,A0_NONE,5,48,1,9,4,12560,1,6,0,0,0,0,TRUST_RESTORED,3,6
S8-0883,PROFILE_512_44,P3_CONTACT_AWARE_STAGED,R1_FREQUENT_SMALL,A1_DROP_FIRST_LARGEST_OBJECT_FRAGMENT,0,12,1,8,4,14980,1,8,0,0,0,0,TRUST_RESTORED,5,8
S8-0884,PROFILE_512_44,P3_CONTACT_AWARE_STAGED,R1_FREQUENT_SMALL,A1_DROP_FIRST_LARGEST_OBJECT_FRAGMENT,0,24,1,8,4,14980,1,8,0,0,0,0,TRUST_RESTORED,5,8
S8-0885,PROFILE_512_44,P3_CONTACT_AWARE_STAGED,R1_FREQUENT_SMALL,A1_DROP_FIRST_LARGEST_OBJECT_FRAGMENT,0,48,1,8,4,14980,1,8,0,0,0,0,TRUST_RESTORED,5,8
S8-0886,PROFILE_512_44,P3_CONTACT_AWARE_STAGED,R1_FREQUENT_SMALL,A1_DROP_FIRST_LARGEST_OBJECT_FRAGMENT,1,12,1,10,4,14980,1,10,0,0,0,0,TRUST_RESTORED,7,10
S8-0887,PROFILE_512_44,P3_CONTACT_AWARE_STAGED,R1_FREQUENT_SMALL,A1_DROP_FIRST_LARGEST_OBJECT_FRAGMENT,1,24,1,10,4,14980,1,10,0,0,0,0,TRUST_RESTORED,7,10
S8-0888,PROFILE_512_44,P3_CONTACT_AWARE_STAGED,R1_FREQUENT_SMALL,A1_DROP_FIRST_LARGEST_OBJECT_FRAGMENT,1,48,1,10,4,14980,1,10,0,0,0,0,TRUST_RESTORED,7,10
S8-0889,PROFILE_512_44,P3_CONTACT_AWARE_STAGED,R1_FREQUENT_SMALL,A1_DROP_FIRST_LARGEST_OBJECT_FRAGMENT,2,12,1,9,4,14980,1,9,0,0,0,0,TRUST_RESTORED,6,9
S8-0890,PROFILE_512_44,P3_CONTACT_AWARE_STAGED,R1_FREQUENT_SMALL,A1_DROP_FIRST_LARGEST_OBJECT_FRAGMENT,2,24,1,9,4,14980,1,9,0,0,0,0,TRUST_RESTORED,6,9
S8-0891,PROFILE_512_44,P3_CONTACT_AWARE_STAGED,R1_FREQUENT_SMALL,A1_DROP_FIRST_LARGEST_OBJECT_FRAGMENT,2,48,1,9,4,14980,1,9,0,0,0,0,TRUST_RESTORED,6,9
S8-0892,PROFILE_512_44,P3_CONTACT_AWARE_STAGED,R1_FREQUENT_SMALL,A1_DROP_FIRST_LARGEST_OBJECT_FRAGMENT,3,12,1,11,4,14980,1,11,0,0,0,0,TRUST_RESTORED,8,11
S8-0893,PROFILE_512_44,P3_CONTACT_AWARE_STAGED,R1_FREQUENT_SMALL,A1_DROP_FIRST_LARGEST_OBJECT_FRAGMENT,3,24,1,11,4,14980,1,11,0,0,0,0,TRUST_RESTORED,8,11
S8-0894,PROFILE_512_44,P3_CONTACT_AWARE_STAGED,R1_FREQUENT_SMALL,A1_DROP_FIRST_LARGEST_OBJECT_FRAGMENT,3,48,1,11,4,14980,1,11,0,0,0,0,TRUST_RESTORED,8,11
S8-0895,PROFILE_512_44,P3_CONTACT_AWARE_STAGED,R1_FREQUENT_SMALL,A1_DROP_FIRST_LARGEST_OBJECT_FRAGMENT,4,12,1,10,4,14980,1,10,0,0,0,0,TRUST_RESTORED,7,10
S8-0896,PROFILE_512_44,P3_CONTACT_AWARE_STAGED,R1_FREQUENT_SMALL,A1_DROP_FIRST_LARGEST_OBJECT_FRAGMENT,4,24,1,10,4,14980,1,10,0,0,0,0,TRUST_RESTORED,7,10
S8-0897,PROFILE_512_44,P3_CONTACT_AWARE_STAGED,R1_FREQUENT_SMALL,A1_DROP_FIRST_LARGEST_OBJECT_FRAGMENT,4,48,1,10,4,14980,1,10,0,0,0,0,TRUST_RESTORED,7,10
S8-0898,PROFILE_512_44,P3_CONTACT_AWARE_STAGED,R1_FREQUENT_SMALL,A1_DROP_FIRST_LARGEST_OBJECT_FRAGMENT,5,12,1,9,4,14980,1,9,0,0,0,0,TRUST_RESTORED,6,9
S8-0899,PROFILE_512_44,P3_CONTACT_AWARE_STAGED,R1_FREQUENT_SMALL,A1_DROP_FIRST_LARGEST_OBJECT_FRAGMENT,5,24,1,9,4,14980,1,9,0,0,0,0,TRUST_RESTORED,6,9
S8-0900,PROFILE_512_44,P3_CONTACT_AWARE_STAGED,R1_FREQUENT_SMALL,A1_DROP_FIRST_LARGEST_OBJECT_FRAGMENT,5,48,1,9,4,14980,1,9,0,0,0,0,TRUST_RESTORED,6,9
S8-0901,PROFILE_512_44,P3_CONTACT_AWARE_STAGED,R1_FREQUENT_SMALL,A2_DELAY_FIRST_TRANSITION_PROOF_ONE_CONTACT,0,12,1,8,4,12560,1,8,0,0,0,0,TRUST_RESTORED,5,8
S8-0902,PROFILE_512_44,P3_CONTACT_AWARE_STAGED,R1_FREQUENT_SMALL,A2_DELAY_FIRST_TRANSITION_PROOF_ONE_CONTACT,0,24,1,8,4,12560,1,8,0,0,0,0,TRUST_RESTORED,5,8
S8-0903,PROFILE_512_44,P3_CONTACT_AWARE_STAGED,R1_FREQUENT_SMALL,A2_DELAY_FIRST_TRANSITION_PROOF_ONE_CONTACT,0,48,1,8,4,12560,1,8,0,0,0,0,TRUST_RESTORED,5,8
S8-0904,PROFILE_512_44,P3_CONTACT_AWARE_STAGED,R1_FREQUENT_SMALL,A2_DELAY_FIRST_TRANSITION_PROOF_ONE_CONTACT,1,12,1,10,4,12560,1,10,0,0,0,0,TRUST_RESTORED,7,10
S8-0905,PROFILE_512_44,P3_CONTACT_AWARE_STAGED,R1_FREQUENT_SMALL,A2_DELAY_FIRST_TRANSITION_PROOF_ONE_CONTACT,1,24,1,10,4,12560,1,10,0,0,0,0,TRUST_RESTORED,7,10
S8-0906,PROFILE_512_44,P3_CONTACT_AWARE_STAGED,R1_FREQUENT_SMALL,A2_DELAY_FIRST_TRANSITION_PROOF_ONE_CONTACT,1,48,1,10,4,12560,1,10,0,0,0,0,TRUST_RESTORED,7,10
S8-0907,PROFILE_512_44,P3_CONTACT_AWARE_STAGED,R1_FREQUENT_SMALL,A2_DELAY_FIRST_TRANSITION_PROOF_ONE_CONTACT,2,12,1,9,4,12560,1,9,0,0,0,0,TRUST_RESTORED,6,9
S8-0908,PROFILE_512_44,P3_CONTACT_AWARE_STAGED,R1_FREQUENT_SMALL,A2_DELAY_FIRST_TRANSITION_PROOF_ONE_CONTACT,2,24,1,9,4,12560,1,9,0,0,0,0,TRUST_RESTORED,6,9
S8-0909,PROFILE_512_44,P3_CONTACT_AWARE_STAGED,R1_FREQUENT_SMALL,A2_DELAY_FIRST_TRANSITION_PROOF_ONE_CONTACT,2,48,1,9,4,12560,1,9,0,0,0,0,TRUST_RESTORED,6,9
S8-0910,PROFILE_512_44,P3_CONTACT_AWARE_STAGED,R1_FREQUENT_SMALL,A2_DELAY_FIRST_TRANSITION_PROOF_ONE_CONTACT,3,12,1,11,4,12560,1,11,0,0,0,0,TRUST_RESTORED,8,11
S8-0911,PROFILE_512_44,P3_CONTACT_AWARE_STAGED,R1_FREQUENT_SMALL,A2_DELAY_FIRST_TRANSITION_PROOF_ONE_CONTACT,3,24,1,11,4,12560,1,11,0,0,0,0,TRUST_RESTORED,8,11
S8-0912,PROFILE_512_44,P3_CONTACT_AWARE_STAGED,R1_FREQUENT_SMALL,A2_DELAY_FIRST_TRANSITION_PROOF_ONE_CONTACT,3,48,1,11,4,12560,1,11,0,0,0,0,TRUST_RESTORED,8,11
S8-0913,PROFILE_512_44,P3_CONTACT_AWARE_STAGED,R1_FREQUENT_SMALL,A2_DELAY_FIRST_TRANSITION_PROOF_ONE_CONTACT,4,12,1,10,4,12560,1,10,0,0,0,0,TRUST_RESTORED,7,10
S8-0914,PROFILE_512_44,P3_CONTACT_AWARE_STAGED,R1_FREQUENT_SMALL,A2_DELAY_FIRST_TRANSITION_PROOF_ONE_CONTACT,4,24,1,10,4,12560,1,10,0,0,0,0,TRUST_RESTORED,7,10
S8-0915,PROFILE_512_44,P3_CONTACT_AWARE_STAGED,R1_FREQUENT_SMALL,A2_DELAY_FIRST_TRANSITION_PROOF_ONE_CONTACT,4,48,1,10,4,12560,1,10,0,0,0,0,TRUST_RESTORED,7,10
S8-0916,PROFILE_512_44,P3_CONTACT_AWARE_STAGED,R1_FREQUENT_SMALL,A2_DELAY_FIRST_TRANSITION_PROOF_ONE_CONTACT,5,12,1,9,4,12560,1,9,0,0,0,0,TRUST_RESTORED,6,9
S8-0917,PROFILE_512_44,P3_CONTACT_AWARE_STAGED,R1_FREQUENT_SMALL,A2_DELAY_FIRST_TRANSITION_PROOF_ONE_CONTACT,5,24,1,9,4,12560,1,9,0,0,0,0,TRUST_RESTORED,6,9
S8-0918,PROFILE_512_44,P3_CONTACT_AWARE_STAGED,R1_FREQUENT_SMALL,A2_DELAY_FIRST_TRANSITION_PROOF_ONE_CONTACT,5,48,1,9,4,12560,1,9,0,0,0,0,TRUST_RESTORED,6,9
S8-0919,PROFILE_512_44,P3_CONTACT_AWARE_STAGED,R1_FREQUENT_SMALL,A3_STALE_EPOCH_REPLAY_AT_COMMIT,0,12,1,8,4,12560,2,5,0,0,0,0,TRUST_RESTORED,2,5
S8-0920,PROFILE_512_44,P3_CONTACT_AWARE_STAGED,R1_FREQUENT_SMALL,A3_STALE_EPOCH_REPLAY_AT_COMMIT,0,24,1,8,4,12560,2,5,0,0,0,0,TRUST_RESTORED,2,5
S8-0921,PROFILE_512_44,P3_CONTACT_AWARE_STAGED,R1_FREQUENT_SMALL,A3_STALE_EPOCH_REPLAY_AT_COMMIT,0,48,1,8,4,12560,2,5,0,0,0,0,TRUST_RESTORED,2,5
S8-0922,PROFILE_512_44,P3_CONTACT_AWARE_STAGED,R1_FREQUENT_SMALL,A3_STALE_EPOCH_REPLAY_AT_COMMIT,1,12,1,10,4,12560,2,7,0,0,0,0,TRUST_RESTORED,4,7
S8-0923,PROFILE_512_44,P3_CONTACT_AWARE_STAGED,R1_FREQUENT_SMALL,A3_STALE_EPOCH_REPLAY_AT_COMMIT,1,24,1,10,4,12560,2,7,0,0,0,0,TRUST_RESTORED,4,7
S8-0924,PROFILE_512_44,P3_CONTACT_AWARE_STAGED,R1_FREQUENT_SMALL,A3_STALE_EPOCH_REPLAY_AT_COMMIT,1,48,1,10,4,12560,2,7,0,0,0,0,TRUST_RESTORED,4,7
S8-0925,PROFILE_512_44,P3_CONTACT_AWARE_STAGED,R1_FREQUENT_SMALL,A3_STALE_EPOCH_REPLAY_AT_COMMIT,2,12,1,9,4,12560,2,6,0,0,0,0,TRUST_RESTORED,3,6
S8-0926,PROFILE_512_44,P3_CONTACT_AWARE_STAGED,R1_FREQUENT_SMALL,A3_STALE_EPOCH_REPLAY_AT_COMMIT,2,24,1,9,4,12560,2,6,0,0,0,0,TRUST_RESTORED,3,6
S8-0927,PROFILE_512_44,P3_CONTACT_AWARE_STAGED,R1_FREQUENT_SMALL,A3_STALE_EPOCH_REPLAY_AT_COMMIT,2,48,1,9,4,12560,2,6,0,0,0,0,TRUST_RESTORED,3,6
S8-0928,PROFILE_512_44,P3_CONTACT_AWARE_STAGED,R1_FREQUENT_SMALL,A3_STALE_EPOCH_REPLAY_AT_COMMIT,3,12,1,11,4,12560,2,8,0,0,0,0,TRUST_RESTORED,5,8
S8-0929,PROFILE_512_44,P3_CONTACT_AWARE_STAGED,R1_FREQUENT_SMALL,A3_STALE_EPOCH_REPLAY_AT_COMMIT,3,24,1,11,4,12560,2,8,0,0,0,0,TRUST_RESTORED,5,8
S8-0930,PROFILE_512_44,P3_CONTACT_AWARE_STAGED,R1_FREQUENT_SMALL,A3_STALE_EPOCH_REPLAY_AT_COMMIT,3,48,1,11,4,12560,2,8,0,0,0,0,TRUST_RESTORED,5,8
S8-0931,PROFILE_512_44,P3_CONTACT_AWARE_STAGED,R1_FREQUENT_SMALL,A3_STALE_EPOCH_REPLAY_AT_COMMIT,4,12,1,10,4,12560,2,7,0,0,0,0,TRUST_RESTORED,4,7
S8-0932,PROFILE_512_44,P3_CONTACT_AWARE_STAGED,R1_FREQUENT_SMALL,A3_STALE_EPOCH_REPLAY_AT_COMMIT,4,24,1,10,4,12560,2,7,0,0,0,0,TRUST_RESTORED,4,7
S8-0933,PROFILE_512_44,P3_CONTACT_AWARE_STAGED,R1_FREQUENT_SMALL,A3_STALE_EPOCH_REPLAY_AT_COMMIT,4,48,1,10,4,12560,2,7,0,0,0,0,TRUST_RESTORED,4,7
S8-0934,PROFILE_512_44,P3_CONTACT_AWARE_STAGED,R1_FREQUENT_SMALL,A3_STALE_EPOCH_REPLAY_AT_COMMIT,5,12,1,9,4,12560,2,6,0,0,0,0,TRUST_RESTORED,3,6
S8-0935,PROFILE_512_44,P3_CONTACT_AWARE_STAGED,R1_FREQUENT_SMALL,A3_STALE_EPOCH_REPLAY_AT_COMMIT,5,24,1,9,4,12560,2,6,0,0,0,0,TRUST_RESTORED,3,6
S8-0936,PROFILE_512_44,P3_CONTACT_AWARE_STAGED,R1_FREQUENT_SMALL,A3_STALE_EPOCH_REPLAY_AT_COMMIT,5,48,1,9,4,12560,2,6,0,0,0,0,TRUST_RESTORED,3,6
S8-0937,PROFILE_512_44,P3_CONTACT_AWARE_STAGED,R2_PERIODIC_MEDIUM,A0_NONE,0,12,1,5,2,12560,1,5,0,0,0,0,TRUST_RESTORED,0,5
S8-0938,PROFILE_512_44,P3_CONTACT_AWARE_STAGED,R2_PERIODIC_MEDIUM,A0_NONE,0,24,1,5,2,12560,1,5,0,0,0,0,TRUST_RESTORED,0,5
S8-0939,PROFILE_512_44,P3_CONTACT_AWARE_STAGED,R2_PERIODIC_MEDIUM,A0_NONE,0,48,1,5,2,12560,1,5,0,0,0,0,TRUST_RESTORED,0,5
S8-0940,PROFILE_512_44,P3_CONTACT_AWARE_STAGED,R2_PERIODIC_MEDIUM,A0_NONE,1,12,1,10,2,12560,1,10,0,0,0,0,TRUST_RESTORED,4,10
S8-0941,PROFILE_512_44,P3_CONTACT_AWARE_STAGED,R2_PERIODIC_MEDIUM,A0_NONE,1,24,1,10,2,12560,1,10,0,0,0,0,TRUST_RESTORED,4,10
S8-0942,PROFILE_512_44,P3_CONTACT_AWARE_STAGED,R2_PERIODIC_MEDIUM,A0_NONE,1,48,1,10,2,12560,1,10,0,0,0,0,TRUST_RESTORED,4,10
S8-0943,PROFILE_512_44,P3_CONTACT_AWARE_STAGED,R2_PERIODIC_MEDIUM,A0_NONE,2,12,1,9,2,12560,1,9,0,0,0,0,TRUST_RESTORED,3,9
S8-0944,PROFILE_512_44,P3_CONTACT_AWARE_STAGED,R2_PERIODIC_MEDIUM,A0_NONE,2,24,1,9,2,12560,1,9,0,0,0,0,TRUST_RESTORED,3,9
S8-0945,PROFILE_512_44,P3_CONTACT_AWARE_STAGED,R2_PERIODIC_MEDIUM,A0_NONE,2,48,1,9,2,12560,1,9,0,0,0,0,TRUST_RESTORED,3,9
S8-0946,PROFILE_512_44,P3_CONTACT_AWARE_STAGED,R2_PERIODIC_MEDIUM,A0_NONE,3,12,1,8,2,12560,1,8,0,0,0,0,TRUST_RESTORED,2,8
S8-0947,PROFILE_512_44,P3_CONTACT_AWARE_STAGED,R2_PERIODIC_MEDIUM,A0_NONE,3,24,1,8,2,12560,1,8,0,0,0,0,TRUST_RESTORED,2,8
S8-0948,PROFILE_512_44,P3_CONTACT_AWARE_STAGED,R2_PERIODIC_MEDIUM,A0_NONE,3,48,1,8,2,12560,1,8,0,0,0,0,TRUST_RESTORED,2,8
S8-0949,PROFILE_512_44,P3_CONTACT_AWARE_STAGED,R2_PERIODIC_MEDIUM,A0_NONE,4,12,1,7,2,12560,1,7,0,0,0,0,TRUST_RESTORED,1,7
S8-0950,PROFILE_512_44,P3_CONTACT_AWARE_STAGED,R2_PERIODIC_MEDIUM,A0_NONE,4,24,1,7,2,12560,1,7,0,0,0,0,TRUST_RESTORED,1,7
S8-0951,PROFILE_512_44,P3_CONTACT_AWARE_STAGED,R2_PERIODIC_MEDIUM,A0_NONE,4,48,1,7,2,12560,1,7,0,0,0,0,TRUST_RESTORED,1,7
S8-0952,PROFILE_512_44,P3_CONTACT_AWARE_STAGED,R2_PERIODIC_MEDIUM,A0_NONE,5,12,1,6,2,12560,1,6,0,0,0,0,TRUST_RESTORED,0,6
S8-0953,PROFILE_512_44,P3_CONTACT_AWARE_STAGED,R2_PERIODIC_MEDIUM,A0_NONE,5,24,1,6,2,12560,1,6,0,0,0,0,TRUST_RESTORED,0,6
S8-0954,PROFILE_512_44,P3_CONTACT_AWARE_STAGED,R2_PERIODIC_MEDIUM,A0_NONE,5,48,1,6,2,12560,1,6,0,0,0,0,TRUST_RESTORED,0,6
S8-0955,PROFILE_512_44,P3_CONTACT_AWARE_STAGED,R2_PERIODIC_MEDIUM,A1_DROP_FIRST_LARGEST_OBJECT_FRAGMENT,0,12,1,5,2,14980,1,5,0,0,0,0,TRUST_RESTORED,5,5
S8-0956,PROFILE_512_44,P3_CONTACT_AWARE_STAGED,R2_PERIODIC_MEDIUM,A1_DROP_FIRST_LARGEST_OBJECT_FRAGMENT,0,24,1,5,2,14980,1,5,0,0,0,0,TRUST_RESTORED,5,5
S8-0957,PROFILE_512_44,P3_CONTACT_AWARE_STAGED,R2_PERIODIC_MEDIUM,A1_DROP_FIRST_LARGEST_OBJECT_FRAGMENT,0,48,1,5,2,14980,1,5,0,0,0,0,TRUST_RESTORED,5,5
S8-0958,PROFILE_512_44,P3_CONTACT_AWARE_STAGED,R2_PERIODIC_MEDIUM,A1_DROP_FIRST_LARGEST_OBJECT_FRAGMENT,1,12,1,10,2,14980,1,10,0,0,0,0,TRUST_RESTORED,10,10
S8-0959,PROFILE_512_44,P3_CONTACT_AWARE_STAGED,R2_PERIODIC_MEDIUM,A1_DROP_FIRST_LARGEST_OBJECT_FRAGMENT,1,24,1,10,2,14980,1,10,0,0,0,0,TRUST_RESTORED,10,10
S8-0960,PROFILE_512_44,P3_CONTACT_AWARE_STAGED,R2_PERIODIC_MEDIUM,A1_DROP_FIRST_LARGEST_OBJECT_FRAGMENT,1,48,1,10,2,14980,1,10,0,0,0,0,TRUST_RESTORED,10,10
S8-0961,PROFILE_512_44,P3_CONTACT_AWARE_STAGED,R2_PERIODIC_MEDIUM,A1_DROP_FIRST_LARGEST_OBJECT_FRAGMENT,2,12,1,9,2,14980,1,9,0,0,0,0,TRUST_RESTORED,9,9
S8-0962,PROFILE_512_44,P3_CONTACT_AWARE_STAGED,R2_PERIODIC_MEDIUM,A1_DROP_FIRST_LARGEST_OBJECT_FRAGMENT,2,24,1,9,2,14980,1,9,0,0,0,0,TRUST_RESTORED,9,9
S8-0963,PROFILE_512_44,P3_CONTACT_AWARE_STAGED,R2_PERIODIC_MEDIUM,A1_DROP_FIRST_LARGEST_OBJECT_FRAGMENT,2,48,1,9,2,14980,1,9,0,0,0,0,TRUST_RESTORED,9,9
S8-0964,PROFILE_512_44,P3_CONTACT_AWARE_STAGED,R2_PERIODIC_MEDIUM,A1_DROP_FIRST_LARGEST_OBJECT_FRAGMENT,3,12,1,8,2,14980,1,8,0,0,0,0,TRUST_RESTORED,8,8
S8-0965,PROFILE_512_44,P3_CONTACT_AWARE_STAGED,R2_PERIODIC_MEDIUM,A1_DROP_FIRST_LARGEST_OBJECT_FRAGMENT,3,24,1,8,2,14980,1,8,0,0,0,0,TRUST_RESTORED,8,8
S8-0966,PROFILE_512_44,P3_CONTACT_AWARE_STAGED,R2_PERIODIC_MEDIUM,A1_DROP_FIRST_LARGEST_OBJECT_FRAGMENT,3,48,1,8,2,14980,1,8,0,0,0,0,TRUST_RESTORED,8,8
S8-0967,PROFILE_512_44,P3_CONTACT_AWARE_STAGED,R2_PERIODIC_MEDIUM,A1_DROP_FIRST_LARGEST_OBJECT_FRAGMENT,4,12,1,7,2,14980,1,7,0,0,0,0,TRUST_RESTORED,7,7
S8-0968,PROFILE_512_44,P3_CONTACT_AWARE_STAGED,R2_PERIODIC_MEDIUM,A1_DROP_FIRST_LARGEST_OBJECT_FRAGMENT,4,24,1,7,2,14980,1,7,0,0,0,0,TRUST_RESTORED,7,7
S8-0969,PROFILE_512_44,P3_CONTACT_AWARE_STAGED,R2_PERIODIC_MEDIUM,A1_DROP_FIRST_LARGEST_OBJECT_FRAGMENT,4,48,1,7,2,14980,1,7,0,0,0,0,TRUST_RESTORED,7,7
S8-0970,PROFILE_512_44,P3_CONTACT_AWARE_STAGED,R2_PERIODIC_MEDIUM,A1_DROP_FIRST_LARGEST_OBJECT_FRAGMENT,5,12,1,6,2,14980,1,6,0,0,0,0,TRUST_RESTORED,6,6
S8-0971,PROFILE_512_44,P3_CONTACT_AWARE_STAGED,R2_PERIODIC_MEDIUM,A1_DROP_FIRST_LARGEST_OBJECT_FRAGMENT,5,24,1,6,2,14980,1,6,0,0,0,0,TRUST_RESTORED,6,6
S8-0972,PROFILE_512_44,P3_CONTACT_AWARE_STAGED,R2_PERIODIC_MEDIUM,A1_DROP_FIRST_LARGEST_OBJECT_FRAGMENT,5,48,1,6,2,14980,1,6,0,0,0,0,TRUST_RESTORED,6,6
S8-0973,PROFILE_512_44,P3_CONTACT_AWARE_STAGED,R2_PERIODIC_MEDIUM,A2_DELAY_FIRST_TRANSITION_PROOF_ONE_CONTACT,0,12,1,5,2,12560,1,5,0,0,0,0,TRUST_RESTORED,5,5
S8-0974,PROFILE_512_44,P3_CONTACT_AWARE_STAGED,R2_PERIODIC_MEDIUM,A2_DELAY_FIRST_TRANSITION_PROOF_ONE_CONTACT,0,24,1,5,2,12560,1,5,0,0,0,0,TRUST_RESTORED,5,5
S8-0975,PROFILE_512_44,P3_CONTACT_AWARE_STAGED,R2_PERIODIC_MEDIUM,A2_DELAY_FIRST_TRANSITION_PROOF_ONE_CONTACT,0,48,1,5,2,12560,1,5,0,0,0,0,TRUST_RESTORED,5,5
S8-0976,PROFILE_512_44,P3_CONTACT_AWARE_STAGED,R2_PERIODIC_MEDIUM,A2_DELAY_FIRST_TRANSITION_PROOF_ONE_CONTACT,1,12,1,10,2,12560,1,10,0,0,0,0,TRUST_RESTORED,10,10
S8-0977,PROFILE_512_44,P3_CONTACT_AWARE_STAGED,R2_PERIODIC_MEDIUM,A2_DELAY_FIRST_TRANSITION_PROOF_ONE_CONTACT,1,24,1,10,2,12560,1,10,0,0,0,0,TRUST_RESTORED,10,10
S8-0978,PROFILE_512_44,P3_CONTACT_AWARE_STAGED,R2_PERIODIC_MEDIUM,A2_DELAY_FIRST_TRANSITION_PROOF_ONE_CONTACT,1,48,1,10,2,12560,1,10,0,0,0,0,TRUST_RESTORED,10,10
S8-0979,PROFILE_512_44,P3_CONTACT_AWARE_STAGED,R2_PERIODIC_MEDIUM,A2_DELAY_FIRST_TRANSITION_PROOF_ONE_CONTACT,2,12,1,9,2,12560,1,9,0,0,0,0,TRUST_RESTORED,9,9
S8-0980,PROFILE_512_44,P3_CONTACT_AWARE_STAGED,R2_PERIODIC_MEDIUM,A2_DELAY_FIRST_TRANSITION_PROOF_ONE_CONTACT,2,24,1,9,2,12560,1,9,0,0,0,0,TRUST_RESTORED,9,9
S8-0981,PROFILE_512_44,P3_CONTACT_AWARE_STAGED,R2_PERIODIC_MEDIUM,A2_DELAY_FIRST_TRANSITION_PROOF_ONE_CONTACT,2,48,1,9,2,12560,1,9,0,0,0,0,TRUST_RESTORED,9,9
S8-0982,PROFILE_512_44,P3_CONTACT_AWARE_STAGED,R2_PERIODIC_MEDIUM,A2_DELAY_FIRST_TRANSITION_PROOF_ONE_CONTACT,3,12,1,8,2,12560,1,8,0,0,0,0,TRUST_RESTORED,8,8
S8-0983,PROFILE_512_44,P3_CONTACT_AWARE_STAGED,R2_PERIODIC_MEDIUM,A2_DELAY_FIRST_TRANSITION_PROOF_ONE_CONTACT,3,24,1,8,2,12560,1,8,0,0,0,0,TRUST_RESTORED,8,8
S8-0984,PROFILE_512_44,P3_CONTACT_AWARE_STAGED,R2_PERIODIC_MEDIUM,A2_DELAY_FIRST_TRANSITION_PROOF_ONE_CONTACT,3,48,1,8,2,12560,1,8,0,0,0,0,TRUST_RESTORED,8,8
S8-0985,PROFILE_512_44,P3_CONTACT_AWARE_STAGED,R2_PERIODIC_MEDIUM,A2_DELAY_FIRST_TRANSITION_PROOF_ONE_CONTACT,4,12,1,7,2,12560,1,7,0,0,0,0,TRUST_RESTORED,7,7
S8-0986,PROFILE_512_44,P3_CONTACT_AWARE_STAGED,R2_PERIODIC_MEDIUM,A2_DELAY_FIRST_TRANSITION_PROOF_ONE_CONTACT,4,24,1,7,2,12560,1,7,0,0,0,0,TRUST_RESTORED,7,7
S8-0987,PROFILE_512_44,P3_CONTACT_AWARE_STAGED,R2_PERIODIC_MEDIUM,A2_DELAY_FIRST_TRANSITION_PROOF_ONE_CONTACT,4,48,1,7,2,12560,1,7,0,0,0,0,TRUST_RESTORED,7,7
S8-0988,PROFILE_512_44,P3_CONTACT_AWARE_STAGED,R2_PERIODIC_MEDIUM,A2_DELAY_FIRST_TRANSITION_PROOF_ONE_CONTACT,5,12,1,6,2,12560,1,6,0,0,0,0,TRUST_RESTORED,6,6
S8-0989,PROFILE_512_44,P3_CONTACT_AWARE_STAGED,R2_PERIODIC_MEDIUM,A2_DELAY_FIRST_TRANSITION_PROOF_ONE_CONTACT,5,24,1,6,2,12560,1,6,0,0,0,0,TRUST_RESTORED,6,6
S8-0990,PROFILE_512_44,P3_CONTACT_AWARE_STAGED,R2_PERIODIC_MEDIUM,A2_DELAY_FIRST_TRANSITION_PROOF_ONE_CONTACT,5,48,1,6,2,12560,1,6,0,0,0,0,TRUST_RESTORED,6,6
S8-0991,PROFILE_512_44,P3_CONTACT_AWARE_STAGED,R2_PERIODIC_MEDIUM,A3_STALE_EPOCH_REPLAY_AT_COMMIT,0,12,1,5,2,12560,2,5,0,0,0,0,TRUST_RESTORED,0,5
S8-0992,PROFILE_512_44,P3_CONTACT_AWARE_STAGED,R2_PERIODIC_MEDIUM,A3_STALE_EPOCH_REPLAY_AT_COMMIT,0,24,1,5,2,12560,2,5,0,0,0,0,TRUST_RESTORED,0,5
S8-0993,PROFILE_512_44,P3_CONTACT_AWARE_STAGED,R2_PERIODIC_MEDIUM,A3_STALE_EPOCH_REPLAY_AT_COMMIT,0,48,1,5,2,12560,2,5,0,0,0,0,TRUST_RESTORED,0,5
S8-0994,PROFILE_512_44,P3_CONTACT_AWARE_STAGED,R2_PERIODIC_MEDIUM,A3_STALE_EPOCH_REPLAY_AT_COMMIT,1,12,1,10,2,12560,2,10,0,0,0,0,TRUST_RESTORED,4,10
S8-0995,PROFILE_512_44,P3_CONTACT_AWARE_STAGED,R2_PERIODIC_MEDIUM,A3_STALE_EPOCH_REPLAY_AT_COMMIT,1,24,1,10,2,12560,2,10,0,0,0,0,TRUST_RESTORED,4,10
S8-0996,PROFILE_512_44,P3_CONTACT_AWARE_STAGED,R2_PERIODIC_MEDIUM,A3_STALE_EPOCH_REPLAY_AT_COMMIT,1,48,1,10,2,12560,2,10,0,0,0,0,TRUST_RESTORED,4,10
S8-0997,PROFILE_512_44,P3_CONTACT_AWARE_STAGED,R2_PERIODIC_MEDIUM,A3_STALE_EPOCH_REPLAY_AT_COMMIT,2,12,1,9,2,12560,2,9,0,0,0,0,TRUST_RESTORED,3,9
S8-0998,PROFILE_512_44,P3_CONTACT_AWARE_STAGED,R2_PERIODIC_MEDIUM,A3_STALE_EPOCH_REPLAY_AT_COMMIT,2,24,1,9,2,12560,2,9,0,0,0,0,TRUST_RESTORED,3,9
S8-0999,PROFILE_512_44,P3_CONTACT_AWARE_STAGED,R2_PERIODIC_MEDIUM,A3_STALE_EPOCH_REPLAY_AT_COMMIT,2,48,1,9,2,12560,2,9,0,0,0,0,TRUST_RESTORED,3,9
S8-1000,PROFILE_512_44,P3_CONTACT_AWARE_STAGED,R2_PERIODIC_MEDIUM,A3_STALE_EPOCH_REPLAY_AT_COMMIT,3,12,1,8,2,12560,2,8,0,0,0,0,TRUST_RESTORED,2,8
S8-1001,PROFILE_512_44,P3_CONTACT_AWARE_STAGED,R2_PERIODIC_MEDIUM,A3_STALE_EPOCH_REPLAY_AT_COMMIT,3,24,1,8,2,12560,2,8,0,0,0,0,TRUST_RESTORED,2,8
S8-1002,PROFILE_512_44,P3_CONTACT_AWARE_STAGED,R2_PERIODIC_MEDIUM,A3_STALE_EPOCH_REPLAY_AT_COMMIT,3,48,1,8,2,12560,2,8,0,0,0,0,TRUST_RESTORED,2,8
S8-1003,PROFILE_512_44,P3_CONTACT_AWARE_STAGED,R2_PERIODIC_MEDIUM,A3_STALE_EPOCH_REPLAY_AT_COMMIT,4,12,1,7,2,12560,2,7,0,0,0,0,TRUST_RESTORED,1,7
S8-1004,PROFILE_512_44,P3_CONTACT_AWARE_STAGED,R2_PERIODIC_MEDIUM,A3_STALE_EPOCH_REPLAY_AT_COMMIT,4,24,1,7,2,12560,2,7,0,0,0,0,TRUST_RESTORED,1,7
S8-1005,PROFILE_512_44,P3_CONTACT_AWARE_STAGED,R2_PERIODIC_MEDIUM,A3_STALE_EPOCH_REPLAY_AT_COMMIT,4,48,1,7,2,12560,2,7,0,0,0,0,TRUST_RESTORED,1,7
S8-1006,PROFILE_512_44,P3_CONTACT_AWARE_STAGED,R2_PERIODIC_MEDIUM,A3_STALE_EPOCH_REPLAY_AT_COMMIT,5,12,1,6,2,12560,2,6,0,0,0,0,TRUST_RESTORED,0,6
S8-1007,PROFILE_512_44,P3_CONTACT_AWARE_STAGED,R2_PERIODIC_MEDIUM,A3_STALE_EPOCH_REPLAY_AT_COMMIT,5,24,1,6,2,12560,2,6,0,0,0,0,TRUST_RESTORED,0,6
S8-1008,PROFILE_512_44,P3_CONTACT_AWARE_STAGED,R2_PERIODIC_MEDIUM,A3_STALE_EPOCH_REPLAY_AT_COMMIT,5,48,1,6,2,12560,2,6,0,0,0,0,TRUST_RESTORED,0,6
S8-1009,PROFILE_512_44,P3_CONTACT_AWARE_STAGED,R3_SPARSE_LARGE,A0_NONE,0,12,1,0,1,12560,1,0,0,0,0,0,TRUST_RESTORED,0,0
S8-1010,PROFILE_512_44,P3_CONTACT_AWARE_STAGED,R3_SPARSE_LARGE,A0_NONE,0,24,1,0,1,12560,1,0,0,0,0,0,TRUST_RESTORED,0,0
S8-1011,PROFILE_512_44,P3_CONTACT_AWARE_STAGED,R3_SPARSE_LARGE,A0_NONE,0,48,1,0,1,12560,1,0,0,0,0,0,TRUST_RESTORED,0,0
S8-1012,PROFILE_512_44,P3_CONTACT_AWARE_STAGED,R3_SPARSE_LARGE,A0_NONE,1,12,1,10,1,12560,1,10,0,0,0,0,TRUST_RESTORED,10,10
S8-1013,PROFILE_512_44,P3_CONTACT_AWARE_STAGED,R3_SPARSE_LARGE,A0_NONE,1,24,1,10,1,12560,1,10,0,0,0,0,TRUST_RESTORED,10,10
S8-1014,PROFILE_512_44,P3_CONTACT_AWARE_STAGED,R3_SPARSE_LARGE,A0_NONE,1,48,1,10,1,12560,1,10,0,0,0,0,TRUST_RESTORED,10,10
S8-1015,PROFILE_512_44,P3_CONTACT_AWARE_STAGED,R3_SPARSE_LARGE,A0_NONE,2,12,1,9,1,12560,1,9,0,0,0,0,TRUST_RESTORED,9,9
S8-1016,PROFILE_512_44,P3_CONTACT_AWARE_STAGED,R3_SPARSE_LARGE,A0_NONE,2,24,1,9,1,12560,1,9,0,0,0,0,TRUST_RESTORED,9,9
S8-1017,PROFILE_512_44,P3_CONTACT_AWARE_STAGED,R3_SPARSE_LARGE,A0_NONE,2,48,1,9,1,12560,1,9,0,0,0,0,TRUST_RESTORED,9,9
S8-1018,PROFILE_512_44,P3_CONTACT_AWARE_STAGED,R3_SPARSE_LARGE,A0_NONE,3,12,1,8,1,12560,1,8,0,0,0,0,TRUST_RESTORED,8,8
S8-1019,PROFILE_512_44,P3_CONTACT_AWARE_STAGED,R3_SPARSE_LARGE,A0_NONE,3,24,1,8,1,12560,1,8,0,0,0,0,TRUST_RESTORED,8,8
S8-1020,PROFILE_512_44,P3_CONTACT_AWARE_STAGED,R3_SPARSE_LARGE,A0_NONE,3,48,1,8,1,12560,1,8,0,0,0,0,TRUST_RESTORED,8,8
S8-1021,PROFILE_512_44,P3_CONTACT_AWARE_STAGED,R3_SPARSE_LARGE,A0_NONE,4,12,1,7,1,12560,1,7,0,0,0,0,TRUST_RESTORED,7,7
S8-1022,PROFILE_512_44,P3_CONTACT_AWARE_STAGED,R3_SPARSE_LARGE,A0_NONE,4,24,1,7,1,12560,1,7,0,0,0,0,TRUST_RESTORED,7,7
S8-1023,PROFILE_512_44,P3_CONTACT_AWARE_STAGED,R3_SPARSE_LARGE,A0_NONE,4,48,1,7,1,12560,1,7,0,0,0,0,TRUST_RESTORED,7,7
S8-1024,PROFILE_512_44,P3_CONTACT_AWARE_STAGED,R3_SPARSE_LARGE,A0_NONE,5,12,1,6,1,12560,1,6,0,0,0,0,TRUST_RESTORED,6,6
S8-1025,PROFILE_512_44,P3_CONTACT_AWARE_STAGED,R3_SPARSE_LARGE,A0_NONE,5,24,1,6,1,12560,1,6,0,0,0,0,TRUST_RESTORED,6,6
S8-1026,PROFILE_512_44,P3_CONTACT_AWARE_STAGED,R3_SPARSE_LARGE,A0_NONE,5,48,1,6,1,12560,1,6,0,0,0,0,TRUST_RESTORED,6,6
S8-1027,PROFILE_512_44,P3_CONTACT_AWARE_STAGED,R3_SPARSE_LARGE,A1_DROP_FIRST_LARGEST_OBJECT_FRAGMENT,0,12,1,0,1,14980,1,0,0,0,0,0,TRUST_RESTORED,0,0
S8-1028,PROFILE_512_44,P3_CONTACT_AWARE_STAGED,R3_SPARSE_LARGE,A1_DROP_FIRST_LARGEST_OBJECT_FRAGMENT,0,24,1,0,1,14980,1,0,0,0,0,0,TRUST_RESTORED,0,0
S8-1029,PROFILE_512_44,P3_CONTACT_AWARE_STAGED,R3_SPARSE_LARGE,A1_DROP_FIRST_LARGEST_OBJECT_FRAGMENT,0,48,1,0,1,14980,1,0,0,0,0,0,TRUST_RESTORED,0,0
S8-1030,PROFILE_512_44,P3_CONTACT_AWARE_STAGED,R3_SPARSE_LARGE,A1_DROP_FIRST_LARGEST_OBJECT_FRAGMENT,1,12,1,10,1,14980,1,10,0,0,0,0,TRUST_RESTORED,10,10
S8-1031,PROFILE_512_44,P3_CONTACT_AWARE_STAGED,R3_SPARSE_LARGE,A1_DROP_FIRST_LARGEST_OBJECT_FRAGMENT,1,24,1,10,1,14980,1,10,0,0,0,0,TRUST_RESTORED,10,10
S8-1032,PROFILE_512_44,P3_CONTACT_AWARE_STAGED,R3_SPARSE_LARGE,A1_DROP_FIRST_LARGEST_OBJECT_FRAGMENT,1,48,1,10,1,14980,1,10,0,0,0,0,TRUST_RESTORED,10,10
S8-1033,PROFILE_512_44,P3_CONTACT_AWARE_STAGED,R3_SPARSE_LARGE,A1_DROP_FIRST_LARGEST_OBJECT_FRAGMENT,2,12,1,9,1,14980,1,9,0,0,0,0,TRUST_RESTORED,9,9
S8-1034,PROFILE_512_44,P3_CONTACT_AWARE_STAGED,R3_SPARSE_LARGE,A1_DROP_FIRST_LARGEST_OBJECT_FRAGMENT,2,24,1,9,1,14980,1,9,0,0,0,0,TRUST_RESTORED,9,9
S8-1035,PROFILE_512_44,P3_CONTACT_AWARE_STAGED,R3_SPARSE_LARGE,A1_DROP_FIRST_LARGEST_OBJECT_FRAGMENT,2,48,1,9,1,14980,1,9,0,0,0,0,TRUST_RESTORED,9,9
S8-1036,PROFILE_512_44,P3_CONTACT_AWARE_STAGED,R3_SPARSE_LARGE,A1_DROP_FIRST_LARGEST_OBJECT_FRAGMENT,3,12,1,8,1,14980,1,8,0,0,0,0,TRUST_RESTORED,8,8
S8-1037,PROFILE_512_44,P3_CONTACT_AWARE_STAGED,R3_SPARSE_LARGE,A1_DROP_FIRST_LARGEST_OBJECT_FRAGMENT,3,24,1,8,1,14980,1,8,0,0,0,0,TRUST_RESTORED,8,8
S8-1038,PROFILE_512_44,P3_CONTACT_AWARE_STAGED,R3_SPARSE_LARGE,A1_DROP_FIRST_LARGEST_OBJECT_FRAGMENT,3,48,1,8,1,14980,1,8,0,0,0,0,TRUST_RESTORED,8,8
S8-1039,PROFILE_512_44,P3_CONTACT_AWARE_STAGED,R3_SPARSE_LARGE,A1_DROP_FIRST_LARGEST_OBJECT_FRAGMENT,4,12,1,7,1,14980,1,7,0,0,0,0,TRUST_RESTORED,7,7
S8-1040,PROFILE_512_44,P3_CONTACT_AWARE_STAGED,R3_SPARSE_LARGE,A1_DROP_FIRST_LARGEST_OBJECT_FRAGMENT,4,24,1,7,1,14980,1,7,0,0,0,0,TRUST_RESTORED,7,7
S8-1041,PROFILE_512_44,P3_CONTACT_AWARE_STAGED,R3_SPARSE_LARGE,A1_DROP_FIRST_LARGEST_OBJECT_FRAGMENT,4,48,1,7,1,14980,1,7,0,0,0,0,TRUST_RESTORED,7,7
S8-1042,PROFILE_512_44,P3_CONTACT_AWARE_STAGED,R3_SPARSE_LARGE,A1_DROP_FIRST_LARGEST_OBJECT_FRAGMENT,5,12,1,6,1,14980,1,6,0,0,0,0,TRUST_RESTORED,6,6
S8-1043,PROFILE_512_44,P3_CONTACT_AWARE_STAGED,R3_SPARSE_LARGE,A1_DROP_FIRST_LARGEST_OBJECT_FRAGMENT,5,24,1,6,1,14980,1,6,0,0,0,0,TRUST_RESTORED,6,6
S8-1044,PROFILE_512_44,P3_CONTACT_AWARE_STAGED,R3_SPARSE_LARGE,A1_DROP_FIRST_LARGEST_OBJECT_FRAGMENT,5,48,1,6,1,14980,1,6,0,0,0,0,TRUST_RESTORED,6,6
S8-1045,PROFILE_512_44,P3_CONTACT_AWARE_STAGED,R3_SPARSE_LARGE,A2_DELAY_FIRST_TRANSITION_PROOF_ONE_CONTACT,0,12,1,11,2,12560,1,11,0,0,0,0,TRUST_RESTORED,11,11
S8-1046,PROFILE_512_44,P3_CONTACT_AWARE_STAGED,R3_SPARSE_LARGE,A2_DELAY_FIRST_TRANSITION_PROOF_ONE_CONTACT,0,24,1,11,2,12560,1,11,0,0,0,0,TRUST_RESTORED,11,11
S8-1047,PROFILE_512_44,P3_CONTACT_AWARE_STAGED,R3_SPARSE_LARGE,A2_DELAY_FIRST_TRANSITION_PROOF_ONE_CONTACT,0,48,1,11,2,12560,1,11,0,0,0,0,TRUST_RESTORED,11,11
S8-1048,PROFILE_512_44,P3_CONTACT_AWARE_STAGED,R3_SPARSE_LARGE,A2_DELAY_FIRST_TRANSITION_PROOF_ONE_CONTACT,1,12,0,,1,5300,0,12,0,0,0,0,INSUFFICIENT_MATERIAL_TRANSFER,,
S8-1049,PROFILE_512_44,P3_CONTACT_AWARE_STAGED,R3_SPARSE_LARGE,A2_DELAY_FIRST_TRANSITION_PROOF_ONE_CONTACT,1,24,1,22,2,12560,1,22,0,0,0,0,TRUST_RESTORED,22,22
S8-1050,PROFILE_512_44,P3_CONTACT_AWARE_STAGED,R3_SPARSE_LARGE,A2_DELAY_FIRST_TRANSITION_PROOF_ONE_CONTACT,1,48,1,22,2,12560,1,22,0,0,0,0,TRUST_RESTORED,22,22
S8-1051,PROFILE_512_44,P3_CONTACT_AWARE_STAGED,R3_SPARSE_LARGE,A2_DELAY_FIRST_TRANSITION_PROOF_ONE_CONTACT,2,12,0,,1,5300,0,12,0,0,0,0,INSUFFICIENT_MATERIAL_TRANSFER,,
S8-1052,PROFILE_512_44,P3_CONTACT_AWARE_STAGED,R3_SPARSE_LARGE,A2_DELAY_FIRST_TRANSITION_PROOF_ONE_CONTACT,2,24,1,21,2,12560,1,21,0,0,0,0,TRUST_RESTORED,21,21
S8-1053,PROFILE_512_44,P3_CONTACT_AWARE_STAGED,R3_SPARSE_LARGE,A2_DELAY_FIRST_TRANSITION_PROOF_ONE_CONTACT,2,48,1,21,2,12560,1,21,0,0,0,0,TRUST_RESTORED,21,21
S8-1054,PROFILE_512_44,P3_CONTACT_AWARE_STAGED,R3_SPARSE_LARGE,A2_DELAY_FIRST_TRANSITION_PROOF_ONE_CONTACT,3,12,0,,1,5300,0,12,0,0,0,0,INSUFFICIENT_MATERIAL_TRANSFER,,
S8-1055,PROFILE_512_44,P3_CONTACT_AWARE_STAGED,R3_SPARSE_LARGE,A2_DELAY_FIRST_TRANSITION_PROOF_ONE_CONTACT,3,24,1,20,2,12560,1,20,0,0,0,0,TRUST_RESTORED,20,20
S8-1056,PROFILE_512_44,P3_CONTACT_AWARE_STAGED,R3_SPARSE_LARGE,A2_DELAY_FIRST_TRANSITION_PROOF_ONE_CONTACT,3,48,1,20,2,12560,1,20,0,0,0,0,TRUST_RESTORED,20,20
S8-1057,PROFILE_512_44,P3_CONTACT_AWARE_STAGED,R3_SPARSE_LARGE,A2_DELAY_FIRST_TRANSITION_PROOF_ONE_CONTACT,4,12,0,,1,5300,0,12,0,0,0,0,INSUFFICIENT_MATERIAL_TRANSFER,,
S8-1058,PROFILE_512_44,P3_CONTACT_AWARE_STAGED,R3_SPARSE_LARGE,A2_DELAY_FIRST_TRANSITION_PROOF_ONE_CONTACT,4,24,1,19,2,12560,1,19,0,0,0,0,TRUST_RESTORED,19,19
S8-1059,PROFILE_512_44,P3_CONTACT_AWARE_STAGED,R3_SPARSE_LARGE,A2_DELAY_FIRST_TRANSITION_PROOF_ONE_CONTACT,4,48,1,19,2,12560,1,19,0,0,0,0,TRUST_RESTORED,19,19
S8-1060,PROFILE_512_44,P3_CONTACT_AWARE_STAGED,R3_SPARSE_LARGE,A2_DELAY_FIRST_TRANSITION_PROOF_ONE_CONTACT,5,12,0,,1,5300,0,12,0,0,0,0,INSUFFICIENT_MATERIAL_TRANSFER,,
S8-1061,PROFILE_512_44,P3_CONTACT_AWARE_STAGED,R3_SPARSE_LARGE,A2_DELAY_FIRST_TRANSITION_PROOF_ONE_CONTACT,5,24,1,18,2,12560,1,18,0,0,0,0,TRUST_RESTORED,18,18
S8-1062,PROFILE_512_44,P3_CONTACT_AWARE_STAGED,R3_SPARSE_LARGE,A2_DELAY_FIRST_TRANSITION_PROOF_ONE_CONTACT,5,48,1,18,2,12560,1,18,0,0,0,0,TRUST_RESTORED,18,18
S8-1063,PROFILE_512_44,P3_CONTACT_AWARE_STAGED,R3_SPARSE_LARGE,A3_STALE_EPOCH_REPLAY_AT_COMMIT,0,12,1,11,2,12560,2,11,0,0,0,0,TRUST_RESTORED,0,11
S8-1064,PROFILE_512_44,P3_CONTACT_AWARE_STAGED,R3_SPARSE_LARGE,A3_STALE_EPOCH_REPLAY_AT_COMMIT,0,24,1,11,2,12560,2,11,0,0,0,0,TRUST_RESTORED,0,11
S8-1065,PROFILE_512_44,P3_CONTACT_AWARE_STAGED,R3_SPARSE_LARGE,A3_STALE_EPOCH_REPLAY_AT_COMMIT,0,48,1,11,2,12560,2,11,0,0,0,0,TRUST_RESTORED,0,11
S8-1066,PROFILE_512_44,P3_CONTACT_AWARE_STAGED,R3_SPARSE_LARGE,A3_STALE_EPOCH_REPLAY_AT_COMMIT,1,12,0,,1,7720,1,12,0,0,0,0,INSUFFICIENT_MATERIAL_TRANSFER,10,
S8-1067,PROFILE_512_44,P3_CONTACT_AWARE_STAGED,R3_SPARSE_LARGE,A3_STALE_EPOCH_REPLAY_AT_COMMIT,1,24,1,22,2,12560,2,22,0,0,0,0,TRUST_RESTORED,10,22
S8-1068,PROFILE_512_44,P3_CONTACT_AWARE_STAGED,R3_SPARSE_LARGE,A3_STALE_EPOCH_REPLAY_AT_COMMIT,1,48,1,22,2,12560,2,22,0,0,0,0,TRUST_RESTORED,10,22
S8-1069,PROFILE_512_44,P3_CONTACT_AWARE_STAGED,R3_SPARSE_LARGE,A3_STALE_EPOCH_REPLAY_AT_COMMIT,2,12,0,,1,7720,1,12,0,0,0,0,INSUFFICIENT_MATERIAL_TRANSFER,9,
S8-1070,PROFILE_512_44,P3_CONTACT_AWARE_STAGED,R3_SPARSE_LARGE,A3_STALE_EPOCH_REPLAY_AT_COMMIT,2,24,1,21,2,12560,2,21,0,0,0,0,TRUST_RESTORED,9,21
S8-1071,PROFILE_512_44,P3_CONTACT_AWARE_STAGED,R3_SPARSE_LARGE,A3_STALE_EPOCH_REPLAY_AT_COMMIT,2,48,1,21,2,12560,2,21,0,0,0,0,TRUST_RESTORED,9,21
S8-1072,PROFILE_512_44,P3_CONTACT_AWARE_STAGED,R3_SPARSE_LARGE,A3_STALE_EPOCH_REPLAY_AT_COMMIT,3,12,0,,1,7720,1,12,0,0,0,0,INSUFFICIENT_MATERIAL_TRANSFER,8,
S8-1073,PROFILE_512_44,P3_CONTACT_AWARE_STAGED,R3_SPARSE_LARGE,A3_STALE_EPOCH_REPLAY_AT_COMMIT,3,24,1,20,2,12560,2,20,0,0,0,0,TRUST_RESTORED,8,20
S8-1074,PROFILE_512_44,P3_CONTACT_AWARE_STAGED,R3_SPARSE_LARGE,A3_STALE_EPOCH_REPLAY_AT_COMMIT,3,48,1,20,2,12560,2,20,0,0,0,0,TRUST_RESTORED,8,20
S8-1075,PROFILE_512_44,P3_CONTACT_AWARE_STAGED,R3_SPARSE_LARGE,A3_STALE_EPOCH_REPLAY_AT_COMMIT,4,12,0,,1,7720,1,12,0,0,0,0,INSUFFICIENT_MATERIAL_TRANSFER,7,
S8-1076,PROFILE_512_44,P3_CONTACT_AWARE_STAGED,R3_SPARSE_LARGE,A3_STALE_EPOCH_REPLAY_AT_COMMIT,4,24,1,19,2,12560,2,19,0,0,0,0,TRUST_RESTORED,7,19
S8-1077,PROFILE_512_44,P3_CONTACT_AWARE_STAGED,R3_SPARSE_LARGE,A3_STALE_EPOCH_REPLAY_AT_COMMIT,4,48,1,19,2,12560,2,19,0,0,0,0,TRUST_RESTORED,7,19
S8-1078,PROFILE_512_44,P3_CONTACT_AWARE_STAGED,R3_SPARSE_LARGE,A3_STALE_EPOCH_REPLAY_AT_COMMIT,5,12,0,,1,7720,1,12,0,0,0,0,INSUFFICIENT_MATERIAL_TRANSFER,6,
S8-1079,PROFILE_512_44,P3_CONTACT_AWARE_STAGED,R3_SPARSE_LARGE,A3_STALE_EPOCH_REPLAY_AT_COMMIT,5,24,1,18,2,12560,2,18,0,0,0,0,TRUST_RESTORED,6,18
S8-1080,PROFILE_512_44,P3_CONTACT_AWARE_STAGED,R3_SPARSE_LARGE,A3_STALE_EPOCH_REPLAY_AT_COMMIT,5,48,1,18,2,12560,2,18,0,0,0,0,TRUST_RESTORED,6,18
S8-1081,PROFILE_512_44,P3_CONTACT_AWARE_STAGED,R4_CLUSTERED_MEDIUM,A0_NONE,0,12,1,1,2,12560,1,1,0,0,0,0,TRUST_RESTORED,0,1
S8-1082,PROFILE_512_44,P3_CONTACT_AWARE_STAGED,R4_CLUSTERED_MEDIUM,A0_NONE,0,24,1,1,2,12560,1,1,0,0,0,0,TRUST_RESTORED,0,1
S8-1083,PROFILE_512_44,P3_CONTACT_AWARE_STAGED,R4_CLUSTERED_MEDIUM,A0_NONE,0,48,1,1,2,12560,1,1,0,0,0,0,TRUST_RESTORED,0,1
S8-1084,PROFILE_512_44,P3_CONTACT_AWARE_STAGED,R4_CLUSTERED_MEDIUM,A0_NONE,1,12,0,,1,7720,0,12,0,0,0,0,CONTACT_BUDGET_EXHAUSTED,0,
S8-1085,PROFILE_512_44,P3_CONTACT_AWARE_STAGED,R4_CLUSTERED_MEDIUM,A0_NONE,1,24,1,12,2,12560,1,12,0,0,0,0,TRUST_RESTORED,0,12
S8-1086,PROFILE_512_44,P3_CONTACT_AWARE_STAGED,R4_CLUSTERED_MEDIUM,A0_NONE,1,48,1,12,2,12560,1,12,0,0,0,0,TRUST_RESTORED,0,12
S8-1087,PROFILE_512_44,P3_CONTACT_AWARE_STAGED,R4_CLUSTERED_MEDIUM,A0_NONE,2,12,0,,1,7720,0,12,0,0,0,0,CONTACT_BUDGET_EXHAUSTED,11,
S8-1088,PROFILE_512_44,P3_CONTACT_AWARE_STAGED,R4_CLUSTERED_MEDIUM,A0_NONE,2,24,1,12,2,12560,1,12,0,0,0,0,TRUST_RESTORED,11,12
S8-1089,PROFILE_512_44,P3_CONTACT_AWARE_STAGED,R4_CLUSTERED_MEDIUM,A0_NONE,2,48,1,12,2,12560,1,12,0,0,0,0,TRUST_RESTORED,11,12
S8-1090,PROFILE_512_44,P3_CONTACT_AWARE_STAGED,R4_CLUSTERED_MEDIUM,A0_NONE,3,12,1,11,2,12560,1,11,0,0,0,0,TRUST_RESTORED,10,11
S8-1091,PROFILE_512_44,P3_CONTACT_AWARE_STAGED,R4_CLUSTERED_MEDIUM,A0_NONE,3,24,1,11,2,12560,1,11,0,0,0,0,TRUST_RESTORED,10,11
S8-1092,PROFILE_512_44,P3_CONTACT_AWARE_STAGED,R4_CLUSTERED_MEDIUM,A0_NONE,3,48,1,11,2,12560,1,11,0,0,0,0,TRUST_RESTORED,10,11
S8-1093,PROFILE_512_44,P3_CONTACT_AWARE_STAGED,R4_CLUSTERED_MEDIUM,A0_NONE,4,12,1,10,2,12560,1,10,0,0,0,0,TRUST_RESTORED,9,10
S8-1094,PROFILE_512_44,P3_CONTACT_AWARE_STAGED,R4_CLUSTERED_MEDIUM,A0_NONE,4,24,1,10,2,12560,1,10,0,0,0,0,TRUST_RESTORED,9,10
S8-1095,PROFILE_512_44,P3_CONTACT_AWARE_STAGED,R4_CLUSTERED_MEDIUM,A0_NONE,4,48,1,10,2,12560,1,10,0,0,0,0,TRUST_RESTORED,9,10
S8-1096,PROFILE_512_44,P3_CONTACT_AWARE_STAGED,R4_CLUSTERED_MEDIUM,A0_NONE,5,12,1,9,2,12560,1,9,0,0,0,0,TRUST_RESTORED,8,9
S8-1097,PROFILE_512_44,P3_CONTACT_AWARE_STAGED,R4_CLUSTERED_MEDIUM,A0_NONE,5,24,1,9,2,12560,1,9,0,0,0,0,TRUST_RESTORED,8,9
S8-1098,PROFILE_512_44,P3_CONTACT_AWARE_STAGED,R4_CLUSTERED_MEDIUM,A0_NONE,5,48,1,9,2,12560,1,9,0,0,0,0,TRUST_RESTORED,8,9
S8-1099,PROFILE_512_44,P3_CONTACT_AWARE_STAGED,R4_CLUSTERED_MEDIUM,A1_DROP_FIRST_LARGEST_OBJECT_FRAGMENT,0,12,1,1,2,14980,1,1,0,0,0,0,TRUST_RESTORED,1,1
S8-1100,PROFILE_512_44,P3_CONTACT_AWARE_STAGED,R4_CLUSTERED_MEDIUM,A1_DROP_FIRST_LARGEST_OBJECT_FRAGMENT,0,24,1,1,2,14980,1,1,0,0,0,0,TRUST_RESTORED,1,1
S8-1101,PROFILE_512_44,P3_CONTACT_AWARE_STAGED,R4_CLUSTERED_MEDIUM,A1_DROP_FIRST_LARGEST_OBJECT_FRAGMENT,0,48,1,1,2,14980,1,1,0,0,0,0,TRUST_RESTORED,1,1
S8-1102,PROFILE_512_44,P3_CONTACT_AWARE_STAGED,R4_CLUSTERED_MEDIUM,A1_DROP_FIRST_LARGEST_OBJECT_FRAGMENT,1,12,0,,1,8192,0,12,0,0,0,0,INSUFFICIENT_MATERIAL_TRANSFER,,
S8-1103,PROFILE_512_44,P3_CONTACT_AWARE_STAGED,R4_CLUSTERED_MEDIUM,A1_DROP_FIRST_LARGEST_OBJECT_FRAGMENT,1,24,1,12,2,14980,1,12,0,0,0,0,TRUST_RESTORED,12,12
S8-1104,PROFILE_512_44,P3_CONTACT_AWARE_STAGED,R4_CLUSTERED_MEDIUM,A1_DROP_FIRST_LARGEST_OBJECT_FRAGMENT,1,48,1,12,2,14980,1,12,0,0,0,0,TRUST_RESTORED,12,12
S8-1105,PROFILE_512_44,P3_CONTACT_AWARE_STAGED,R4_CLUSTERED_MEDIUM,A1_DROP_FIRST_LARGEST_OBJECT_FRAGMENT,2,12,0,,1,8192,0,12,0,0,0,0,INSUFFICIENT_MATERIAL_TRANSFER,,
S8-1106,PROFILE_512_44,P3_CONTACT_AWARE_STAGED,R4_CLUSTERED_MEDIUM,A1_DROP_FIRST_LARGEST_OBJECT_FRAGMENT,2,24,1,12,2,14980,1,12,0,0,0,0,TRUST_RESTORED,12,12
S8-1107,PROFILE_512_44,P3_CONTACT_AWARE_STAGED,R4_CLUSTERED_MEDIUM,A1_DROP_FIRST_LARGEST_OBJECT_FRAGMENT,2,48,1,12,2,14980,1,12,0,0,0,0,TRUST_RESTORED,12,12
S8-1108,PROFILE_512_44,P3_CONTACT_AWARE_STAGED,R4_CLUSTERED_MEDIUM,A1_DROP_FIRST_LARGEST_OBJECT_FRAGMENT,3,12,1,11,2,14980,1,11,0,0,0,0,TRUST_RESTORED,11,11
S8-1109,PROFILE_512_44,P3_CONTACT_AWARE_STAGED,R4_CLUSTERED_MEDIUM,A1_DROP_FIRST_LARGEST_OBJECT_FRAGMENT,3,24,1,11,2,14980,1,11,0,0,0,0,TRUST_RESTORED,11,11
S8-1110,PROFILE_512_44,P3_CONTACT_AWARE_STAGED,R4_CLUSTERED_MEDIUM,A1_DROP_FIRST_LARGEST_OBJECT_FRAGMENT,3,48,1,11,2,14980,1,11,0,0,0,0,TRUST_RESTORED,11,11
S8-1111,PROFILE_512_44,P3_CONTACT_AWARE_STAGED,R4_CLUSTERED_MEDIUM,A1_DROP_FIRST_LARGEST_OBJECT_FRAGMENT,4,12,1,10,2,14980,1,10,0,0,0,0,TRUST_RESTORED,10,10
S8-1112,PROFILE_512_44,P3_CONTACT_AWARE_STAGED,R4_CLUSTERED_MEDIUM,A1_DROP_FIRST_LARGEST_OBJECT_FRAGMENT,4,24,1,10,2,14980,1,10,0,0,0,0,TRUST_RESTORED,10,10
S8-1113,PROFILE_512_44,P3_CONTACT_AWARE_STAGED,R4_CLUSTERED_MEDIUM,A1_DROP_FIRST_LARGEST_OBJECT_FRAGMENT,4,48,1,10,2,14980,1,10,0,0,0,0,TRUST_RESTORED,10,10
S8-1114,PROFILE_512_44,P3_CONTACT_AWARE_STAGED,R4_CLUSTERED_MEDIUM,A1_DROP_FIRST_LARGEST_OBJECT_FRAGMENT,5,12,1,9,2,14980,1,9,0,0,0,0,TRUST_RESTORED,9,9
S8-1115,PROFILE_512_44,P3_CONTACT_AWARE_STAGED,R4_CLUSTERED_MEDIUM,A1_DROP_FIRST_LARGEST_OBJECT_FRAGMENT,5,24,1,9,2,14980,1,9,0,0,0,0,TRUST_RESTORED,9,9
S8-1116,PROFILE_512_44,P3_CONTACT_AWARE_STAGED,R4_CLUSTERED_MEDIUM,A1_DROP_FIRST_LARGEST_OBJECT_FRAGMENT,5,48,1,9,2,14980,1,9,0,0,0,0,TRUST_RESTORED,9,9
S8-1117,PROFILE_512_44,P3_CONTACT_AWARE_STAGED,R4_CLUSTERED_MEDIUM,A2_DELAY_FIRST_TRANSITION_PROOF_ONE_CONTACT,0,12,1,1,2,12560,1,1,0,0,0,0,TRUST_RESTORED,1,1
S8-1118,PROFILE_512_44,P3_CONTACT_AWARE_STAGED,R4_CLUSTERED_MEDIUM,A2_DELAY_FIRST_TRANSITION_PROOF_ONE_CONTACT,0,24,1,1,2,12560,1,1,0,0,0,0,TRUST_RESTORED,1,1
S8-1119,PROFILE_512_44,P3_CONTACT_AWARE_STAGED,R4_CLUSTERED_MEDIUM,A2_DELAY_FIRST_TRANSITION_PROOF_ONE_CONTACT,0,48,1,1,2,12560,1,1,0,0,0,0,TRUST_RESTORED,1,1
S8-1120,PROFILE_512_44,P3_CONTACT_AWARE_STAGED,R4_CLUSTERED_MEDIUM,A2_DELAY_FIRST_TRANSITION_PROOF_ONE_CONTACT,1,12,0,,1,5300,0,12,0,0,0,0,INSUFFICIENT_MATERIAL_TRANSFER,,
S8-1121,PROFILE_512_44,P3_CONTACT_AWARE_STAGED,R4_CLUSTERED_MEDIUM,A2_DELAY_FIRST_TRANSITION_PROOF_ONE_CONTACT,1,24,1,12,2,12560,1,12,0,0,0,0,TRUST_RESTORED,12,12
S8-1122,PROFILE_512_44,P3_CONTACT_AWARE_STAGED,R4_CLUSTERED_MEDIUM,A2_DELAY_FIRST_TRANSITION_PROOF_ONE_CONTACT,1,48,1,12,2,12560,1,12,0,0,0,0,TRUST_RESTORED,12,12
S8-1123,PROFILE_512_44,P3_CONTACT_AWARE_STAGED,R4_CLUSTERED_MEDIUM,A2_DELAY_FIRST_TRANSITION_PROOF_ONE_CONTACT,2,12,0,,1,5300,0,12,0,0,0,0,INSUFFICIENT_MATERIAL_TRANSFER,,
S8-1124,PROFILE_512_44,P3_CONTACT_AWARE_STAGED,R4_CLUSTERED_MEDIUM,A2_DELAY_FIRST_TRANSITION_PROOF_ONE_CONTACT,2,24,1,12,2,12560,1,12,0,0,0,0,TRUST_RESTORED,12,12
S8-1125,PROFILE_512_44,P3_CONTACT_AWARE_STAGED,R4_CLUSTERED_MEDIUM,A2_DELAY_FIRST_TRANSITION_PROOF_ONE_CONTACT,2,48,1,12,2,12560,1,12,0,0,0,0,TRUST_RESTORED,12,12
S8-1126,PROFILE_512_44,P3_CONTACT_AWARE_STAGED,R4_CLUSTERED_MEDIUM,A2_DELAY_FIRST_TRANSITION_PROOF_ONE_CONTACT,3,12,1,11,2,12560,1,11,0,0,0,0,TRUST_RESTORED,11,11
S8-1127,PROFILE_512_44,P3_CONTACT_AWARE_STAGED,R4_CLUSTERED_MEDIUM,A2_DELAY_FIRST_TRANSITION_PROOF_ONE_CONTACT,3,24,1,11,2,12560,1,11,0,0,0,0,TRUST_RESTORED,11,11
S8-1128,PROFILE_512_44,P3_CONTACT_AWARE_STAGED,R4_CLUSTERED_MEDIUM,A2_DELAY_FIRST_TRANSITION_PROOF_ONE_CONTACT,3,48,1,11,2,12560,1,11,0,0,0,0,TRUST_RESTORED,11,11
S8-1129,PROFILE_512_44,P3_CONTACT_AWARE_STAGED,R4_CLUSTERED_MEDIUM,A2_DELAY_FIRST_TRANSITION_PROOF_ONE_CONTACT,4,12,1,10,2,12560,1,10,0,0,0,0,TRUST_RESTORED,10,10
S8-1130,PROFILE_512_44,P3_CONTACT_AWARE_STAGED,R4_CLUSTERED_MEDIUM,A2_DELAY_FIRST_TRANSITION_PROOF_ONE_CONTACT,4,24,1,10,2,12560,1,10,0,0,0,0,TRUST_RESTORED,10,10
S8-1131,PROFILE_512_44,P3_CONTACT_AWARE_STAGED,R4_CLUSTERED_MEDIUM,A2_DELAY_FIRST_TRANSITION_PROOF_ONE_CONTACT,4,48,1,10,2,12560,1,10,0,0,0,0,TRUST_RESTORED,10,10
S8-1132,PROFILE_512_44,P3_CONTACT_AWARE_STAGED,R4_CLUSTERED_MEDIUM,A2_DELAY_FIRST_TRANSITION_PROOF_ONE_CONTACT,5,12,1,9,2,12560,1,9,0,0,0,0,TRUST_RESTORED,9,9
S8-1133,PROFILE_512_44,P3_CONTACT_AWARE_STAGED,R4_CLUSTERED_MEDIUM,A2_DELAY_FIRST_TRANSITION_PROOF_ONE_CONTACT,5,24,1,9,2,12560,1,9,0,0,0,0,TRUST_RESTORED,9,9
S8-1134,PROFILE_512_44,P3_CONTACT_AWARE_STAGED,R4_CLUSTERED_MEDIUM,A2_DELAY_FIRST_TRANSITION_PROOF_ONE_CONTACT,5,48,1,9,2,12560,1,9,0,0,0,0,TRUST_RESTORED,9,9
S8-1135,PROFILE_512_44,P3_CONTACT_AWARE_STAGED,R4_CLUSTERED_MEDIUM,A3_STALE_EPOCH_REPLAY_AT_COMMIT,0,12,1,1,2,12560,2,1,0,0,0,0,TRUST_RESTORED,0,1
S8-1136,PROFILE_512_44,P3_CONTACT_AWARE_STAGED,R4_CLUSTERED_MEDIUM,A3_STALE_EPOCH_REPLAY_AT_COMMIT,0,24,1,1,2,12560,2,1,0,0,0,0,TRUST_RESTORED,0,1
S8-1137,PROFILE_512_44,P3_CONTACT_AWARE_STAGED,R4_CLUSTERED_MEDIUM,A3_STALE_EPOCH_REPLAY_AT_COMMIT,0,48,1,1,2,12560,2,1,0,0,0,0,TRUST_RESTORED,0,1
S8-1138,PROFILE_512_44,P3_CONTACT_AWARE_STAGED,R4_CLUSTERED_MEDIUM,A3_STALE_EPOCH_REPLAY_AT_COMMIT,1,12,0,,1,7720,0,12,0,0,0,0,CONTACT_BUDGET_EXHAUSTED,0,
S8-1139,PROFILE_512_44,P3_CONTACT_AWARE_STAGED,R4_CLUSTERED_MEDIUM,A3_STALE_EPOCH_REPLAY_AT_COMMIT,1,24,1,12,2,12560,2,12,0,0,0,0,TRUST_RESTORED,0,12
S8-1140,PROFILE_512_44,P3_CONTACT_AWARE_STAGED,R4_CLUSTERED_MEDIUM,A3_STALE_EPOCH_REPLAY_AT_COMMIT,1,48,1,12,2,12560,2,12,0,0,0,0,TRUST_RESTORED,0,12
S8-1141,PROFILE_512_44,P3_CONTACT_AWARE_STAGED,R4_CLUSTERED_MEDIUM,A3_STALE_EPOCH_REPLAY_AT_COMMIT,2,12,0,,1,7720,0,12,0,0,0,0,CONTACT_BUDGET_EXHAUSTED,11,
S8-1142,PROFILE_512_44,P3_CONTACT_AWARE_STAGED,R4_CLUSTERED_MEDIUM,A3_STALE_EPOCH_REPLAY_AT_COMMIT,2,24,1,12,2,12560,2,12,0,0,0,0,TRUST_RESTORED,11,12
S8-1143,PROFILE_512_44,P3_CONTACT_AWARE_STAGED,R4_CLUSTERED_MEDIUM,A3_STALE_EPOCH_REPLAY_AT_COMMIT,2,48,1,12,2,12560,2,12,0,0,0,0,TRUST_RESTORED,11,12
S8-1144,PROFILE_512_44,P3_CONTACT_AWARE_STAGED,R4_CLUSTERED_MEDIUM,A3_STALE_EPOCH_REPLAY_AT_COMMIT,3,12,1,11,2,12560,2,11,0,0,0,0,TRUST_RESTORED,10,11
S8-1145,PROFILE_512_44,P3_CONTACT_AWARE_STAGED,R4_CLUSTERED_MEDIUM,A3_STALE_EPOCH_REPLAY_AT_COMMIT,3,24,1,11,2,12560,2,11,0,0,0,0,TRUST_RESTORED,10,11
S8-1146,PROFILE_512_44,P3_CONTACT_AWARE_STAGED,R4_CLUSTERED_MEDIUM,A3_STALE_EPOCH_REPLAY_AT_COMMIT,3,48,1,11,2,12560,2,11,0,0,0,0,TRUST_RESTORED,10,11
S8-1147,PROFILE_512_44,P3_CONTACT_AWARE_STAGED,R4_CLUSTERED_MEDIUM,A3_STALE_EPOCH_REPLAY_AT_COMMIT,4,12,1,10,2,12560,2,10,0,0,0,0,TRUST_RESTORED,9,10
S8-1148,PROFILE_512_44,P3_CONTACT_AWARE_STAGED,R4_CLUSTERED_MEDIUM,A3_STALE_EPOCH_REPLAY_AT_COMMIT,4,24,1,10,2,12560,2,10,0,0,0,0,TRUST_RESTORED,9,10
S8-1149,PROFILE_512_44,P3_CONTACT_AWARE_STAGED,R4_CLUSTERED_MEDIUM,A3_STALE_EPOCH_REPLAY_AT_COMMIT,4,48,1,10,2,12560,2,10,0,0,0,0,TRUST_RESTORED,9,10
S8-1150,PROFILE_512_44,P3_CONTACT_AWARE_STAGED,R4_CLUSTERED_MEDIUM,A3_STALE_EPOCH_REPLAY_AT_COMMIT,5,12,1,9,2,12560,2,9,0,0,0,0,TRUST_RESTORED,8,9
S8-1151,PROFILE_512_44,P3_CONTACT_AWARE_STAGED,R4_CLUSTERED_MEDIUM,A3_STALE_EPOCH_REPLAY_AT_COMMIT,5,24,1,9,2,12560,2,9,0,0,0,0,TRUST_RESTORED,8,9
S8-1152,PROFILE_512_44,P3_CONTACT_AWARE_STAGED,R4_CLUSTERED_MEDIUM,A3_STALE_EPOCH_REPLAY_AT_COMMIT,5,48,1,9,2,12560,2,9,0,0,0,0,TRUST_RESTORED,8,9
S8-1153,PROFILE_768_65,P0_HARD_CUTOVER,R1_FREQUENT_SMALL,A0_NONE,0,12,1,11,5,17460,1,0,8,0,0,0,TRUST_RESTORED,5,8
S8-1154,PROFILE_768_65,P0_HARD_CUTOVER,R1_FREQUENT_SMALL,A0_NONE,0,24,1,11,5,17460,1,0,8,0,0,0,TRUST_RESTORED,5,8
S8-1155,PROFILE_768_65,P0_HARD_CUTOVER,R1_FREQUENT_SMALL,A0_NONE,0,48,1,11,5,17460,1,0,8,0,0,0,TRUST_RESTORED,5,8
S8-1156,PROFILE_768_65,P0_HARD_CUTOVER,R1_FREQUENT_SMALL,A0_NONE,1,12,0,,4,16384,1,0,10,0,0,0,EPOCH_DIVERGENCE,7,10
S8-1157,PROFILE_768_65,P0_HARD_CUTOVER,R1_FREQUENT_SMALL,A0_NONE,1,24,1,13,5,17460,1,0,10,0,0,0,TRUST_RESTORED,7,10
S8-1158,PROFILE_768_65,P0_HARD_CUTOVER,R1_FREQUENT_SMALL,A0_NONE,1,48,1,13,5,17460,1,0,10,0,0,0,TRUST_RESTORED,7,10
S8-1159,PROFILE_768_65,P0_HARD_CUTOVER,R1_FREQUENT_SMALL,A0_NONE,2,12,0,,4,16384,1,0,9,0,0,0,EPOCH_DIVERGENCE,6,9
S8-1160,PROFILE_768_65,P0_HARD_CUTOVER,R1_FREQUENT_SMALL,A0_NONE,2,24,1,12,5,17460,1,0,9,0,0,0,TRUST_RESTORED,6,9
S8-1161,PROFILE_768_65,P0_HARD_CUTOVER,R1_FREQUENT_SMALL,A0_NONE,2,48,1,12,5,17460,1,0,9,0,0,0,TRUST_RESTORED,6,9
S8-1162,PROFILE_768_65,P0_HARD_CUTOVER,R1_FREQUENT_SMALL,A0_NONE,3,12,0,,4,16384,1,0,11,0,0,0,EPOCH_DIVERGENCE,8,11
S8-1163,PROFILE_768_65,P0_HARD_CUTOVER,R1_FREQUENT_SMALL,A0_NONE,3,24,1,14,5,17460,1,0,11,0,0,0,TRUST_RESTORED,8,11
S8-1164,PROFILE_768_65,P0_HARD_CUTOVER,R1_FREQUENT_SMALL,A0_NONE,3,48,1,14,5,17460,1,0,11,0,0,0,TRUST_RESTORED,8,11
S8-1165,PROFILE_768_65,P0_HARD_CUTOVER,R1_FREQUENT_SMALL,A0_NONE,4,12,0,,4,16384,1,0,10,0,0,0,EPOCH_DIVERGENCE,7,10
S8-1166,PROFILE_768_65,P0_HARD_CUTOVER,R1_FREQUENT_SMALL,A0_NONE,4,24,1,13,5,17460,1,0,10,0,0,0,TRUST_RESTORED,7,10
S8-1167,PROFILE_768_65,P0_HARD_CUTOVER,R1_FREQUENT_SMALL,A0_NONE,4,48,1,13,5,17460,1,0,10,0,0,0,TRUST_RESTORED,7,10
S8-1168,PROFILE_768_65,P0_HARD_CUTOVER,R1_FREQUENT_SMALL,A0_NONE,5,12,0,,4,16384,1,0,9,0,0,0,EPOCH_DIVERGENCE,6,9
S8-1169,PROFILE_768_65,P0_HARD_CUTOVER,R1_FREQUENT_SMALL,A0_NONE,5,24,1,12,5,17460,1,0,9,0,0,0,TRUST_RESTORED,6,9
S8-1170,PROFILE_768_65,P0_HARD_CUTOVER,R1_FREQUENT_SMALL,A0_NONE,5,48,1,12,5,17460,1,0,9,0,0,0,TRUST_RESTORED,6,9
S8-1171,PROFILE_768_65,P0_HARD_CUTOVER,R1_FREQUENT_SMALL,A1_DROP_FIRST_LARGEST_OBJECT_FRAGMENT,0,12,0,,5,20480,1,0,11,0,0,0,EPOCH_DIVERGENCE,8,11
S8-1172,PROFILE_768_65,P0_HARD_CUTOVER,R1_FREQUENT_SMALL,A1_DROP_FIRST_LARGEST_OBJECT_FRAGMENT,0,24,1,14,6,20769,1,0,11,0,0,0,TRUST_RESTORED,8,11
S8-1173,PROFILE_768_65,P0_HARD_CUTOVER,R1_FREQUENT_SMALL,A1_DROP_FIRST_LARGEST_OBJECT_FRAGMENT,0,48,1,14,6,20769,1,0,11,0,0,0,TRUST_RESTORED,8,11
S8-1174,PROFILE_768_65,P0_HARD_CUTOVER,R1_FREQUENT_SMALL,A1_DROP_FIRST_LARGEST_OBJECT_FRAGMENT,1,12,0,,4,16384,0,0,12,0,0,0,INSUFFICIENT_MATERIAL_TRANSFER,10,
S8-1175,PROFILE_768_65,P0_HARD_CUTOVER,R1_FREQUENT_SMALL,A1_DROP_FIRST_LARGEST_OBJECT_FRAGMENT,1,24,1,16,6,20769,1,0,13,0,0,0,TRUST_RESTORED,10,13
S8-1176,PROFILE_768_65,P0_HARD_CUTOVER,R1_FREQUENT_SMALL,A1_DROP_FIRST_LARGEST_OBJECT_FRAGMENT,1,48,1,16,6,20769,1,0,13,0,0,0,TRUST_RESTORED,10,13
S8-1177,PROFILE_768_65,P0_HARD_CUTOVER,R1_FREQUENT_SMALL,A1_DROP_FIRST_LARGEST_OBJECT_FRAGMENT,2,12,0,,4,16384,0,0,12,0,0,0,INSUFFICIENT_MATERIAL_TRANSFER,9,
S8-1178,PROFILE_768_65,P0_HARD_CUTOVER,R1_FREQUENT_SMALL,A1_DROP_FIRST_LARGEST_OBJECT_FRAGMENT,2,24,1,15,6,20769,1,0,12,0,0,0,TRUST_RESTORED,9,12
S8-1179,PROFILE_768_65,P0_HARD_CUTOVER,R1_FREQUENT_SMALL,A1_DROP_FIRST_LARGEST_OBJECT_FRAGMENT,2,48,1,15,6,20769,1,0,12,0,0,0,TRUST_RESTORED,9,12
S8-1180,PROFILE_768_65,P0_HARD_CUTOVER,R1_FREQUENT_SMALL,A1_DROP_FIRST_LARGEST_OBJECT_FRAGMENT,3,12,0,,4,16384,0,0,12,0,0,0,INSUFFICIENT_MATERIAL_TRANSFER,11,
S8-1181,PROFILE_768_65,P0_HARD_CUTOVER,R1_FREQUENT_SMALL,A1_DROP_FIRST_LARGEST_OBJECT_FRAGMENT,3,24,1,17,6,20769,1,0,14,0,0,0,TRUST_RESTORED,11,14
S8-1182,PROFILE_768_65,P0_HARD_CUTOVER,R1_FREQUENT_SMALL,A1_DROP_FIRST_LARGEST_OBJECT_FRAGMENT,3,48,1,17,6,20769,1,0,14,0,0,0,TRUST_RESTORED,11,14
S8-1183,PROFILE_768_65,P0_HARD_CUTOVER,R1_FREQUENT_SMALL,A1_DROP_FIRST_LARGEST_OBJECT_FRAGMENT,4,12,0,,4,16384,0,0,12,0,0,0,INSUFFICIENT_MATERIAL_TRANSFER,10,
S8-1184,PROFILE_768_65,P0_HARD_CUTOVER,R1_FREQUENT_SMALL,A1_DROP_FIRST_LARGEST_OBJECT_FRAGMENT,4,24,1,16,6,20769,1,0,13,0,0,0,TRUST_RESTORED,10,13
S8-1185,PROFILE_768_65,P0_HARD_CUTOVER,R1_FREQUENT_SMALL,A1_DROP_FIRST_LARGEST_OBJECT_FRAGMENT,4,48,1,16,6,20769,1,0,13,0,0,0,TRUST_RESTORED,10,13
S8-1186,PROFILE_768_65,P0_HARD_CUTOVER,R1_FREQUENT_SMALL,A1_DROP_FIRST_LARGEST_OBJECT_FRAGMENT,5,12,0,,4,16384,0,0,12,0,0,0,INSUFFICIENT_MATERIAL_TRANSFER,9,
S8-1187,PROFILE_768_65,P0_HARD_CUTOVER,R1_FREQUENT_SMALL,A1_DROP_FIRST_LARGEST_OBJECT_FRAGMENT,5,24,1,15,6,20769,1,0,12,0,0,0,TRUST_RESTORED,9,12
S8-1188,PROFILE_768_65,P0_HARD_CUTOVER,R1_FREQUENT_SMALL,A1_DROP_FIRST_LARGEST_OBJECT_FRAGMENT,5,48,1,15,6,20769,1,0,12,0,0,0,TRUST_RESTORED,9,12
S8-1189,PROFILE_768_65,P0_HARD_CUTOVER,R1_FREQUENT_SMALL,A2_DELAY_FIRST_TRANSITION_PROOF_ONE_CONTACT,0,12,1,11,5,17460,1,0,8,0,0,0,TRUST_RESTORED,5,8
S8-1190,PROFILE_768_65,P0_HARD_CUTOVER,R1_FREQUENT_SMALL,A2_DELAY_FIRST_TRANSITION_PROOF_ONE_CONTACT,0,24,1,11,5,17460,1,0,8,0,0,0,TRUST_RESTORED,5,8
S8-1191,PROFILE_768_65,P0_HARD_CUTOVER,R1_FREQUENT_SMALL,A2_DELAY_FIRST_TRANSITION_PROOF_ONE_CONTACT,0,48,1,11,5,17460,1,0,8,0,0,0,TRUST_RESTORED,5,8
S8-1192,PROFILE_768_65,P0_HARD_CUTOVER,R1_FREQUENT_SMALL,A2_DELAY_FIRST_TRANSITION_PROOF_ONE_CONTACT,1,12,0,,4,15725,1,0,10,0,0,0,EPOCH_DIVERGENCE,7,10
S8-1193,PROFILE_768_65,P0_HARD_CUTOVER,R1_FREQUENT_SMALL,A2_DELAY_FIRST_TRANSITION_PROOF_ONE_CONTACT,1,24,1,13,5,17460,1,0,10,0,0,0,TRUST_RESTORED,7,10
S8-1194,PROFILE_768_65,P0_HARD_CUTOVER,R1_FREQUENT_SMALL,A2_DELAY_FIRST_TRANSITION_PROOF_ONE_CONTACT,1,48,1,13,5,17460,1,0,10,0,0,0,TRUST_RESTORED,7,10
S8-1195,PROFILE_768_65,P0_HARD_CUTOVER,R1_FREQUENT_SMALL,A2_DELAY_FIRST_TRANSITION_PROOF_ONE_CONTACT,2,12,0,,4,15725,1,0,9,0,0,0,EPOCH_DIVERGENCE,6,9
S8-1196,PROFILE_768_65,P0_HARD_CUTOVER,R1_FREQUENT_SMALL,A2_DELAY_FIRST_TRANSITION_PROOF_ONE_CONTACT,2,24,1,12,5,17460,1,0,9,0,0,0,TRUST_RESTORED,6,9
S8-1197,PROFILE_768_65,P0_HARD_CUTOVER,R1_FREQUENT_SMALL,A2_DELAY_FIRST_TRANSITION_PROOF_ONE_CONTACT,2,48,1,12,5,17460,1,0,9,0,0,0,TRUST_RESTORED,6,9
S8-1198,PROFILE_768_65,P0_HARD_CUTOVER,R1_FREQUENT_SMALL,A2_DELAY_FIRST_TRANSITION_PROOF_ONE_CONTACT,3,12,0,,4,15725,1,0,11,0,0,0,EPOCH_DIVERGENCE,8,11
S8-1199,PROFILE_768_65,P0_HARD_CUTOVER,R1_FREQUENT_SMALL,A2_DELAY_FIRST_TRANSITION_PROOF_ONE_CONTACT,3,24,1,14,5,17460,1,0,11,0,0,0,TRUST_RESTORED,8,11
S8-1200,PROFILE_768_65,P0_HARD_CUTOVER,R1_FREQUENT_SMALL,A2_DELAY_FIRST_TRANSITION_PROOF_ONE_CONTACT,3,48,1,14,5,17460,1,0,11,0,0,0,TRUST_RESTORED,8,11
S8-1201,PROFILE_768_65,P0_HARD_CUTOVER,R1_FREQUENT_SMALL,A2_DELAY_FIRST_TRANSITION_PROOF_ONE_CONTACT,4,12,0,,4,15725,1,0,10,0,0,0,EPOCH_DIVERGENCE,7,10
S8-1202,PROFILE_768_65,P0_HARD_CUTOVER,R1_FREQUENT_SMALL,A2_DELAY_FIRST_TRANSITION_PROOF_ONE_CONTACT,4,24,1,13,5,17460,1,0,10,0,0,0,TRUST_RESTORED,7,10
S8-1203,PROFILE_768_65,P0_HARD_CUTOVER,R1_FREQUENT_SMALL,A2_DELAY_FIRST_TRANSITION_PROOF_ONE_CONTACT,4,48,1,13,5,17460,1,0,10,0,0,0,TRUST_RESTORED,7,10
S8-1204,PROFILE_768_65,P0_HARD_CUTOVER,R1_FREQUENT_SMALL,A2_DELAY_FIRST_TRANSITION_PROOF_ONE_CONTACT,5,12,0,,4,15725,1,0,9,0,0,0,EPOCH_DIVERGENCE,6,9
S8-1205,PROFILE_768_65,P0_HARD_CUTOVER,R1_FREQUENT_SMALL,A2_DELAY_FIRST_TRANSITION_PROOF_ONE_CONTACT,5,24,1,12,5,17460,1,0,9,0,0,0,TRUST_RESTORED,6,9
S8-1206,PROFILE_768_65,P0_HARD_CUTOVER,R1_FREQUENT_SMALL,A2_DELAY_FIRST_TRANSITION_PROOF_ONE_CONTACT,5,48,1,12,5,17460,1,0,9,0,0,0,TRUST_RESTORED,6,9
S8-1207,PROFILE_768_65,P0_HARD_CUTOVER,R1_FREQUENT_SMALL,A3_STALE_EPOCH_REPLAY_AT_COMMIT,0,12,1,11,5,17460,2,0,8,0,0,0,TRUST_RESTORED,5,8
S8-1208,PROFILE_768_65,P0_HARD_CUTOVER,R1_FREQUENT_SMALL,A3_STALE_EPOCH_REPLAY_AT_COMMIT,0,24,1,11,5,17460,2,0,8,0,0,0,TRUST_RESTORED,5,8
S8-1209,PROFILE_768_65,P0_HARD_CUTOVER,R1_FREQUENT_SMALL,A3_STALE_EPOCH_REPLAY_AT_COMMIT,0,48,1,11,5,17460,2,0,8,0,0,0,TRUST_RESTORED,5,8
S8-1210,PROFILE_768_65,P0_HARD_CUTOVER,R1_FREQUENT_SMALL,A3_STALE_EPOCH_REPLAY_AT_COMMIT,1,12,0,,4,14938,2,0,10,0,0,0,EPOCH_DIVERGENCE,7,10
S8-1211,PROFILE_768_65,P0_HARD_CUTOVER,R1_FREQUENT_SMALL,A3_STALE_EPOCH_REPLAY_AT_COMMIT,1,24,1,13,5,17460,2,0,10,0,0,0,TRUST_RESTORED,7,10
S8-1212,PROFILE_768_65,P0_HARD_CUTOVER,R1_FREQUENT_SMALL,A3_STALE_EPOCH_REPLAY_AT_COMMIT,1,48,1,13,5,17460,2,0,10,0,0,0,TRUST_RESTORED,7,10
S8-1213,PROFILE_768_65,P0_HARD_CUTOVER,R1_FREQUENT_SMALL,A3_STALE_EPOCH_REPLAY_AT_COMMIT,2,12,0,,4,14938,2,0,9,0,0,0,EPOCH_DIVERGENCE,6,9
S8-1214,PROFILE_768_65,P0_HARD_CUTOVER,R1_FREQUENT_SMALL,A3_STALE_EPOCH_REPLAY_AT_COMMIT,2,24,1,12,5,17460,2,0,9,0,0,0,TRUST_RESTORED,6,9
S8-1215,PROFILE_768_65,P0_HARD_CUTOVER,R1_FREQUENT_SMALL,A3_STALE_EPOCH_REPLAY_AT_COMMIT,2,48,1,12,5,17460,2,0,9,0,0,0,TRUST_RESTORED,6,9
S8-1216,PROFILE_768_65,P0_HARD_CUTOVER,R1_FREQUENT_SMALL,A3_STALE_EPOCH_REPLAY_AT_COMMIT,3,12,0,,4,14938,2,0,11,0,0,0,EPOCH_DIVERGENCE,8,11
S8-1217,PROFILE_768_65,P0_HARD_CUTOVER,R1_FREQUENT_SMALL,A3_STALE_EPOCH_REPLAY_AT_COMMIT,3,24,1,14,5,17460,2,0,11,0,0,0,TRUST_RESTORED,8,11
S8-1218,PROFILE_768_65,P0_HARD_CUTOVER,R1_FREQUENT_SMALL,A3_STALE_EPOCH_REPLAY_AT_COMMIT,3,48,1,14,5,17460,2,0,11,0,0,0,TRUST_RESTORED,8,11
S8-1219,PROFILE_768_65,P0_HARD_CUTOVER,R1_FREQUENT_SMALL,A3_STALE_EPOCH_REPLAY_AT_COMMIT,4,12,0,,4,14938,2,0,10,0,0,0,EPOCH_DIVERGENCE,7,10
S8-1220,PROFILE_768_65,P0_HARD_CUTOVER,R1_FREQUENT_SMALL,A3_STALE_EPOCH_REPLAY_AT_COMMIT,4,24,1,13,5,17460,2,0,10,0,0,0,TRUST_RESTORED,7,10
S8-1221,PROFILE_768_65,P0_HARD_CUTOVER,R1_FREQUENT_SMALL,A3_STALE_EPOCH_REPLAY_AT_COMMIT,4,48,1,13,5,17460,2,0,10,0,0,0,TRUST_RESTORED,7,10
S8-1222,PROFILE_768_65,P0_HARD_CUTOVER,R1_FREQUENT_SMALL,A3_STALE_EPOCH_REPLAY_AT_COMMIT,5,12,0,,4,14938,2,0,9,0,0,0,EPOCH_DIVERGENCE,6,9
S8-1223,PROFILE_768_65,P0_HARD_CUTOVER,R1_FREQUENT_SMALL,A3_STALE_EPOCH_REPLAY_AT_COMMIT,5,24,1,12,5,17460,2,0,9,0,0,0,TRUST_RESTORED,6,9
S8-1224,PROFILE_768_65,P0_HARD_CUTOVER,R1_FREQUENT_SMALL,A3_STALE_EPOCH_REPLAY_AT_COMMIT,5,48,1,12,5,17460,2,0,9,0,0,0,TRUST_RESTORED,6,9
S8-1225,PROFILE_768_65,P0_HARD_CUTOVER,R2_PERIODIC_MEDIUM,A0_NONE,0,12,1,11,3,17460,1,0,5,0,0,0,TRUST_RESTORED,5,5
S8-1226,PROFILE_768_65,P0_HARD_CUTOVER,R2_PERIODIC_MEDIUM,A0_NONE,0,24,1,11,3,17460,1,0,5,0,0,0,TRUST_RESTORED,5,5
S8-1227,PROFILE_768_65,P0_HARD_CUTOVER,R2_PERIODIC_MEDIUM,A0_NONE,0,48,1,11,3,17460,1,0,5,0,0,0,TRUST_RESTORED,5,5
S8-1228,PROFILE_768_65,P0_HARD_CUTOVER,R2_PERIODIC_MEDIUM,A0_NONE,1,12,0,,2,16384,1,0,10,0,0,0,EPOCH_DIVERGENCE,10,10
S8-1229,PROFILE_768_65,P0_HARD_CUTOVER,R2_PERIODIC_MEDIUM,A0_NONE,1,24,1,16,3,17460,1,0,10,0,0,0,TRUST_RESTORED,10,10
S8-1230,PROFILE_768_65,P0_HARD_CUTOVER,R2_PERIODIC_MEDIUM,A0_NONE,1,48,1,16,3,17460,1,0,10,0,0,0,TRUST_RESTORED,10,10
S8-1231,PROFILE_768_65,P0_HARD_CUTOVER,R2_PERIODIC_MEDIUM,A0_NONE,2,12,0,,2,16384,1,0,9,0,0,0,EPOCH_DIVERGENCE,9,9
S8-1232,PROFILE_768_65,P0_HARD_CUTOVER,R2_PERIODIC_MEDIUM,A0_NONE,2,24,1,15,3,17460,1,0,9,0,0,0,TRUST_RESTORED,9,9
S8-1233,PROFILE_768_65,P0_HARD_CUTOVER,R2_PERIODIC_MEDIUM,A0_NONE,2,48,1,15,3,17460,1,0,9,0,0,0,TRUST_RESTORED,9,9
S8-1234,PROFILE_768_65,P0_HARD_CUTOVER,R2_PERIODIC_MEDIUM,A0_NONE,3,12,0,,2,16384,1,0,8,0,0,0,EPOCH_DIVERGENCE,8,8
S8-1235,PROFILE_768_65,P0_HARD_CUTOVER,R2_PERIODIC_MEDIUM,A0_NONE,3,24,1,14,3,17460,1,0,8,0,0,0,TRUST_RESTORED,8,8
S8-1236,PROFILE_768_65,P0_HARD_CUTOVER,R2_PERIODIC_MEDIUM,A0_NONE,3,48,1,14,3,17460,1,0,8,0,0,0,TRUST_RESTORED,8,8
S8-1237,PROFILE_768_65,P0_HARD_CUTOVER,R2_PERIODIC_MEDIUM,A0_NONE,4,12,0,,2,16384,1,0,7,0,0,0,EPOCH_DIVERGENCE,7,7
S8-1238,PROFILE_768_65,P0_HARD_CUTOVER,R2_PERIODIC_MEDIUM,A0_NONE,4,24,1,13,3,17460,1,0,7,0,0,0,TRUST_RESTORED,7,7
S8-1239,PROFILE_768_65,P0_HARD_CUTOVER,R2_PERIODIC_MEDIUM,A0_NONE,4,48,1,13,3,17460,1,0,7,0,0,0,TRUST_RESTORED,7,7
S8-1240,PROFILE_768_65,P0_HARD_CUTOVER,R2_PERIODIC_MEDIUM,A0_NONE,5,12,0,,2,16384,1,0,6,0,0,0,EPOCH_DIVERGENCE,6,6
S8-1241,PROFILE_768_65,P0_HARD_CUTOVER,R2_PERIODIC_MEDIUM,A0_NONE,5,24,1,12,3,17460,1,0,6,0,0,0,TRUST_RESTORED,6,6
S8-1242,PROFILE_768_65,P0_HARD_CUTOVER,R2_PERIODIC_MEDIUM,A0_NONE,5,48,1,12,3,17460,1,0,6,0,0,0,TRUST_RESTORED,6,6
S8-1243,PROFILE_768_65,P0_HARD_CUTOVER,R2_PERIODIC_MEDIUM,A1_DROP_FIRST_LARGEST_OBJECT_FRAGMENT,0,12,1,11,3,20769,1,0,11,0,0,0,TRUST_RESTORED,5,11
S8-1244,PROFILE_768_65,P0_HARD_CUTOVER,R2_PERIODIC_MEDIUM,A1_DROP_FIRST_LARGEST_OBJECT_FRAGMENT,0,24,1,11,3,20769,1,0,11,0,0,0,TRUST_RESTORED,5,11
S8-1245,PROFILE_768_65,P0_HARD_CUTOVER,R2_PERIODIC_MEDIUM,A1_DROP_FIRST_LARGEST_OBJECT_FRAGMENT,0,48,1,11,3,20769,1,0,11,0,0,0,TRUST_RESTORED,5,11
S8-1246,PROFILE_768_65,P0_HARD_CUTOVER,R2_PERIODIC_MEDIUM,A1_DROP_FIRST_LARGEST_OBJECT_FRAGMENT,1,12,0,,2,16384,0,0,12,0,0,0,INSUFFICIENT_MATERIAL_TRANSFER,10,
S8-1247,PROFILE_768_65,P0_HARD_CUTOVER,R2_PERIODIC_MEDIUM,A1_DROP_FIRST_LARGEST_OBJECT_FRAGMENT,1,24,1,16,3,20769,1,0,16,0,0,0,TRUST_RESTORED,10,16
S8-1248,PROFILE_768_65,P0_HARD_CUTOVER,R2_PERIODIC_MEDIUM,A1_DROP_FIRST_LARGEST_OBJECT_FRAGMENT,1,48,1,16,3,20769,1,0,16,0,0,0,TRUST_RESTORED,10,16
S8-1249,PROFILE_768_65,P0_HARD_CUTOVER,R2_PERIODIC_MEDIUM,A1_DROP_FIRST_LARGEST_OBJECT_FRAGMENT,2,12,0,,2,16384,0,0,12,0,0,0,INSUFFICIENT_MATERIAL_TRANSFER,9,
S8-1250,PROFILE_768_65,P0_HARD_CUTOVER,R2_PERIODIC_MEDIUM,A1_DROP_FIRST_LARGEST_OBJECT_FRAGMENT,2,24,1,15,3,20769,1,0,15,0,0,0,TRUST_RESTORED,9,15
S8-1251,PROFILE_768_65,P0_HARD_CUTOVER,R2_PERIODIC_MEDIUM,A1_DROP_FIRST_LARGEST_OBJECT_FRAGMENT,2,48,1,15,3,20769,1,0,15,0,0,0,TRUST_RESTORED,9,15
S8-1252,PROFILE_768_65,P0_HARD_CUTOVER,R2_PERIODIC_MEDIUM,A1_DROP_FIRST_LARGEST_OBJECT_FRAGMENT,3,12,0,,2,16384,0,0,12,0,0,0,INSUFFICIENT_MATERIAL_TRANSFER,8,
S8-1253,PROFILE_768_65,P0_HARD_CUTOVER,R2_PERIODIC_MEDIUM,A1_DROP_FIRST_LARGEST_OBJECT_FRAGMENT,3,24,1,14,3,20769,1,0,14,0,0,0,TRUST_RESTORED,8,14
S8-1254,PROFILE_768_65,P0_HARD_CUTOVER,R2_PERIODIC_MEDIUM,A1_DROP_FIRST_LARGEST_OBJECT_FRAGMENT,3,48,1,14,3,20769,1,0,14,0,0,0,TRUST_RESTORED,8,14
S8-1255,PROFILE_768_65,P0_HARD_CUTOVER,R2_PERIODIC_MEDIUM,A1_DROP_FIRST_LARGEST_OBJECT_FRAGMENT,4,12,0,,2,16384,0,0,12,0,0,0,INSUFFICIENT_MATERIAL_TRANSFER,7,
S8-1256,PROFILE_768_65,P0_HARD_CUTOVER,R2_PERIODIC_MEDIUM,A1_DROP_FIRST_LARGEST_OBJECT_FRAGMENT,4,24,1,13,3,20769,1,0,13,0,0,0,TRUST_RESTORED,7,13
S8-1257,PROFILE_768_65,P0_HARD_CUTOVER,R2_PERIODIC_MEDIUM,A1_DROP_FIRST_LARGEST_OBJECT_FRAGMENT,4,48,1,13,3,20769,1,0,13,0,0,0,TRUST_RESTORED,7,13
S8-1258,PROFILE_768_65,P0_HARD_CUTOVER,R2_PERIODIC_MEDIUM,A1_DROP_FIRST_LARGEST_OBJECT_FRAGMENT,5,12,0,,2,16384,0,0,12,0,0,0,INSUFFICIENT_MATERIAL_TRANSFER,6,
S8-1259,PROFILE_768_65,P0_HARD_CUTOVER,R2_PERIODIC_MEDIUM,A1_DROP_FIRST_LARGEST_OBJECT_FRAGMENT,5,24,1,12,3,20769,1,0,12,0,0,0,TRUST_RESTORED,6,12
S8-1260,PROFILE_768_65,P0_HARD_CUTOVER,R2_PERIODIC_MEDIUM,A1_DROP_FIRST_LARGEST_OBJECT_FRAGMENT,5,48,1,12,3,20769,1,0,12,0,0,0,TRUST_RESTORED,6,12
S8-1261,PROFILE_768_65,P0_HARD_CUTOVER,R2_PERIODIC_MEDIUM,A2_DELAY_FIRST_TRANSITION_PROOF_ONE_CONTACT,0,12,1,11,3,17460,1,0,5,0,0,0,TRUST_RESTORED,5,5
S8-1262,PROFILE_768_65,P0_HARD_CUTOVER,R2_PERIODIC_MEDIUM,A2_DELAY_FIRST_TRANSITION_PROOF_ONE_CONTACT,0,24,1,11,3,17460,1,0,5,0,0,0,TRUST_RESTORED,5,5
S8-1263,PROFILE_768_65,P0_HARD_CUTOVER,R2_PERIODIC_MEDIUM,A2_DELAY_FIRST_TRANSITION_PROOF_ONE_CONTACT,0,48,1,11,3,17460,1,0,5,0,0,0,TRUST_RESTORED,5,5
S8-1264,PROFILE_768_65,P0_HARD_CUTOVER,R2_PERIODIC_MEDIUM,A2_DELAY_FIRST_TRANSITION_PROOF_ONE_CONTACT,1,12,0,,2,15725,1,0,10,0,0,0,EPOCH_DIVERGENCE,10,10
S8-1265,PROFILE_768_65,P0_HARD_CUTOVER,R2_PERIODIC_MEDIUM,A2_DELAY_FIRST_TRANSITION_PROOF_ONE_CONTACT,1,24,1,16,3,17460,1,0,10,0,0,0,TRUST_RESTORED,10,10
S8-1266,PROFILE_768_65,P0_HARD_CUTOVER,R2_PERIODIC_MEDIUM,A2_DELAY_FIRST_TRANSITION_PROOF_ONE_CONTACT,1,48,1,16,3,17460,1,0,10,0,0,0,TRUST_RESTORED,10,10
S8-1267,PROFILE_768_65,P0_HARD_CUTOVER,R2_PERIODIC_MEDIUM,A2_DELAY_FIRST_TRANSITION_PROOF_ONE_CONTACT,2,12,0,,2,15725,1,0,9,0,0,0,EPOCH_DIVERGENCE,9,9
S8-1268,PROFILE_768_65,P0_HARD_CUTOVER,R2_PERIODIC_MEDIUM,A2_DELAY_FIRST_TRANSITION_PROOF_ONE_CONTACT,2,24,1,15,3,17460,1,0,9,0,0,0,TRUST_RESTORED,9,9
S8-1269,PROFILE_768_65,P0_HARD_CUTOVER,R2_PERIODIC_MEDIUM,A2_DELAY_FIRST_TRANSITION_PROOF_ONE_CONTACT,2,48,1,15,3,17460,1,0,9,0,0,0,TRUST_RESTORED,9,9
S8-1270,PROFILE_768_65,P0_HARD_CUTOVER,R2_PERIODIC_MEDIUM,A2_DELAY_FIRST_TRANSITION_PROOF_ONE_CONTACT,3,12,0,,2,15725,1,0,8,0,0,0,EPOCH_DIVERGENCE,8,8
S8-1271,PROFILE_768_65,P0_HARD_CUTOVER,R2_PERIODIC_MEDIUM,A2_DELAY_FIRST_TRANSITION_PROOF_ONE_CONTACT,3,24,1,14,3,17460,1,0,8,0,0,0,TRUST_RESTORED,8,8
S8-1272,PROFILE_768_65,P0_HARD_CUTOVER,R2_PERIODIC_MEDIUM,A2_DELAY_FIRST_TRANSITION_PROOF_ONE_CONTACT,3,48,1,14,3,17460,1,0,8,0,0,0,TRUST_RESTORED,8,8
S8-1273,PROFILE_768_65,P0_HARD_CUTOVER,R2_PERIODIC_MEDIUM,A2_DELAY_FIRST_TRANSITION_PROOF_ONE_CONTACT,4,12,0,,2,15725,1,0,7,0,0,0,EPOCH_DIVERGENCE,7,7
S8-1274,PROFILE_768_65,P0_HARD_CUTOVER,R2_PERIODIC_MEDIUM,A2_DELAY_FIRST_TRANSITION_PROOF_ONE_CONTACT,4,24,1,13,3,17460,1,0,7,0,0,0,TRUST_RESTORED,7,7
S8-1275,PROFILE_768_65,P0_HARD_CUTOVER,R2_PERIODIC_MEDIUM,A2_DELAY_FIRST_TRANSITION_PROOF_ONE_CONTACT,4,48,1,13,3,17460,1,0,7,0,0,0,TRUST_RESTORED,7,7
S8-1276,PROFILE_768_65,P0_HARD_CUTOVER,R2_PERIODIC_MEDIUM,A2_DELAY_FIRST_TRANSITION_PROOF_ONE_CONTACT,5,12,0,,2,15725,1,0,6,0,0,0,EPOCH_DIVERGENCE,6,6
S8-1277,PROFILE_768_65,P0_HARD_CUTOVER,R2_PERIODIC_MEDIUM,A2_DELAY_FIRST_TRANSITION_PROOF_ONE_CONTACT,5,24,1,12,3,17460,1,0,6,0,0,0,TRUST_RESTORED,6,6
S8-1278,PROFILE_768_65,P0_HARD_CUTOVER,R2_PERIODIC_MEDIUM,A2_DELAY_FIRST_TRANSITION_PROOF_ONE_CONTACT,5,48,1,12,3,17460,1,0,6,0,0,0,TRUST_RESTORED,6,6
S8-1279,PROFILE_768_65,P0_HARD_CUTOVER,R2_PERIODIC_MEDIUM,A3_STALE_EPOCH_REPLAY_AT_COMMIT,0,12,1,11,3,17460,2,0,11,0,0,0,TRUST_RESTORED,5,11
S8-1280,PROFILE_768_65,P0_HARD_CUTOVER,R2_PERIODIC_MEDIUM,A3_STALE_EPOCH_REPLAY_AT_COMMIT,0,24,1,11,3,17460,2,0,11,0,0,0,TRUST_RESTORED,5,11
S8-1281,PROFILE_768_65,P0_HARD_CUTOVER,R2_PERIODIC_MEDIUM,A3_STALE_EPOCH_REPLAY_AT_COMMIT,0,48,1,11,3,17460,2,0,11,0,0,0,TRUST_RESTORED,5,11
S8-1282,PROFILE_768_65,P0_HARD_CUTOVER,R2_PERIODIC_MEDIUM,A3_STALE_EPOCH_REPLAY_AT_COMMIT,1,12,0,,2,10842,1,0,12,0,0,0,INSUFFICIENT_MATERIAL_TRANSFER,10,
S8-1283,PROFILE_768_65,P0_HARD_CUTOVER,R2_PERIODIC_MEDIUM,A3_STALE_EPOCH_REPLAY_AT_COMMIT,1,24,1,16,3,17460,2,0,16,0,0,0,TRUST_RESTORED,10,16
S8-1284,PROFILE_768_65,P0_HARD_CUTOVER,R2_PERIODIC_MEDIUM,A3_STALE_EPOCH_REPLAY_AT_COMMIT,1,48,1,16,3,17460,2,0,16,0,0,0,TRUST_RESTORED,10,16
S8-1285,PROFILE_768_65,P0_HARD_CUTOVER,R2_PERIODIC_MEDIUM,A3_STALE_EPOCH_REPLAY_AT_COMMIT,2,12,0,,2,10842,1,0,12,0,0,0,INSUFFICIENT_MATERIAL_TRANSFER,9,
S8-1286,PROFILE_768_65,P0_HARD_CUTOVER,R2_PERIODIC_MEDIUM,A3_STALE_EPOCH_REPLAY_AT_COMMIT,2,24,1,15,3,17460,2,0,15,0,0,0,TRUST_RESTORED,9,15
S8-1287,PROFILE_768_65,P0_HARD_CUTOVER,R2_PERIODIC_MEDIUM,A3_STALE_EPOCH_REPLAY_AT_COMMIT,2,48,1,15,3,17460,2,0,15,0,0,0,TRUST_RESTORED,9,15
S8-1288,PROFILE_768_65,P0_HARD_CUTOVER,R2_PERIODIC_MEDIUM,A3_STALE_EPOCH_REPLAY_AT_COMMIT,3,12,0,,2,10842,1,0,12,0,0,0,INSUFFICIENT_MATERIAL_TRANSFER,8,
S8-1289,PROFILE_768_65,P0_HARD_CUTOVER,R2_PERIODIC_MEDIUM,A3_STALE_EPOCH_REPLAY_AT_COMMIT,3,24,1,14,3,17460,2,0,14,0,0,0,TRUST_RESTORED,8,14
S8-1290,PROFILE_768_65,P0_HARD_CUTOVER,R2_PERIODIC_MEDIUM,A3_STALE_EPOCH_REPLAY_AT_COMMIT,3,48,1,14,3,17460,2,0,14,0,0,0,TRUST_RESTORED,8,14
S8-1291,PROFILE_768_65,P0_HARD_CUTOVER,R2_PERIODIC_MEDIUM,A3_STALE_EPOCH_REPLAY_AT_COMMIT,4,12,0,,2,10842,1,0,12,0,0,0,INSUFFICIENT_MATERIAL_TRANSFER,7,
S8-1292,PROFILE_768_65,P0_HARD_CUTOVER,R2_PERIODIC_MEDIUM,A3_STALE_EPOCH_REPLAY_AT_COMMIT,4,24,1,13,3,17460,2,0,13,0,0,0,TRUST_RESTORED,7,13
S8-1293,PROFILE_768_65,P0_HARD_CUTOVER,R2_PERIODIC_MEDIUM,A3_STALE_EPOCH_REPLAY_AT_COMMIT,4,48,1,13,3,17460,2,0,13,0,0,0,TRUST_RESTORED,7,13
S8-1294,PROFILE_768_65,P0_HARD_CUTOVER,R2_PERIODIC_MEDIUM,A3_STALE_EPOCH_REPLAY_AT_COMMIT,5,12,0,,2,10842,1,0,12,0,0,0,INSUFFICIENT_MATERIAL_TRANSFER,6,
S8-1295,PROFILE_768_65,P0_HARD_CUTOVER,R2_PERIODIC_MEDIUM,A3_STALE_EPOCH_REPLAY_AT_COMMIT,5,24,1,12,3,17460,2,0,12,0,0,0,TRUST_RESTORED,6,12
S8-1296,PROFILE_768_65,P0_HARD_CUTOVER,R2_PERIODIC_MEDIUM,A3_STALE_EPOCH_REPLAY_AT_COMMIT,5,48,1,12,3,17460,2,0,12,0,0,0,TRUST_RESTORED,6,12
S8-1297,PROFILE_768_65,P0_HARD_CUTOVER,R3_SPARSE_LARGE,A0_NONE,0,12,1,11,2,17460,1,0,0,0,0,0,TRUST_RESTORED,0,0
S8-1298,PROFILE_768_65,P0_HARD_CUTOVER,R3_SPARSE_LARGE,A0_NONE,0,24,1,11,2,17460,1,0,0,0,0,0,TRUST_RESTORED,0,0
S8-1299,PROFILE_768_65,P0_HARD_CUTOVER,R3_SPARSE_LARGE,A0_NONE,0,48,1,11,2,17460,1,0,0,0,0,0,TRUST_RESTORED,0,0
S8-1300,PROFILE_768_65,P0_HARD_CUTOVER,R3_SPARSE_LARGE,A0_NONE,1,12,0,,1,16384,1,0,10,0,0,0,EPOCH_DIVERGENCE,10,10
S8-1301,PROFILE_768_65,P0_HARD_CUTOVER,R3_SPARSE_LARGE,A0_NONE,1,24,1,22,2,17460,1,0,10,0,0,0,TRUST_RESTORED,10,10
S8-1302,PROFILE_768_65,P0_HARD_CUTOVER,R3_SPARSE_LARGE,A0_NONE,1,48,1,22,2,17460,1,0,10,0,0,0,TRUST_RESTORED,10,10
S8-1303,PROFILE_768_65,P0_HARD_CUTOVER,R3_SPARSE_LARGE,A0_NONE,2,12,0,,1,16384,1,0,9,0,0,0,EPOCH_DIVERGENCE,9,9
S8-1304,PROFILE_768_65,P0_HARD_CUTOVER,R3_SPARSE_LARGE,A0_NONE,2,24,1,21,2,17460,1,0,9,0,0,0,TRUST_RESTORED,9,9
S8-1305,PROFILE_768_65,P0_HARD_CUTOVER,R3_SPARSE_LARGE,A0_NONE,2,48,1,21,2,17460,1,0,9,0,0,0,TRUST_RESTORED,9,9
S8-1306,PROFILE_768_65,P0_HARD_CUTOVER,R3_SPARSE_LARGE,A0_NONE,3,12,0,,1,16384,1,0,8,0,0,0,EPOCH_DIVERGENCE,8,8
S8-1307,PROFILE_768_65,P0_HARD_CUTOVER,R3_SPARSE_LARGE,A0_NONE,3,24,1,20,2,17460,1,0,8,0,0,0,TRUST_RESTORED,8,8
S8-1308,PROFILE_768_65,P0_HARD_CUTOVER,R3_SPARSE_LARGE,A0_NONE,3,48,1,20,2,17460,1,0,8,0,0,0,TRUST_RESTORED,8,8
S8-1309,PROFILE_768_65,P0_HARD_CUTOVER,R3_SPARSE_LARGE,A0_NONE,4,12,0,,1,16384,1,0,7,0,0,0,EPOCH_DIVERGENCE,7,7
S8-1310,PROFILE_768_65,P0_HARD_CUTOVER,R3_SPARSE_LARGE,A0_NONE,4,24,1,19,2,17460,1,0,7,0,0,0,TRUST_RESTORED,7,7
S8-1311,PROFILE_768_65,P0_HARD_CUTOVER,R3_SPARSE_LARGE,A0_NONE,4,48,1,19,2,17460,1,0,7,0,0,0,TRUST_RESTORED,7,7
S8-1312,PROFILE_768_65,P0_HARD_CUTOVER,R3_SPARSE_LARGE,A0_NONE,5,12,0,,1,16384,1,0,6,0,0,0,EPOCH_DIVERGENCE,6,6
S8-1313,PROFILE_768_65,P0_HARD_CUTOVER,R3_SPARSE_LARGE,A0_NONE,5,24,1,18,2,17460,1,0,6,0,0,0,TRUST_RESTORED,6,6
S8-1314,PROFILE_768_65,P0_HARD_CUTOVER,R3_SPARSE_LARGE,A0_NONE,5,48,1,18,2,17460,1,0,6,0,0,0,TRUST_RESTORED,6,6
S8-1315,PROFILE_768_65,P0_HARD_CUTOVER,R3_SPARSE_LARGE,A1_DROP_FIRST_LARGEST_OBJECT_FRAGMENT,0,12,1,11,2,20769,1,0,11,0,0,0,TRUST_RESTORED,0,11
S8-1316,PROFILE_768_65,P0_HARD_CUTOVER,R3_SPARSE_LARGE,A1_DROP_FIRST_LARGEST_OBJECT_FRAGMENT,0,24,1,11,2,20769,1,0,11,0,0,0,TRUST_RESTORED,0,11
S8-1317,PROFILE_768_65,P0_HARD_CUTOVER,R3_SPARSE_LARGE,A1_DROP_FIRST_LARGEST_OBJECT_FRAGMENT,0,48,1,11,2,20769,1,0,11,0,0,0,TRUST_RESTORED,0,11
S8-1318,PROFILE_768_65,P0_HARD_CUTOVER,R3_SPARSE_LARGE,A1_DROP_FIRST_LARGEST_OBJECT_FRAGMENT,1,12,0,,1,16384,0,0,12,0,0,0,INSUFFICIENT_MATERIAL_TRANSFER,10,
S8-1319,PROFILE_768_65,P0_HARD_CUTOVER,R3_SPARSE_LARGE,A1_DROP_FIRST_LARGEST_OBJECT_FRAGMENT,1,24,1,22,2,20769,1,0,22,0,0,0,TRUST_RESTORED,10,22
S8-1320,PROFILE_768_65,P0_HARD_CUTOVER,R3_SPARSE_LARGE,A1_DROP_FIRST_LARGEST_OBJECT_FRAGMENT,1,48,1,22,2,20769,1,0,22,0,0,0,TRUST_RESTORED,10,22
S8-1321,PROFILE_768_65,P0_HARD_CUTOVER,R3_SPARSE_LARGE,A1_DROP_FIRST_LARGEST_OBJECT_FRAGMENT,2,12,0,,1,16384,0,0,12,0,0,0,INSUFFICIENT_MATERIAL_TRANSFER,9,
S8-1322,PROFILE_768_65,P0_HARD_CUTOVER,R3_SPARSE_LARGE,A1_DROP_FIRST_LARGEST_OBJECT_FRAGMENT,2,24,1,21,2,20769,1,0,21,0,0,0,TRUST_RESTORED,9,21
S8-1323,PROFILE_768_65,P0_HARD_CUTOVER,R3_SPARSE_LARGE,A1_DROP_FIRST_LARGEST_OBJECT_FRAGMENT,2,48,1,21,2,20769,1,0,21,0,0,0,TRUST_RESTORED,9,21
S8-1324,PROFILE_768_65,P0_HARD_CUTOVER,R3_SPARSE_LARGE,A1_DROP_FIRST_LARGEST_OBJECT_FRAGMENT,3,12,0,,1,16384,0,0,12,0,0,0,INSUFFICIENT_MATERIAL_TRANSFER,8,
S8-1325,PROFILE_768_65,P0_HARD_CUTOVER,R3_SPARSE_LARGE,A1_DROP_FIRST_LARGEST_OBJECT_FRAGMENT,3,24,1,20,2,20769,1,0,20,0,0,0,TRUST_RESTORED,8,20
S8-1326,PROFILE_768_65,P0_HARD_CUTOVER,R3_SPARSE_LARGE,A1_DROP_FIRST_LARGEST_OBJECT_FRAGMENT,3,48,1,20,2,20769,1,0,20,0,0,0,TRUST_RESTORED,8,20
S8-1327,PROFILE_768_65,P0_HARD_CUTOVER,R3_SPARSE_LARGE,A1_DROP_FIRST_LARGEST_OBJECT_FRAGMENT,4,12,0,,1,16384,0,0,12,0,0,0,INSUFFICIENT_MATERIAL_TRANSFER,7,
S8-1328,PROFILE_768_65,P0_HARD_CUTOVER,R3_SPARSE_LARGE,A1_DROP_FIRST_LARGEST_OBJECT_FRAGMENT,4,24,1,19,2,20769,1,0,19,0,0,0,TRUST_RESTORED,7,19
S8-1329,PROFILE_768_65,P0_HARD_CUTOVER,R3_SPARSE_LARGE,A1_DROP_FIRST_LARGEST_OBJECT_FRAGMENT,4,48,1,19,2,20769,1,0,19,0,0,0,TRUST_RESTORED,7,19
S8-1330,PROFILE_768_65,P0_HARD_CUTOVER,R3_SPARSE_LARGE,A1_DROP_FIRST_LARGEST_OBJECT_FRAGMENT,5,12,0,,1,16384,0,0,12,0,0,0,INSUFFICIENT_MATERIAL_TRANSFER,6,
S8-1331,PROFILE_768_65,P0_HARD_CUTOVER,R3_SPARSE_LARGE,A1_DROP_FIRST_LARGEST_OBJECT_FRAGMENT,5,24,1,18,2,20769,1,0,18,0,0,0,TRUST_RESTORED,6,18
S8-1332,PROFILE_768_65,P0_HARD_CUTOVER,R3_SPARSE_LARGE,A1_DROP_FIRST_LARGEST_OBJECT_FRAGMENT,5,48,1,18,2,20769,1,0,18,0,0,0,TRUST_RESTORED,6,18
S8-1333,PROFILE_768_65,P0_HARD_CUTOVER,R3_SPARSE_LARGE,A2_DELAY_FIRST_TRANSITION_PROOF_ONE_CONTACT,0,12,1,11,2,17460,1,0,11,0,0,0,TRUST_RESTORED,11,11
S8-1334,PROFILE_768_65,P0_HARD_CUTOVER,R3_SPARSE_LARGE,A2_DELAY_FIRST_TRANSITION_PROOF_ONE_CONTACT,0,24,1,11,2,17460,1,0,11,0,0,0,TRUST_RESTORED,11,11
S8-1335,PROFILE_768_65,P0_HARD_CUTOVER,R3_SPARSE_LARGE,A2_DELAY_FIRST_TRANSITION_PROOF_ONE_CONTACT,0,48,1,11,2,17460,1,0,11,0,0,0,TRUST_RESTORED,11,11
S8-1336,PROFILE_768_65,P0_HARD_CUTOVER,R3_SPARSE_LARGE,A2_DELAY_FIRST_TRANSITION_PROOF_ONE_CONTACT,1,12,0,,1,7533,0,0,12,0,0,0,INSUFFICIENT_MATERIAL_TRANSFER,,
S8-1337,PROFILE_768_65,P0_HARD_CUTOVER,R3_SPARSE_LARGE,A2_DELAY_FIRST_TRANSITION_PROOF_ONE_CONTACT,1,24,1,22,2,17460,1,0,22,0,0,0,TRUST_RESTORED,22,22
S8-1338,PROFILE_768_65,P0_HARD_CUTOVER,R3_SPARSE_LARGE,A2_DELAY_FIRST_TRANSITION_PROOF_ONE_CONTACT,1,48,1,22,2,17460,1,0,22,0,0,0,TRUST_RESTORED,22,22
S8-1339,PROFILE_768_65,P0_HARD_CUTOVER,R3_SPARSE_LARGE,A2_DELAY_FIRST_TRANSITION_PROOF_ONE_CONTACT,2,12,0,,1,7533,0,0,12,0,0,0,INSUFFICIENT_MATERIAL_TRANSFER,,
S8-1340,PROFILE_768_65,P0_HARD_CUTOVER,R3_SPARSE_LARGE,A2_DELAY_FIRST_TRANSITION_PROOF_ONE_CONTACT,2,24,1,21,2,17460,1,0,21,0,0,0,TRUST_RESTORED,21,21
S8-1341,PROFILE_768_65,P0_HARD_CUTOVER,R3_SPARSE_LARGE,A2_DELAY_FIRST_TRANSITION_PROOF_ONE_CONTACT,2,48,1,21,2,17460,1,0,21,0,0,0,TRUST_RESTORED,21,21
S8-1342,PROFILE_768_65,P0_HARD_CUTOVER,R3_SPARSE_LARGE,A2_DELAY_FIRST_TRANSITION_PROOF_ONE_CONTACT,3,12,0,,1,7533,0,0,12,0,0,0,INSUFFICIENT_MATERIAL_TRANSFER,,
S8-1343,PROFILE_768_65,P0_HARD_CUTOVER,R3_SPARSE_LARGE,A2_DELAY_FIRST_TRANSITION_PROOF_ONE_CONTACT,3,24,1,20,2,17460,1,0,20,0,0,0,TRUST_RESTORED,20,20
S8-1344,PROFILE_768_65,P0_HARD_CUTOVER,R3_SPARSE_LARGE,A2_DELAY_FIRST_TRANSITION_PROOF_ONE_CONTACT,3,48,1,20,2,17460,1,0,20,0,0,0,TRUST_RESTORED,20,20
S8-1345,PROFILE_768_65,P0_HARD_CUTOVER,R3_SPARSE_LARGE,A2_DELAY_FIRST_TRANSITION_PROOF_ONE_CONTACT,4,12,0,,1,7533,0,0,12,0,0,0,INSUFFICIENT_MATERIAL_TRANSFER,,
S8-1346,PROFILE_768_65,P0_HARD_CUTOVER,R3_SPARSE_LARGE,A2_DELAY_FIRST_TRANSITION_PROOF_ONE_CONTACT,4,24,1,19,2,17460,1,0,19,0,0,0,TRUST_RESTORED,19,19
S8-1347,PROFILE_768_65,P0_HARD_CUTOVER,R3_SPARSE_LARGE,A2_DELAY_FIRST_TRANSITION_PROOF_ONE_CONTACT,4,48,1,19,2,17460,1,0,19,0,0,0,TRUST_RESTORED,19,19
S8-1348,PROFILE_768_65,P0_HARD_CUTOVER,R3_SPARSE_LARGE,A2_DELAY_FIRST_TRANSITION_PROOF_ONE_CONTACT,5,12,0,,1,7533,0,0,12,0,0,0,INSUFFICIENT_MATERIAL_TRANSFER,,
S8-1349,PROFILE_768_65,P0_HARD_CUTOVER,R3_SPARSE_LARGE,A2_DELAY_FIRST_TRANSITION_PROOF_ONE_CONTACT,5,24,1,18,2,17460,1,0,18,0,0,0,TRUST_RESTORED,18,18
S8-1350,PROFILE_768_65,P0_HARD_CUTOVER,R3_SPARSE_LARGE,A2_DELAY_FIRST_TRANSITION_PROOF_ONE_CONTACT,5,48,1,18,2,17460,1,0,18,0,0,0,TRUST_RESTORED,18,18
S8-1351,PROFILE_768_65,P0_HARD_CUTOVER,R3_SPARSE_LARGE,A3_STALE_EPOCH_REPLAY_AT_COMMIT,0,12,1,11,2,17460,2,0,11,0,0,0,TRUST_RESTORED,0,11
S8-1352,PROFILE_768_65,P0_HARD_CUTOVER,R3_SPARSE_LARGE,A3_STALE_EPOCH_REPLAY_AT_COMMIT,0,24,1,11,2,17460,2,0,11,0,0,0,TRUST_RESTORED,0,11
S8-1353,PROFILE_768_65,P0_HARD_CUTOVER,R3_SPARSE_LARGE,A3_STALE_EPOCH_REPLAY_AT_COMMIT,0,48,1,11,2,17460,2,0,11,0,0,0,TRUST_RESTORED,0,11
S8-1354,PROFILE_768_65,P0_HARD_CUTOVER,R3_SPARSE_LARGE,A3_STALE_EPOCH_REPLAY_AT_COMMIT,1,12,0,,1,10842,1,0,12,0,0,0,INSUFFICIENT_MATERIAL_TRANSFER,10,
S8-1355,PROFILE_768_65,P0_HARD_CUTOVER,R3_SPARSE_LARGE,A3_STALE_EPOCH_REPLAY_AT_COMMIT,1,24,1,22,2,17460,2,0,22,0,0,0,TRUST_RESTORED,10,22
S8-1356,PROFILE_768_65,P0_HARD_CUTOVER,R3_SPARSE_LARGE,A3_STALE_EPOCH_REPLAY_AT_COMMIT,1,48,1,22,2,17460,2,0,22,0,0,0,TRUST_RESTORED,10,22
S8-1357,PROFILE_768_65,P0_HARD_CUTOVER,R3_SPARSE_LARGE,A3_STALE_EPOCH_REPLAY_AT_COMMIT,2,12,0,,1,10842,1,0,12,0,0,0,INSUFFICIENT_MATERIAL_TRANSFER,9,
S8-1358,PROFILE_768_65,P0_HARD_CUTOVER,R3_SPARSE_LARGE,A3_STALE_EPOCH_REPLAY_AT_COMMIT,2,24,1,21,2,17460,2,0,21,0,0,0,TRUST_RESTORED,9,21
S8-1359,PROFILE_768_65,P0_HARD_CUTOVER,R3_SPARSE_LARGE,A3_STALE_EPOCH_REPLAY_AT_COMMIT,2,48,1,21,2,17460,2,0,21,0,0,0,TRUST_RESTORED,9,21
S8-1360,PROFILE_768_65,P0_HARD_CUTOVER,R3_SPARSE_LARGE,A3_STALE_EPOCH_REPLAY_AT_COMMIT,3,12,0,,1,10842,1,0,12,0,0,0,INSUFFICIENT_MATERIAL_TRANSFER,8,
S8-1361,PROFILE_768_65,P0_HARD_CUTOVER,R3_SPARSE_LARGE,A3_STALE_EPOCH_REPLAY_AT_COMMIT,3,24,1,20,2,17460,2,0,20,0,0,0,TRUST_RESTORED,8,20
S8-1362,PROFILE_768_65,P0_HARD_CUTOVER,R3_SPARSE_LARGE,A3_STALE_EPOCH_REPLAY_AT_COMMIT,3,48,1,20,2,17460,2,0,20,0,0,0,TRUST_RESTORED,8,20
S8-1363,PROFILE_768_65,P0_HARD_CUTOVER,R3_SPARSE_LARGE,A3_STALE_EPOCH_REPLAY_AT_COMMIT,4,12,0,,1,10842,1,0,12,0,0,0,INSUFFICIENT_MATERIAL_TRANSFER,7,
S8-1364,PROFILE_768_65,P0_HARD_CUTOVER,R3_SPARSE_LARGE,A3_STALE_EPOCH_REPLAY_AT_COMMIT,4,24,1,19,2,17460,2,0,19,0,0,0,TRUST_RESTORED,7,19
S8-1365,PROFILE_768_65,P0_HARD_CUTOVER,R3_SPARSE_LARGE,A3_STALE_EPOCH_REPLAY_AT_COMMIT,4,48,1,19,2,17460,2,0,19,0,0,0,TRUST_RESTORED,7,19
S8-1366,PROFILE_768_65,P0_HARD_CUTOVER,R3_SPARSE_LARGE,A3_STALE_EPOCH_REPLAY_AT_COMMIT,5,12,0,,1,10842,1,0,12,0,0,0,INSUFFICIENT_MATERIAL_TRANSFER,6,
S8-1367,PROFILE_768_65,P0_HARD_CUTOVER,R3_SPARSE_LARGE,A3_STALE_EPOCH_REPLAY_AT_COMMIT,5,24,1,18,2,17460,2,0,18,0,0,0,TRUST_RESTORED,6,18
S8-1368,PROFILE_768_65,P0_HARD_CUTOVER,R3_SPARSE_LARGE,A3_STALE_EPOCH_REPLAY_AT_COMMIT,5,48,1,18,2,17460,2,0,18,0,0,0,TRUST_RESTORED,6,18
S8-1369,PROFILE_768_65,P0_HARD_CUTOVER,R4_CLUSTERED_MEDIUM,A0_NONE,0,12,0,,2,16384,1,0,1,0,0,0,EPOCH_DIVERGENCE,1,1
S8-1370,PROFILE_768_65,P0_HARD_CUTOVER,R4_CLUSTERED_MEDIUM,A0_NONE,0,24,1,13,3,17460,1,0,1,0,0,0,TRUST_RESTORED,1,1
S8-1371,PROFILE_768_65,P0_HARD_CUTOVER,R4_CLUSTERED_MEDIUM,A0_NONE,0,48,1,13,3,17460,1,0,1,0,0,0,TRUST_RESTORED,1,1
S8-1372,PROFILE_768_65,P0_HARD_CUTOVER,R4_CLUSTERED_MEDIUM,A0_NONE,1,12,0,,1,8192,0,0,12,0,0,0,INSUFFICIENT_MATERIAL_TRANSFER,,
S8-1373,PROFILE_768_65,P0_HARD_CUTOVER,R4_CLUSTERED_MEDIUM,A0_NONE,1,24,1,13,3,17460,1,0,12,0,0,0,TRUST_RESTORED,12,12
S8-1374,PROFILE_768_65,P0_HARD_CUTOVER,R4_CLUSTERED_MEDIUM,A0_NONE,1,48,1,13,3,17460,1,0,12,0,0,0,TRUST_RESTORED,12,12
S8-1375,PROFILE_768_65,P0_HARD_CUTOVER,R4_CLUSTERED_MEDIUM,A0_NONE,2,12,0,,1,8192,0,0,12,0,0,0,INSUFFICIENT_MATERIAL_TRANSFER,,
S8-1376,PROFILE_768_65,P0_HARD_CUTOVER,R4_CLUSTERED_MEDIUM,A0_NONE,2,24,0,,2,16384,1,0,12,0,0,0,EPOCH_DIVERGENCE,12,12
S8-1377,PROFILE_768_65,P0_HARD_CUTOVER,R4_CLUSTERED_MEDIUM,A0_NONE,2,48,1,27,3,17460,1,0,12,0,0,0,TRUST_RESTORED,12,12
S8-1378,PROFILE_768_65,P0_HARD_CUTOVER,R4_CLUSTERED_MEDIUM,A0_NONE,3,12,0,,2,16384,1,0,11,0,0,0,EPOCH_DIVERGENCE,11,11
S8-1379,PROFILE_768_65,P0_HARD_CUTOVER,R4_CLUSTERED_MEDIUM,A0_NONE,3,24,0,,2,16384,1,0,11,0,0,0,EPOCH_DIVERGENCE,11,11
S8-1380,PROFILE_768_65,P0_HARD_CUTOVER,R4_CLUSTERED_MEDIUM,A0_NONE,3,48,1,26,3,17460,1,0,11,0,0,0,TRUST_RESTORED,11,11
S8-1381,PROFILE_768_65,P0_HARD_CUTOVER,R4_CLUSTERED_MEDIUM,A0_NONE,4,12,0,,2,16384,1,0,10,0,0,0,EPOCH_DIVERGENCE,10,10
S8-1382,PROFILE_768_65,P0_HARD_CUTOVER,R4_CLUSTERED_MEDIUM,A0_NONE,4,24,0,,2,16384,1,0,10,0,0,0,EPOCH_DIVERGENCE,10,10
S8-1383,PROFILE_768_65,P0_HARD_CUTOVER,R4_CLUSTERED_MEDIUM,A0_NONE,4,48,1,25,3,17460,1,0,10,0,0,0,TRUST_RESTORED,10,10
S8-1384,PROFILE_768_65,P0_HARD_CUTOVER,R4_CLUSTERED_MEDIUM,A0_NONE,5,12,0,,2,16384,1,0,9,0,0,0,EPOCH_DIVERGENCE,9,9
S8-1385,PROFILE_768_65,P0_HARD_CUTOVER,R4_CLUSTERED_MEDIUM,A0_NONE,5,24,0,,2,16384,1,0,9,0,0,0,EPOCH_DIVERGENCE,9,9
S8-1386,PROFILE_768_65,P0_HARD_CUTOVER,R4_CLUSTERED_MEDIUM,A0_NONE,5,48,1,24,3,17460,1,0,9,0,0,0,TRUST_RESTORED,9,9
S8-1387,PROFILE_768_65,P0_HARD_CUTOVER,R4_CLUSTERED_MEDIUM,A1_DROP_FIRST_LARGEST_OBJECT_FRAGMENT,0,12,0,,2,16384,0,0,12,0,0,0,INSUFFICIENT_MATERIAL_TRANSFER,1,
S8-1388,PROFILE_768_65,P0_HARD_CUTOVER,R4_CLUSTERED_MEDIUM,A1_DROP_FIRST_LARGEST_OBJECT_FRAGMENT,0,24,1,13,3,20769,1,0,13,0,0,0,TRUST_RESTORED,1,13
S8-1389,PROFILE_768_65,P0_HARD_CUTOVER,R4_CLUSTERED_MEDIUM,A1_DROP_FIRST_LARGEST_OBJECT_FRAGMENT,0,48,1,13,3,20769,1,0,13,0,0,0,TRUST_RESTORED,1,13
S8-1390,PROFILE_768_65,P0_HARD_CUTOVER,R4_CLUSTERED_MEDIUM,A1_DROP_FIRST_LARGEST_OBJECT_FRAGMENT,1,12,0,,1,8192,0,0,12,0,0,0,INSUFFICIENT_MATERIAL_TRANSFER,,
S8-1391,PROFILE_768_65,P0_HARD_CUTOVER,R4_CLUSTERED_MEDIUM,A1_DROP_FIRST_LARGEST_OBJECT_FRAGMENT,1,24,1,13,3,20769,1,0,13,0,0,0,TRUST_RESTORED,12,13
S8-1392,PROFILE_768_65,P0_HARD_CUTOVER,R4_CLUSTERED_MEDIUM,A1_DROP_FIRST_LARGEST_OBJECT_FRAGMENT,1,48,1,13,3,20769,1,0,13,0,0,0,TRUST_RESTORED,12,13
S8-1393,PROFILE_768_65,P0_HARD_CUTOVER,R4_CLUSTERED_MEDIUM,A1_DROP_FIRST_LARGEST_OBJECT_FRAGMENT,2,12,0,,1,8192,0,0,12,0,0,0,INSUFFICIENT_MATERIAL_TRANSFER,,
S8-1394,PROFILE_768_65,P0_HARD_CUTOVER,R4_CLUSTERED_MEDIUM,A1_DROP_FIRST_LARGEST_OBJECT_FRAGMENT,2,24,0,,2,16384,0,0,24,0,0,0,INSUFFICIENT_MATERIAL_TRANSFER,12,
S8-1395,PROFILE_768_65,P0_HARD_CUTOVER,R4_CLUSTERED_MEDIUM,A1_DROP_FIRST_LARGEST_OBJECT_FRAGMENT,2,48,1,27,3,20769,1,0,27,0,0,0,TRUST_RESTORED,12,27
S8-1396,PROFILE_768_65,P0_HARD_CUTOVER,R4_CLUSTERED_MEDIUM,A1_DROP_FIRST_LARGEST_OBJECT_FRAGMENT,3,12,0,,2,16384,0,0,12,0,0,0,INSUFFICIENT_MATERIAL_TRANSFER,11,
S8-1397,PROFILE_768_65,P0_HARD_CUTOVER,R4_CLUSTERED_MEDIUM,A1_DROP_FIRST_LARGEST_OBJECT_FRAGMENT,3,24,0,,2,16384,0,0,24,0,0,0,INSUFFICIENT_MATERIAL_TRANSFER,11,
S8-1398,PROFILE_768_65,P0_HARD_CUTOVER,R4_CLUSTERED_MEDIUM,A1_DROP_FIRST_LARGEST_OBJECT_FRAGMENT,3,48,1,26,3,20769,1,0,26,0,0,0,TRUST_RESTORED,11,26
S8-1399,PROFILE_768_65,P0_HARD_CUTOVER,R4_CLUSTERED_MEDIUM,A1_DROP_FIRST_LARGEST_OBJECT_FRAGMENT,4,12,0,,2,16384,0,0,12,0,0,0,INSUFFICIENT_MATERIAL_TRANSFER,10,
S8-1400,PROFILE_768_65,P0_HARD_CUTOVER,R4_CLUSTERED_MEDIUM,A1_DROP_FIRST_LARGEST_OBJECT_FRAGMENT,4,24,0,,2,16384,0,0,24,0,0,0,INSUFFICIENT_MATERIAL_TRANSFER,10,
S8-1401,PROFILE_768_65,P0_HARD_CUTOVER,R4_CLUSTERED_MEDIUM,A1_DROP_FIRST_LARGEST_OBJECT_FRAGMENT,4,48,1,25,3,20769,1,0,25,0,0,0,TRUST_RESTORED,10,25
S8-1402,PROFILE_768_65,P0_HARD_CUTOVER,R4_CLUSTERED_MEDIUM,A1_DROP_FIRST_LARGEST_OBJECT_FRAGMENT,5,12,0,,2,16384,0,0,12,0,0,0,INSUFFICIENT_MATERIAL_TRANSFER,9,
S8-1403,PROFILE_768_65,P0_HARD_CUTOVER,R4_CLUSTERED_MEDIUM,A1_DROP_FIRST_LARGEST_OBJECT_FRAGMENT,5,24,0,,2,16384,0,0,24,0,0,0,INSUFFICIENT_MATERIAL_TRANSFER,9,
S8-1404,PROFILE_768_65,P0_HARD_CUTOVER,R4_CLUSTERED_MEDIUM,A1_DROP_FIRST_LARGEST_OBJECT_FRAGMENT,5,48,1,24,3,20769,1,0,24,0,0,0,TRUST_RESTORED,9,24
S8-1405,PROFILE_768_65,P0_HARD_CUTOVER,R4_CLUSTERED_MEDIUM,A2_DELAY_FIRST_TRANSITION_PROOF_ONE_CONTACT,0,12,0,,2,15725,1,0,1,0,0,0,EPOCH_DIVERGENCE,1,1
S8-1406,PROFILE_768_65,P0_HARD_CUTOVER,R4_CLUSTERED_MEDIUM,A2_DELAY_FIRST_TRANSITION_PROOF_ONE_CONTACT,0,24,1,13,3,17460,1,0,1,0,0,0,TRUST_RESTORED,1,1
S8-1407,PROFILE_768_65,P0_HARD_CUTOVER,R4_CLUSTERED_MEDIUM,A2_DELAY_FIRST_TRANSITION_PROOF_ONE_CONTACT,0,48,1,13,3,17460,1,0,1,0,0,0,TRUST_RESTORED,1,1
S8-1408,PROFILE_768_65,P0_HARD_CUTOVER,R4_CLUSTERED_MEDIUM,A2_DELAY_FIRST_TRANSITION_PROOF_ONE_CONTACT,1,12,0,,1,7533,0,0,12,0,0,0,INSUFFICIENT_MATERIAL_TRANSFER,,
S8-1409,PROFILE_768_65,P0_HARD_CUTOVER,R4_CLUSTERED_MEDIUM,A2_DELAY_FIRST_TRANSITION_PROOF_ONE_CONTACT,1,24,1,13,3,17460,1,0,12,0,0,0,TRUST_RESTORED,12,12
S8-1410,PROFILE_768_65,P0_HARD_CUTOVER,R4_CLUSTERED_MEDIUM,A2_DELAY_FIRST_TRANSITION_PROOF_ONE_CONTACT,1,48,1,13,3,17460,1,0,12,0,0,0,TRUST_RESTORED,12,12
S8-1411,PROFILE_768_65,P0_HARD_CUTOVER,R4_CLUSTERED_MEDIUM,A2_DELAY_FIRST_TRANSITION_PROOF_ONE_CONTACT,2,12,0,,1,7533,0,0,12,0,0,0,INSUFFICIENT_MATERIAL_TRANSFER,,
S8-1412,PROFILE_768_65,P0_HARD_CUTOVER,R4_CLUSTERED_MEDIUM,A2_DELAY_FIRST_TRANSITION_PROOF_ONE_CONTACT,2,24,0,,2,15725,1,0,12,0,0,0,EPOCH_DIVERGENCE,12,12
S8-1413,PROFILE_768_65,P0_HARD_CUTOVER,R4_CLUSTERED_MEDIUM,A2_DELAY_FIRST_TRANSITION_PROOF_ONE_CONTACT,2,48,1,27,3,17460,1,0,12,0,0,0,TRUST_RESTORED,12,12
S8-1414,PROFILE_768_65,P0_HARD_CUTOVER,R4_CLUSTERED_MEDIUM,A2_DELAY_FIRST_TRANSITION_PROOF_ONE_CONTACT,3,12,0,,2,15725,1,0,11,0,0,0,EPOCH_DIVERGENCE,11,11
S8-1415,PROFILE_768_65,P0_HARD_CUTOVER,R4_CLUSTERED_MEDIUM,A2_DELAY_FIRST_TRANSITION_PROOF_ONE_CONTACT,3,24,0,,2,15725,1,0,11,0,0,0,EPOCH_DIVERGENCE,11,11
S8-1416,PROFILE_768_65,P0_HARD_CUTOVER,R4_CLUSTERED_MEDIUM,A2_DELAY_FIRST_TRANSITION_PROOF_ONE_CONTACT,3,48,1,26,3,17460,1,0,11,0,0,0,TRUST_RESTORED,11,11
S8-1417,PROFILE_768_65,P0_HARD_CUTOVER,R4_CLUSTERED_MEDIUM,A2_DELAY_FIRST_TRANSITION_PROOF_ONE_CONTACT,4,12,0,,2,15725,1,0,10,0,0,0,EPOCH_DIVERGENCE,10,10
S8-1418,PROFILE_768_65,P0_HARD_CUTOVER,R4_CLUSTERED_MEDIUM,A2_DELAY_FIRST_TRANSITION_PROOF_ONE_CONTACT,4,24,0,,2,15725,1,0,10,0,0,0,EPOCH_DIVERGENCE,10,10
S8-1419,PROFILE_768_65,P0_HARD_CUTOVER,R4_CLUSTERED_MEDIUM,A2_DELAY_FIRST_TRANSITION_PROOF_ONE_CONTACT,4,48,1,25,3,17460,1,0,10,0,0,0,TRUST_RESTORED,10,10
S8-1420,PROFILE_768_65,P0_HARD_CUTOVER,R4_CLUSTERED_MEDIUM,A2_DELAY_FIRST_TRANSITION_PROOF_ONE_CONTACT,5,12,0,,2,15725,1,0,9,0,0,0,EPOCH_DIVERGENCE,9,9
S8-1421,PROFILE_768_65,P0_HARD_CUTOVER,R4_CLUSTERED_MEDIUM,A2_DELAY_FIRST_TRANSITION_PROOF_ONE_CONTACT,5,24,0,,2,15725,1,0,9,0,0,0,EPOCH_DIVERGENCE,9,9
S8-1422,PROFILE_768_65,P0_HARD_CUTOVER,R4_CLUSTERED_MEDIUM,A2_DELAY_FIRST_TRANSITION_PROOF_ONE_CONTACT,5,48,1,24,3,17460,1,0,9,0,0,0,TRUST_RESTORED,9,9
S8-1423,PROFILE_768_65,P0_HARD_CUTOVER,R4_CLUSTERED_MEDIUM,A3_STALE_EPOCH_REPLAY_AT_COMMIT,0,12,0,,2,10842,1,0,12,0,0,0,INSUFFICIENT_MATERIAL_TRANSFER,1,
S8-1424,PROFILE_768_65,P0_HARD_CUTOVER,R4_CLUSTERED_MEDIUM,A3_STALE_EPOCH_REPLAY_AT_COMMIT,0,24,1,13,3,17460,2,0,13,0,0,0,TRUST_RESTORED,1,13
S8-1425,PROFILE_768_65,P0_HARD_CUTOVER,R4_CLUSTERED_MEDIUM,A3_STALE_EPOCH_REPLAY_AT_COMMIT,0,48,1,13,3,17460,2,0,13,0,0,0,TRUST_RESTORED,1,13
S8-1426,PROFILE_768_65,P0_HARD_CUTOVER,R4_CLUSTERED_MEDIUM,A3_STALE_EPOCH_REPLAY_AT_COMMIT,1,12,0,,1,8192,0,0,12,0,0,0,INSUFFICIENT_MATERIAL_TRANSFER,,
S8-1427,PROFILE_768_65,P0_HARD_CUTOVER,R4_CLUSTERED_MEDIUM,A3_STALE_EPOCH_REPLAY_AT_COMMIT,1,24,1,13,3,17460,2,0,13,0,0,0,TRUST_RESTORED,12,13
S8-1428,PROFILE_768_65,P0_HARD_CUTOVER,R4_CLUSTERED_MEDIUM,A3_STALE_EPOCH_REPLAY_AT_COMMIT,1,48,1,13,3,17460,2,0,13,0,0,0,TRUST_RESTORED,12,13
S8-1429,PROFILE_768_65,P0_HARD_CUTOVER,R4_CLUSTERED_MEDIUM,A3_STALE_EPOCH_REPLAY_AT_COMMIT,2,12,0,,1,8192,0,0,12,0,0,0,INSUFFICIENT_MATERIAL_TRANSFER,,
S8-1430,PROFILE_768_65,P0_HARD_CUTOVER,R4_CLUSTERED_MEDIUM,A3_STALE_EPOCH_REPLAY_AT_COMMIT,2,24,0,,2,10842,1,0,24,0,0,0,INSUFFICIENT_MATERIAL_TRANSFER,12,
S8-1431,PROFILE_768_65,P0_HARD_CUTOVER,R4_CLUSTERED_MEDIUM,A3_STALE_EPOCH_REPLAY_AT_COMMIT,2,48,1,27,3,17460,2,0,27,0,0,0,TRUST_RESTORED,12,27
S8-1432,PROFILE_768_65,P0_HARD_CUTOVER,R4_CLUSTERED_MEDIUM,A3_STALE_EPOCH_REPLAY_AT_COMMIT,3,12,0,,2,10842,1,0,12,0,0,0,INSUFFICIENT_MATERIAL_TRANSFER,11,
S8-1433,PROFILE_768_65,P0_HARD_CUTOVER,R4_CLUSTERED_MEDIUM,A3_STALE_EPOCH_REPLAY_AT_COMMIT,3,24,0,,2,10842,1,0,24,0,0,0,INSUFFICIENT_MATERIAL_TRANSFER,11,
S8-1434,PROFILE_768_65,P0_HARD_CUTOVER,R4_CLUSTERED_MEDIUM,A3_STALE_EPOCH_REPLAY_AT_COMMIT,3,48,1,26,3,17460,2,0,26,0,0,0,TRUST_RESTORED,11,26
S8-1435,PROFILE_768_65,P0_HARD_CUTOVER,R4_CLUSTERED_MEDIUM,A3_STALE_EPOCH_REPLAY_AT_COMMIT,4,12,0,,2,10842,1,0,12,0,0,0,INSUFFICIENT_MATERIAL_TRANSFER,10,
S8-1436,PROFILE_768_65,P0_HARD_CUTOVER,R4_CLUSTERED_MEDIUM,A3_STALE_EPOCH_REPLAY_AT_COMMIT,4,24,0,,2,10842,1,0,24,0,0,0,INSUFFICIENT_MATERIAL_TRANSFER,10,
S8-1437,PROFILE_768_65,P0_HARD_CUTOVER,R4_CLUSTERED_MEDIUM,A3_STALE_EPOCH_REPLAY_AT_COMMIT,4,48,1,25,3,17460,2,0,25,0,0,0,TRUST_RESTORED,10,25
S8-1438,PROFILE_768_65,P0_HARD_CUTOVER,R4_CLUSTERED_MEDIUM,A3_STALE_EPOCH_REPLAY_AT_COMMIT,5,12,0,,2,10842,1,0,12,0,0,0,INSUFFICIENT_MATERIAL_TRANSFER,9,
S8-1439,PROFILE_768_65,P0_HARD_CUTOVER,R4_CLUSTERED_MEDIUM,A3_STALE_EPOCH_REPLAY_AT_COMMIT,5,24,0,,2,10842,1,0,24,0,0,0,INSUFFICIENT_MATERIAL_TRANSFER,9,
S8-1440,PROFILE_768_65,P0_HARD_CUTOVER,R4_CLUSTERED_MEDIUM,A3_STALE_EPOCH_REPLAY_AT_COMMIT,5,48,1,24,3,17460,2,0,24,0,0,0,TRUST_RESTORED,9,24
S8-1441,PROFILE_768_65,P1_STAGED_CUTOVER,R1_FREQUENT_SMALL,A0_NONE,0,12,1,11,5,17460,1,8,0,0,0,0,TRUST_RESTORED,5,8
S8-1442,PROFILE_768_65,P1_STAGED_CUTOVER,R1_FREQUENT_SMALL,A0_NONE,0,24,1,11,5,17460,1,8,0,0,0,0,TRUST_RESTORED,5,8
S8-1443,PROFILE_768_65,P1_STAGED_CUTOVER,R1_FREQUENT_SMALL,A0_NONE,0,48,1,11,5,17460,1,8,0,0,0,0,TRUST_RESTORED,5,8
S8-1444,PROFILE_768_65,P1_STAGED_CUTOVER,R1_FREQUENT_SMALL,A0_NONE,1,12,0,,4,16384,1,10,0,0,0,0,EPOCH_DIVERGENCE,7,10
S8-1445,PROFILE_768_65,P1_STAGED_CUTOVER,R1_FREQUENT_SMALL,A0_NONE,1,24,1,13,5,17460,1,10,0,0,0,0,TRUST_RESTORED,7,10
S8-1446,PROFILE_768_65,P1_STAGED_CUTOVER,R1_FREQUENT_SMALL,A0_NONE,1,48,1,13,5,17460,1,10,0,0,0,0,TRUST_RESTORED,7,10
S8-1447,PROFILE_768_65,P1_STAGED_CUTOVER,R1_FREQUENT_SMALL,A0_NONE,2,12,0,,4,16384,1,9,0,0,0,0,EPOCH_DIVERGENCE,6,9
S8-1448,PROFILE_768_65,P1_STAGED_CUTOVER,R1_FREQUENT_SMALL,A0_NONE,2,24,1,12,5,17460,1,9,0,0,0,0,TRUST_RESTORED,6,9
S8-1449,PROFILE_768_65,P1_STAGED_CUTOVER,R1_FREQUENT_SMALL,A0_NONE,2,48,1,12,5,17460,1,9,0,0,0,0,TRUST_RESTORED,6,9
S8-1450,PROFILE_768_65,P1_STAGED_CUTOVER,R1_FREQUENT_SMALL,A0_NONE,3,12,0,,4,16384,1,11,0,0,0,0,EPOCH_DIVERGENCE,8,11
S8-1451,PROFILE_768_65,P1_STAGED_CUTOVER,R1_FREQUENT_SMALL,A0_NONE,3,24,1,14,5,17460,1,11,0,0,0,0,TRUST_RESTORED,8,11
S8-1452,PROFILE_768_65,P1_STAGED_CUTOVER,R1_FREQUENT_SMALL,A0_NONE,3,48,1,14,5,17460,1,11,0,0,0,0,TRUST_RESTORED,8,11
S8-1453,PROFILE_768_65,P1_STAGED_CUTOVER,R1_FREQUENT_SMALL,A0_NONE,4,12,0,,4,16384,1,10,0,0,0,0,EPOCH_DIVERGENCE,7,10
S8-1454,PROFILE_768_65,P1_STAGED_CUTOVER,R1_FREQUENT_SMALL,A0_NONE,4,24,1,13,5,17460,1,10,0,0,0,0,TRUST_RESTORED,7,10
S8-1455,PROFILE_768_65,P1_STAGED_CUTOVER,R1_FREQUENT_SMALL,A0_NONE,4,48,1,13,5,17460,1,10,0,0,0,0,TRUST_RESTORED,7,10
S8-1456,PROFILE_768_65,P1_STAGED_CUTOVER,R1_FREQUENT_SMALL,A0_NONE,5,12,0,,4,16384,1,9,0,0,0,0,EPOCH_DIVERGENCE,6,9
S8-1457,PROFILE_768_65,P1_STAGED_CUTOVER,R1_FREQUENT_SMALL,A0_NONE,5,24,1,12,5,17460,1,9,0,0,0,0,TRUST_RESTORED,6,9
S8-1458,PROFILE_768_65,P1_STAGED_CUTOVER,R1_FREQUENT_SMALL,A0_NONE,5,48,1,12,5,17460,1,9,0,0,0,0,TRUST_RESTORED,6,9
S8-1459,PROFILE_768_65,P1_STAGED_CUTOVER,R1_FREQUENT_SMALL,A1_DROP_FIRST_LARGEST_OBJECT_FRAGMENT,0,12,0,,5,20480,1,11,0,0,0,0,EPOCH_DIVERGENCE,8,11
S8-1460,PROFILE_768_65,P1_STAGED_CUTOVER,R1_FREQUENT_SMALL,A1_DROP_FIRST_LARGEST_OBJECT_FRAGMENT,0,24,1,14,6,20769,1,11,0,0,0,0,TRUST_RESTORED,8,11
S8-1461,PROFILE_768_65,P1_STAGED_CUTOVER,R1_FREQUENT_SMALL,A1_DROP_FIRST_LARGEST_OBJECT_FRAGMENT,0,48,1,14,6,20769,1,11,0,0,0,0,TRUST_RESTORED,8,11
S8-1462,PROFILE_768_65,P1_STAGED_CUTOVER,R1_FREQUENT_SMALL,A1_DROP_FIRST_LARGEST_OBJECT_FRAGMENT,1,12,0,,4,16384,0,12,0,0,0,0,INSUFFICIENT_MATERIAL_TRANSFER,10,
S8-1463,PROFILE_768_65,P1_STAGED_CUTOVER,R1_FREQUENT_SMALL,A1_DROP_FIRST_LARGEST_OBJECT_FRAGMENT,1,24,1,16,6,20769,1,13,0,0,0,0,TRUST_RESTORED,10,13
S8-1464,PROFILE_768_65,P1_STAGED_CUTOVER,R1_FREQUENT_SMALL,A1_DROP_FIRST_LARGEST_OBJECT_FRAGMENT,1,48,1,16,6,20769,1,13,0,0,0,0,TRUST_RESTORED,10,13
S8-1465,PROFILE_768_65,P1_STAGED_CUTOVER,R1_FREQUENT_SMALL,A1_DROP_FIRST_LARGEST_OBJECT_FRAGMENT,2,12,0,,4,16384,0,12,0,0,0,0,INSUFFICIENT_MATERIAL_TRANSFER,9,
S8-1466,PROFILE_768_65,P1_STAGED_CUTOVER,R1_FREQUENT_SMALL,A1_DROP_FIRST_LARGEST_OBJECT_FRAGMENT,2,24,1,15,6,20769,1,12,0,0,0,0,TRUST_RESTORED,9,12
S8-1467,PROFILE_768_65,P1_STAGED_CUTOVER,R1_FREQUENT_SMALL,A1_DROP_FIRST_LARGEST_OBJECT_FRAGMENT,2,48,1,15,6,20769,1,12,0,0,0,0,TRUST_RESTORED,9,12
S8-1468,PROFILE_768_65,P1_STAGED_CUTOVER,R1_FREQUENT_SMALL,A1_DROP_FIRST_LARGEST_OBJECT_FRAGMENT,3,12,0,,4,16384,0,12,0,0,0,0,INSUFFICIENT_MATERIAL_TRANSFER,11,
S8-1469,PROFILE_768_65,P1_STAGED_CUTOVER,R1_FREQUENT_SMALL,A1_DROP_FIRST_LARGEST_OBJECT_FRAGMENT,3,24,1,17,6,20769,1,14,0,0,0,0,TRUST_RESTORED,11,14
S8-1470,PROFILE_768_65,P1_STAGED_CUTOVER,R1_FREQUENT_SMALL,A1_DROP_FIRST_LARGEST_OBJECT_FRAGMENT,3,48,1,17,6,20769,1,14,0,0,0,0,TRUST_RESTORED,11,14
S8-1471,PROFILE_768_65,P1_STAGED_CUTOVER,R1_FREQUENT_SMALL,A1_DROP_FIRST_LARGEST_OBJECT_FRAGMENT,4,12,0,,4,16384,0,12,0,0,0,0,INSUFFICIENT_MATERIAL_TRANSFER,10,
S8-1472,PROFILE_768_65,P1_STAGED_CUTOVER,R1_FREQUENT_SMALL,A1_DROP_FIRST_LARGEST_OBJECT_FRAGMENT,4,24,1,16,6,20769,1,13,0,0,0,0,TRUST_RESTORED,10,13
S8-1473,PROFILE_768_65,P1_STAGED_CUTOVER,R1_FREQUENT_SMALL,A1_DROP_FIRST_LARGEST_OBJECT_FRAGMENT,4,48,1,16,6,20769,1,13,0,0,0,0,TRUST_RESTORED,10,13
S8-1474,PROFILE_768_65,P1_STAGED_CUTOVER,R1_FREQUENT_SMALL,A1_DROP_FIRST_LARGEST_OBJECT_FRAGMENT,5,12,0,,4,16384,0,12,0,0,0,0,INSUFFICIENT_MATERIAL_TRANSFER,9,
S8-1475,PROFILE_768_65,P1_STAGED_CUTOVER,R1_FREQUENT_SMALL,A1_DROP_FIRST_LARGEST_OBJECT_FRAGMENT,5,24,1,15,6,20769,1,12,0,0,0,0,TRUST_RESTORED,9,12
S8-1476,PROFILE_768_65,P1_STAGED_CUTOVER,R1_FREQUENT_SMALL,A1_DROP_FIRST_LARGEST_OBJECT_FRAGMENT,5,48,1,15,6,20769,1,12,0,0,0,0,TRUST_RESTORED,9,12
S8-1477,PROFILE_768_65,P1_STAGED_CUTOVER,R1_FREQUENT_SMALL,A2_DELAY_FIRST_TRANSITION_PROOF_ONE_CONTACT,0,12,1,11,5,17460,1,8,0,0,0,0,TRUST_RESTORED,5,8
S8-1478,PROFILE_768_65,P1_STAGED_CUTOVER,R1_FREQUENT_SMALL,A2_DELAY_FIRST_TRANSITION_PROOF_ONE_CONTACT,0,24,1,11,5,17460,1,8,0,0,0,0,TRUST_RESTORED,5,8
S8-1479,PROFILE_768_65,P1_STAGED_CUTOVER,R1_FREQUENT_SMALL,A2_DELAY_FIRST_TRANSITION_PROOF_ONE_CONTACT,0,48,1,11,5,17460,1,8,0,0,0,0,TRUST_RESTORED,5,8
S8-1480,PROFILE_768_65,P1_STAGED_CUTOVER,R1_FREQUENT_SMALL,A2_DELAY_FIRST_TRANSITION_PROOF_ONE_CONTACT,1,12,0,,4,15725,1,10,0,0,0,0,EPOCH_DIVERGENCE,7,10
S8-1481,PROFILE_768_65,P1_STAGED_CUTOVER,R1_FREQUENT_SMALL,A2_DELAY_FIRST_TRANSITION_PROOF_ONE_CONTACT,1,24,1,13,5,17460,1,10,0,0,0,0,TRUST_RESTORED,7,10
S8-1482,PROFILE_768_65,P1_STAGED_CUTOVER,R1_FREQUENT_SMALL,A2_DELAY_FIRST_TRANSITION_PROOF_ONE_CONTACT,1,48,1,13,5,17460,1,10,0,0,0,0,TRUST_RESTORED,7,10
S8-1483,PROFILE_768_65,P1_STAGED_CUTOVER,R1_FREQUENT_SMALL,A2_DELAY_FIRST_TRANSITION_PROOF_ONE_CONTACT,2,12,0,,4,15725,1,9,0,0,0,0,EPOCH_DIVERGENCE,6,9
S8-1484,PROFILE_768_65,P1_STAGED_CUTOVER,R1_FREQUENT_SMALL,A2_DELAY_FIRST_TRANSITION_PROOF_ONE_CONTACT,2,24,1,12,5,17460,1,9,0,0,0,0,TRUST_RESTORED,6,9
S8-1485,PROFILE_768_65,P1_STAGED_CUTOVER,R1_FREQUENT_SMALL,A2_DELAY_FIRST_TRANSITION_PROOF_ONE_CONTACT,2,48,1,12,5,17460,1,9,0,0,0,0,TRUST_RESTORED,6,9
S8-1486,PROFILE_768_65,P1_STAGED_CUTOVER,R1_FREQUENT_SMALL,A2_DELAY_FIRST_TRANSITION_PROOF_ONE_CONTACT,3,12,0,,4,15725,1,11,0,0,0,0,EPOCH_DIVERGENCE,8,11
S8-1487,PROFILE_768_65,P1_STAGED_CUTOVER,R1_FREQUENT_SMALL,A2_DELAY_FIRST_TRANSITION_PROOF_ONE_CONTACT,3,24,1,14,5,17460,1,11,0,0,0,0,TRUST_RESTORED,8,11
S8-1488,PROFILE_768_65,P1_STAGED_CUTOVER,R1_FREQUENT_SMALL,A2_DELAY_FIRST_TRANSITION_PROOF_ONE_CONTACT,3,48,1,14,5,17460,1,11,0,0,0,0,TRUST_RESTORED,8,11
S8-1489,PROFILE_768_65,P1_STAGED_CUTOVER,R1_FREQUENT_SMALL,A2_DELAY_FIRST_TRANSITION_PROOF_ONE_CONTACT,4,12,0,,4,15725,1,10,0,0,0,0,EPOCH_DIVERGENCE,7,10
S8-1490,PROFILE_768_65,P1_STAGED_CUTOVER,R1_FREQUENT_SMALL,A2_DELAY_FIRST_TRANSITION_PROOF_ONE_CONTACT,4,24,1,13,5,17460,1,10,0,0,0,0,TRUST_RESTORED,7,10
S8-1491,PROFILE_768_65,P1_STAGED_CUTOVER,R1_FREQUENT_SMALL,A2_DELAY_FIRST_TRANSITION_PROOF_ONE_CONTACT,4,48,1,13,5,17460,1,10,0,0,0,0,TRUST_RESTORED,7,10
S8-1492,PROFILE_768_65,P1_STAGED_CUTOVER,R1_FREQUENT_SMALL,A2_DELAY_FIRST_TRANSITION_PROOF_ONE_CONTACT,5,12,0,,4,15725,1,9,0,0,0,0,EPOCH_DIVERGENCE,6,9
S8-1493,PROFILE_768_65,P1_STAGED_CUTOVER,R1_FREQUENT_SMALL,A2_DELAY_FIRST_TRANSITION_PROOF_ONE_CONTACT,5,24,1,12,5,17460,1,9,0,0,0,0,TRUST_RESTORED,6,9
S8-1494,PROFILE_768_65,P1_STAGED_CUTOVER,R1_FREQUENT_SMALL,A2_DELAY_FIRST_TRANSITION_PROOF_ONE_CONTACT,5,48,1,12,5,17460,1,9,0,0,0,0,TRUST_RESTORED,6,9
S8-1495,PROFILE_768_65,P1_STAGED_CUTOVER,R1_FREQUENT_SMALL,A3_STALE_EPOCH_REPLAY_AT_COMMIT,0,12,1,11,5,17460,2,8,0,0,0,0,TRUST_RESTORED,5,8
S8-1496,PROFILE_768_65,P1_STAGED_CUTOVER,R1_FREQUENT_SMALL,A3_STALE_EPOCH_REPLAY_AT_COMMIT,0,24,1,11,5,17460,2,8,0,0,0,0,TRUST_RESTORED,5,8
S8-1497,PROFILE_768_65,P1_STAGED_CUTOVER,R1_FREQUENT_SMALL,A3_STALE_EPOCH_REPLAY_AT_COMMIT,0,48,1,11,5,17460,2,8,0,0,0,0,TRUST_RESTORED,5,8
S8-1498,PROFILE_768_65,P1_STAGED_CUTOVER,R1_FREQUENT_SMALL,A3_STALE_EPOCH_REPLAY_AT_COMMIT,1,12,0,,4,14938,2,10,0,0,0,0,EPOCH_DIVERGENCE,7,10
S8-1499,PROFILE_768_65,P1_STAGED_CUTOVER,R1_FREQUENT_SMALL,A3_STALE_EPOCH_REPLAY_AT_COMMIT,1,24,1,13,5,17460,2,10,0,0,0,0,TRUST_RESTORED,7,10
S8-1500,PROFILE_768_65,P1_STAGED_CUTOVER,R1_FREQUENT_SMALL,A3_STALE_EPOCH_REPLAY_AT_COMMIT,1,48,1,13,5,17460,2,10,0,0,0,0,TRUST_RESTORED,7,10
S8-1501,PROFILE_768_65,P1_STAGED_CUTOVER,R1_FREQUENT_SMALL,A3_STALE_EPOCH_REPLAY_AT_COMMIT,2,12,0,,4,14938,2,9,0,0,0,0,EPOCH_DIVERGENCE,6,9
S8-1502,PROFILE_768_65,P1_STAGED_CUTOVER,R1_FREQUENT_SMALL,A3_STALE_EPOCH_REPLAY_AT_COMMIT,2,24,1,12,5,17460,2,9,0,0,0,0,TRUST_RESTORED,6,9
S8-1503,PROFILE_768_65,P1_STAGED_CUTOVER,R1_FREQUENT_SMALL,A3_STALE_EPOCH_REPLAY_AT_COMMIT,2,48,1,12,5,17460,2,9,0,0,0,0,TRUST_RESTORED,6,9
S8-1504,PROFILE_768_65,P1_STAGED_CUTOVER,R1_FREQUENT_SMALL,A3_STALE_EPOCH_REPLAY_AT_COMMIT,3,12,0,,4,14938,2,11,0,0,0,0,EPOCH_DIVERGENCE,8,11
S8-1505,PROFILE_768_65,P1_STAGED_CUTOVER,R1_FREQUENT_SMALL,A3_STALE_EPOCH_REPLAY_AT_COMMIT,3,24,1,14,5,17460,2,11,0,0,0,0,TRUST_RESTORED,8,11
S8-1506,PROFILE_768_65,P1_STAGED_CUTOVER,R1_FREQUENT_SMALL,A3_STALE_EPOCH_REPLAY_AT_COMMIT,3,48,1,14,5,17460,2,11,0,0,0,0,TRUST_RESTORED,8,11
S8-1507,PROFILE_768_65,P1_STAGED_CUTOVER,R1_FREQUENT_SMALL,A3_STALE_EPOCH_REPLAY_AT_COMMIT,4,12,0,,4,14938,2,10,0,0,0,0,EPOCH_DIVERGENCE,7,10
S8-1508,PROFILE_768_65,P1_STAGED_CUTOVER,R1_FREQUENT_SMALL,A3_STALE_EPOCH_REPLAY_AT_COMMIT,4,24,1,13,5,17460,2,10,0,0,0,0,TRUST_RESTORED,7,10
S8-1509,PROFILE_768_65,P1_STAGED_CUTOVER,R1_FREQUENT_SMALL,A3_STALE_EPOCH_REPLAY_AT_COMMIT,4,48,1,13,5,17460,2,10,0,0,0,0,TRUST_RESTORED,7,10
S8-1510,PROFILE_768_65,P1_STAGED_CUTOVER,R1_FREQUENT_SMALL,A3_STALE_EPOCH_REPLAY_AT_COMMIT,5,12,0,,4,14938,2,9,0,0,0,0,EPOCH_DIVERGENCE,6,9
S8-1511,PROFILE_768_65,P1_STAGED_CUTOVER,R1_FREQUENT_SMALL,A3_STALE_EPOCH_REPLAY_AT_COMMIT,5,24,1,12,5,17460,2,9,0,0,0,0,TRUST_RESTORED,6,9
S8-1512,PROFILE_768_65,P1_STAGED_CUTOVER,R1_FREQUENT_SMALL,A3_STALE_EPOCH_REPLAY_AT_COMMIT,5,48,1,12,5,17460,2,9,0,0,0,0,TRUST_RESTORED,6,9
S8-1513,PROFILE_768_65,P1_STAGED_CUTOVER,R2_PERIODIC_MEDIUM,A0_NONE,0,12,1,11,3,17460,1,5,0,0,0,0,TRUST_RESTORED,5,5
S8-1514,PROFILE_768_65,P1_STAGED_CUTOVER,R2_PERIODIC_MEDIUM,A0_NONE,0,24,1,11,3,17460,1,5,0,0,0,0,TRUST_RESTORED,5,5
S8-1515,PROFILE_768_65,P1_STAGED_CUTOVER,R2_PERIODIC_MEDIUM,A0_NONE,0,48,1,11,3,17460,1,5,0,0,0,0,TRUST_RESTORED,5,5
S8-1516,PROFILE_768_65,P1_STAGED_CUTOVER,R2_PERIODIC_MEDIUM,A0_NONE,1,12,0,,2,16384,1,10,0,0,0,0,EPOCH_DIVERGENCE,10,10
S8-1517,PROFILE_768_65,P1_STAGED_CUTOVER,R2_PERIODIC_MEDIUM,A0_NONE,1,24,1,16,3,17460,1,10,0,0,0,0,TRUST_RESTORED,10,10
S8-1518,PROFILE_768_65,P1_STAGED_CUTOVER,R2_PERIODIC_MEDIUM,A0_NONE,1,48,1,16,3,17460,1,10,0,0,0,0,TRUST_RESTORED,10,10
S8-1519,PROFILE_768_65,P1_STAGED_CUTOVER,R2_PERIODIC_MEDIUM,A0_NONE,2,12,0,,2,16384,1,9,0,0,0,0,EPOCH_DIVERGENCE,9,9
S8-1520,PROFILE_768_65,P1_STAGED_CUTOVER,R2_PERIODIC_MEDIUM,A0_NONE,2,24,1,15,3,17460,1,9,0,0,0,0,TRUST_RESTORED,9,9
S8-1521,PROFILE_768_65,P1_STAGED_CUTOVER,R2_PERIODIC_MEDIUM,A0_NONE,2,48,1,15,3,17460,1,9,0,0,0,0,TRUST_RESTORED,9,9
S8-1522,PROFILE_768_65,P1_STAGED_CUTOVER,R2_PERIODIC_MEDIUM,A0_NONE,3,12,0,,2,16384,1,8,0,0,0,0,EPOCH_DIVERGENCE,8,8
S8-1523,PROFILE_768_65,P1_STAGED_CUTOVER,R2_PERIODIC_MEDIUM,A0_NONE,3,24,1,14,3,17460,1,8,0,0,0,0,TRUST_RESTORED,8,8
S8-1524,PROFILE_768_65,P1_STAGED_CUTOVER,R2_PERIODIC_MEDIUM,A0_NONE,3,48,1,14,3,17460,1,8,0,0,0,0,TRUST_RESTORED,8,8
S8-1525,PROFILE_768_65,P1_STAGED_CUTOVER,R2_PERIODIC_MEDIUM,A0_NONE,4,12,0,,2,16384,1,7,0,0,0,0,EPOCH_DIVERGENCE,7,7
S8-1526,PROFILE_768_65,P1_STAGED_CUTOVER,R2_PERIODIC_MEDIUM,A0_NONE,4,24,1,13,3,17460,1,7,0,0,0,0,TRUST_RESTORED,7,7
S8-1527,PROFILE_768_65,P1_STAGED_CUTOVER,R2_PERIODIC_MEDIUM,A0_NONE,4,48,1,13,3,17460,1,7,0,0,0,0,TRUST_RESTORED,7,7
S8-1528,PROFILE_768_65,P1_STAGED_CUTOVER,R2_PERIODIC_MEDIUM,A0_NONE,5,12,0,,2,16384,1,6,0,0,0,0,EPOCH_DIVERGENCE,6,6
S8-1529,PROFILE_768_65,P1_STAGED_CUTOVER,R2_PERIODIC_MEDIUM,A0_NONE,5,24,1,12,3,17460,1,6,0,0,0,0,TRUST_RESTORED,6,6
S8-1530,PROFILE_768_65,P1_STAGED_CUTOVER,R2_PERIODIC_MEDIUM,A0_NONE,5,48,1,12,3,17460,1,6,0,0,0,0,TRUST_RESTORED,6,6
S8-1531,PROFILE_768_65,P1_STAGED_CUTOVER,R2_PERIODIC_MEDIUM,A1_DROP_FIRST_LARGEST_OBJECT_FRAGMENT,0,12,1,11,3,20769,1,11,0,0,0,0,TRUST_RESTORED,5,11
S8-1532,PROFILE_768_65,P1_STAGED_CUTOVER,R2_PERIODIC_MEDIUM,A1_DROP_FIRST_LARGEST_OBJECT_FRAGMENT,0,24,1,11,3,20769,1,11,0,0,0,0,TRUST_RESTORED,5,11
S8-1533,PROFILE_768_65,P1_STAGED_CUTOVER,R2_PERIODIC_MEDIUM,A1_DROP_FIRST_LARGEST_OBJECT_FRAGMENT,0,48,1,11,3,20769,1,11,0,0,0,0,TRUST_RESTORED,5,11
S8-1534,PROFILE_768_65,P1_STAGED_CUTOVER,R2_PERIODIC_MEDIUM,A1_DROP_FIRST_LARGEST_OBJECT_FRAGMENT,1,12,0,,2,16384,0,12,0,0,0,0,INSUFFICIENT_MATERIAL_TRANSFER,10,
S8-1535,PROFILE_768_65,P1_STAGED_CUTOVER,R2_PERIODIC_MEDIUM,A1_DROP_FIRST_LARGEST_OBJECT_FRAGMENT,1,24,1,16,3,20769,1,16,0,0,0,0,TRUST_RESTORED,10,16
S8-1536,PROFILE_768_65,P1_STAGED_CUTOVER,R2_PERIODIC_MEDIUM,A1_DROP_FIRST_LARGEST_OBJECT_FRAGMENT,1,48,1,16,3,20769,1,16,0,0,0,0,TRUST_RESTORED,10,16
S8-1537,PROFILE_768_65,P1_STAGED_CUTOVER,R2_PERIODIC_MEDIUM,A1_DROP_FIRST_LARGEST_OBJECT_FRAGMENT,2,12,0,,2,16384,0,12,0,0,0,0,INSUFFICIENT_MATERIAL_TRANSFER,9,
S8-1538,PROFILE_768_65,P1_STAGED_CUTOVER,R2_PERIODIC_MEDIUM,A1_DROP_FIRST_LARGEST_OBJECT_FRAGMENT,2,24,1,15,3,20769,1,15,0,0,0,0,TRUST_RESTORED,9,15
S8-1539,PROFILE_768_65,P1_STAGED_CUTOVER,R2_PERIODIC_MEDIUM,A1_DROP_FIRST_LARGEST_OBJECT_FRAGMENT,2,48,1,15,3,20769,1,15,0,0,0,0,TRUST_RESTORED,9,15
S8-1540,PROFILE_768_65,P1_STAGED_CUTOVER,R2_PERIODIC_MEDIUM,A1_DROP_FIRST_LARGEST_OBJECT_FRAGMENT,3,12,0,,2,16384,0,12,0,0,0,0,INSUFFICIENT_MATERIAL_TRANSFER,8,
S8-1541,PROFILE_768_65,P1_STAGED_CUTOVER,R2_PERIODIC_MEDIUM,A1_DROP_FIRST_LARGEST_OBJECT_FRAGMENT,3,24,1,14,3,20769,1,14,0,0,0,0,TRUST_RESTORED,8,14
S8-1542,PROFILE_768_65,P1_STAGED_CUTOVER,R2_PERIODIC_MEDIUM,A1_DROP_FIRST_LARGEST_OBJECT_FRAGMENT,3,48,1,14,3,20769,1,14,0,0,0,0,TRUST_RESTORED,8,14
S8-1543,PROFILE_768_65,P1_STAGED_CUTOVER,R2_PERIODIC_MEDIUM,A1_DROP_FIRST_LARGEST_OBJECT_FRAGMENT,4,12,0,,2,16384,0,12,0,0,0,0,INSUFFICIENT_MATERIAL_TRANSFER,7,
S8-1544,PROFILE_768_65,P1_STAGED_CUTOVER,R2_PERIODIC_MEDIUM,A1_DROP_FIRST_LARGEST_OBJECT_FRAGMENT,4,24,1,13,3,20769,1,13,0,0,0,0,TRUST_RESTORED,7,13
S8-1545,PROFILE_768_65,P1_STAGED_CUTOVER,R2_PERIODIC_MEDIUM,A1_DROP_FIRST_LARGEST_OBJECT_FRAGMENT,4,48,1,13,3,20769,1,13,0,0,0,0,TRUST_RESTORED,7,13
S8-1546,PROFILE_768_65,P1_STAGED_CUTOVER,R2_PERIODIC_MEDIUM,A1_DROP_FIRST_LARGEST_OBJECT_FRAGMENT,5,12,0,,2,16384,0,12,0,0,0,0,INSUFFICIENT_MATERIAL_TRANSFER,6,
S8-1547,PROFILE_768_65,P1_STAGED_CUTOVER,R2_PERIODIC_MEDIUM,A1_DROP_FIRST_LARGEST_OBJECT_FRAGMENT,5,24,1,12,3,20769,1,12,0,0,0,0,TRUST_RESTORED,6,12
S8-1548,PROFILE_768_65,P1_STAGED_CUTOVER,R2_PERIODIC_MEDIUM,A1_DROP_FIRST_LARGEST_OBJECT_FRAGMENT,5,48,1,12,3,20769,1,12,0,0,0,0,TRUST_RESTORED,6,12
S8-1549,PROFILE_768_65,P1_STAGED_CUTOVER,R2_PERIODIC_MEDIUM,A2_DELAY_FIRST_TRANSITION_PROOF_ONE_CONTACT,0,12,1,11,3,17460,1,5,0,0,0,0,TRUST_RESTORED,5,5
S8-1550,PROFILE_768_65,P1_STAGED_CUTOVER,R2_PERIODIC_MEDIUM,A2_DELAY_FIRST_TRANSITION_PROOF_ONE_CONTACT,0,24,1,11,3,17460,1,5,0,0,0,0,TRUST_RESTORED,5,5
S8-1551,PROFILE_768_65,P1_STAGED_CUTOVER,R2_PERIODIC_MEDIUM,A2_DELAY_FIRST_TRANSITION_PROOF_ONE_CONTACT,0,48,1,11,3,17460,1,5,0,0,0,0,TRUST_RESTORED,5,5
S8-1552,PROFILE_768_65,P1_STAGED_CUTOVER,R2_PERIODIC_MEDIUM,A2_DELAY_FIRST_TRANSITION_PROOF_ONE_CONTACT,1,12,0,,2,15725,1,10,0,0,0,0,EPOCH_DIVERGENCE,10,10
S8-1553,PROFILE_768_65,P1_STAGED_CUTOVER,R2_PERIODIC_MEDIUM,A2_DELAY_FIRST_TRANSITION_PROOF_ONE_CONTACT,1,24,1,16,3,17460,1,10,0,0,0,0,TRUST_RESTORED,10,10
S8-1554,PROFILE_768_65,P1_STAGED_CUTOVER,R2_PERIODIC_MEDIUM,A2_DELAY_FIRST_TRANSITION_PROOF_ONE_CONTACT,1,48,1,16,3,17460,1,10,0,0,0,0,TRUST_RESTORED,10,10
S8-1555,PROFILE_768_65,P1_STAGED_CUTOVER,R2_PERIODIC_MEDIUM,A2_DELAY_FIRST_TRANSITION_PROOF_ONE_CONTACT,2,12,0,,2,15725,1,9,0,0,0,0,EPOCH_DIVERGENCE,9,9
S8-1556,PROFILE_768_65,P1_STAGED_CUTOVER,R2_PERIODIC_MEDIUM,A2_DELAY_FIRST_TRANSITION_PROOF_ONE_CONTACT,2,24,1,15,3,17460,1,9,0,0,0,0,TRUST_RESTORED,9,9
S8-1557,PROFILE_768_65,P1_STAGED_CUTOVER,R2_PERIODIC_MEDIUM,A2_DELAY_FIRST_TRANSITION_PROOF_ONE_CONTACT,2,48,1,15,3,17460,1,9,0,0,0,0,TRUST_RESTORED,9,9
S8-1558,PROFILE_768_65,P1_STAGED_CUTOVER,R2_PERIODIC_MEDIUM,A2_DELAY_FIRST_TRANSITION_PROOF_ONE_CONTACT,3,12,0,,2,15725,1,8,0,0,0,0,EPOCH_DIVERGENCE,8,8
S8-1559,PROFILE_768_65,P1_STAGED_CUTOVER,R2_PERIODIC_MEDIUM,A2_DELAY_FIRST_TRANSITION_PROOF_ONE_CONTACT,3,24,1,14,3,17460,1,8,0,0,0,0,TRUST_RESTORED,8,8
S8-1560,PROFILE_768_65,P1_STAGED_CUTOVER,R2_PERIODIC_MEDIUM,A2_DELAY_FIRST_TRANSITION_PROOF_ONE_CONTACT,3,48,1,14,3,17460,1,8,0,0,0,0,TRUST_RESTORED,8,8
S8-1561,PROFILE_768_65,P1_STAGED_CUTOVER,R2_PERIODIC_MEDIUM,A2_DELAY_FIRST_TRANSITION_PROOF_ONE_CONTACT,4,12,0,,2,15725,1,7,0,0,0,0,EPOCH_DIVERGENCE,7,7
S8-1562,PROFILE_768_65,P1_STAGED_CUTOVER,R2_PERIODIC_MEDIUM,A2_DELAY_FIRST_TRANSITION_PROOF_ONE_CONTACT,4,24,1,13,3,17460,1,7,0,0,0,0,TRUST_RESTORED,7,7
S8-1563,PROFILE_768_65,P1_STAGED_CUTOVER,R2_PERIODIC_MEDIUM,A2_DELAY_FIRST_TRANSITION_PROOF_ONE_CONTACT,4,48,1,13,3,17460,1,7,0,0,0,0,TRUST_RESTORED,7,7
S8-1564,PROFILE_768_65,P1_STAGED_CUTOVER,R2_PERIODIC_MEDIUM,A2_DELAY_FIRST_TRANSITION_PROOF_ONE_CONTACT,5,12,0,,2,15725,1,6,0,0,0,0,EPOCH_DIVERGENCE,6,6
S8-1565,PROFILE_768_65,P1_STAGED_CUTOVER,R2_PERIODIC_MEDIUM,A2_DELAY_FIRST_TRANSITION_PROOF_ONE_CONTACT,5,24,1,12,3,17460,1,6,0,0,0,0,TRUST_RESTORED,6,6
S8-1566,PROFILE_768_65,P1_STAGED_CUTOVER,R2_PERIODIC_MEDIUM,A2_DELAY_FIRST_TRANSITION_PROOF_ONE_CONTACT,5,48,1,12,3,17460,1,6,0,0,0,0,TRUST_RESTORED,6,6
S8-1567,PROFILE_768_65,P1_STAGED_CUTOVER,R2_PERIODIC_MEDIUM,A3_STALE_EPOCH_REPLAY_AT_COMMIT,0,12,1,11,3,17460,2,11,0,0,0,0,TRUST_RESTORED,5,11
S8-1568,PROFILE_768_65,P1_STAGED_CUTOVER,R2_PERIODIC_MEDIUM,A3_STALE_EPOCH_REPLAY_AT_COMMIT,0,24,1,11,3,17460,2,11,0,0,0,0,TRUST_RESTORED,5,11
S8-1569,PROFILE_768_65,P1_STAGED_CUTOVER,R2_PERIODIC_MEDIUM,A3_STALE_EPOCH_REPLAY_AT_COMMIT,0,48,1,11,3,17460,2,11,0,0,0,0,TRUST_RESTORED,5,11
S8-1570,PROFILE_768_65,P1_STAGED_CUTOVER,R2_PERIODIC_MEDIUM,A3_STALE_EPOCH_REPLAY_AT_COMMIT,1,12,0,,2,10842,1,12,0,0,0,0,INSUFFICIENT_MATERIAL_TRANSFER,10,
S8-1571,PROFILE_768_65,P1_STAGED_CUTOVER,R2_PERIODIC_MEDIUM,A3_STALE_EPOCH_REPLAY_AT_COMMIT,1,24,1,16,3,17460,2,16,0,0,0,0,TRUST_RESTORED,10,16
S8-1572,PROFILE_768_65,P1_STAGED_CUTOVER,R2_PERIODIC_MEDIUM,A3_STALE_EPOCH_REPLAY_AT_COMMIT,1,48,1,16,3,17460,2,16,0,0,0,0,TRUST_RESTORED,10,16
S8-1573,PROFILE_768_65,P1_STAGED_CUTOVER,R2_PERIODIC_MEDIUM,A3_STALE_EPOCH_REPLAY_AT_COMMIT,2,12,0,,2,10842,1,12,0,0,0,0,INSUFFICIENT_MATERIAL_TRANSFER,9,
S8-1574,PROFILE_768_65,P1_STAGED_CUTOVER,R2_PERIODIC_MEDIUM,A3_STALE_EPOCH_REPLAY_AT_COMMIT,2,24,1,15,3,17460,2,15,0,0,0,0,TRUST_RESTORED,9,15
S8-1575,PROFILE_768_65,P1_STAGED_CUTOVER,R2_PERIODIC_MEDIUM,A3_STALE_EPOCH_REPLAY_AT_COMMIT,2,48,1,15,3,17460,2,15,0,0,0,0,TRUST_RESTORED,9,15
S8-1576,PROFILE_768_65,P1_STAGED_CUTOVER,R2_PERIODIC_MEDIUM,A3_STALE_EPOCH_REPLAY_AT_COMMIT,3,12,0,,2,10842,1,12,0,0,0,0,INSUFFICIENT_MATERIAL_TRANSFER,8,
S8-1577,PROFILE_768_65,P1_STAGED_CUTOVER,R2_PERIODIC_MEDIUM,A3_STALE_EPOCH_REPLAY_AT_COMMIT,3,24,1,14,3,17460,2,14,0,0,0,0,TRUST_RESTORED,8,14
S8-1578,PROFILE_768_65,P1_STAGED_CUTOVER,R2_PERIODIC_MEDIUM,A3_STALE_EPOCH_REPLAY_AT_COMMIT,3,48,1,14,3,17460,2,14,0,0,0,0,TRUST_RESTORED,8,14
S8-1579,PROFILE_768_65,P1_STAGED_CUTOVER,R2_PERIODIC_MEDIUM,A3_STALE_EPOCH_REPLAY_AT_COMMIT,4,12,0,,2,10842,1,12,0,0,0,0,INSUFFICIENT_MATERIAL_TRANSFER,7,
S8-1580,PROFILE_768_65,P1_STAGED_CUTOVER,R2_PERIODIC_MEDIUM,A3_STALE_EPOCH_REPLAY_AT_COMMIT,4,24,1,13,3,17460,2,13,0,0,0,0,TRUST_RESTORED,7,13
S8-1581,PROFILE_768_65,P1_STAGED_CUTOVER,R2_PERIODIC_MEDIUM,A3_STALE_EPOCH_REPLAY_AT_COMMIT,4,48,1,13,3,17460,2,13,0,0,0,0,TRUST_RESTORED,7,13
S8-1582,PROFILE_768_65,P1_STAGED_CUTOVER,R2_PERIODIC_MEDIUM,A3_STALE_EPOCH_REPLAY_AT_COMMIT,5,12,0,,2,10842,1,12,0,0,0,0,INSUFFICIENT_MATERIAL_TRANSFER,6,
S8-1583,PROFILE_768_65,P1_STAGED_CUTOVER,R2_PERIODIC_MEDIUM,A3_STALE_EPOCH_REPLAY_AT_COMMIT,5,24,1,12,3,17460,2,12,0,0,0,0,TRUST_RESTORED,6,12
S8-1584,PROFILE_768_65,P1_STAGED_CUTOVER,R2_PERIODIC_MEDIUM,A3_STALE_EPOCH_REPLAY_AT_COMMIT,5,48,1,12,3,17460,2,12,0,0,0,0,TRUST_RESTORED,6,12
S8-1585,PROFILE_768_65,P1_STAGED_CUTOVER,R3_SPARSE_LARGE,A0_NONE,0,12,1,11,2,17460,1,0,0,0,0,0,TRUST_RESTORED,0,0
S8-1586,PROFILE_768_65,P1_STAGED_CUTOVER,R3_SPARSE_LARGE,A0_NONE,0,24,1,11,2,17460,1,0,0,0,0,0,TRUST_RESTORED,0,0
S8-1587,PROFILE_768_65,P1_STAGED_CUTOVER,R3_SPARSE_LARGE,A0_NONE,0,48,1,11,2,17460,1,0,0,0,0,0,TRUST_RESTORED,0,0
S8-1588,PROFILE_768_65,P1_STAGED_CUTOVER,R3_SPARSE_LARGE,A0_NONE,1,12,0,,1,16384,1,10,0,0,0,0,EPOCH_DIVERGENCE,10,10
S8-1589,PROFILE_768_65,P1_STAGED_CUTOVER,R3_SPARSE_LARGE,A0_NONE,1,24,1,22,2,17460,1,10,0,0,0,0,TRUST_RESTORED,10,10
S8-1590,PROFILE_768_65,P1_STAGED_CUTOVER,R3_SPARSE_LARGE,A0_NONE,1,48,1,22,2,17460,1,10,0,0,0,0,TRUST_RESTORED,10,10
S8-1591,PROFILE_768_65,P1_STAGED_CUTOVER,R3_SPARSE_LARGE,A0_NONE,2,12,0,,1,16384,1,9,0,0,0,0,EPOCH_DIVERGENCE,9,9
S8-1592,PROFILE_768_65,P1_STAGED_CUTOVER,R3_SPARSE_LARGE,A0_NONE,2,24,1,21,2,17460,1,9,0,0,0,0,TRUST_RESTORED,9,9
S8-1593,PROFILE_768_65,P1_STAGED_CUTOVER,R3_SPARSE_LARGE,A0_NONE,2,48,1,21,2,17460,1,9,0,0,0,0,TRUST_RESTORED,9,9
S8-1594,PROFILE_768_65,P1_STAGED_CUTOVER,R3_SPARSE_LARGE,A0_NONE,3,12,0,,1,16384,1,8,0,0,0,0,EPOCH_DIVERGENCE,8,8
S8-1595,PROFILE_768_65,P1_STAGED_CUTOVER,R3_SPARSE_LARGE,A0_NONE,3,24,1,20,2,17460,1,8,0,0,0,0,TRUST_RESTORED,8,8
S8-1596,PROFILE_768_65,P1_STAGED_CUTOVER,R3_SPARSE_LARGE,A0_NONE,3,48,1,20,2,17460,1,8,0,0,0,0,TRUST_RESTORED,8,8
S8-1597,PROFILE_768_65,P1_STAGED_CUTOVER,R3_SPARSE_LARGE,A0_NONE,4,12,0,,1,16384,1,7,0,0,0,0,EPOCH_DIVERGENCE,7,7
S8-1598,PROFILE_768_65,P1_STAGED_CUTOVER,R3_SPARSE_LARGE,A0_NONE,4,24,1,19,2,17460,1,7,0,0,0,0,TRUST_RESTORED,7,7
S8-1599,PROFILE_768_65,P1_STAGED_CUTOVER,R3_SPARSE_LARGE,A0_NONE,4,48,1,19,2,17460,1,7,0,0,0,0,TRUST_RESTORED,7,7
S8-1600,PROFILE_768_65,P1_STAGED_CUTOVER,R3_SPARSE_LARGE,A0_NONE,5,12,0,,1,16384,1,6,0,0,0,0,EPOCH_DIVERGENCE,6,6
S8-1601,PROFILE_768_65,P1_STAGED_CUTOVER,R3_SPARSE_LARGE,A0_NONE,5,24,1,18,2,17460,1,6,0,0,0,0,TRUST_RESTORED,6,6
S8-1602,PROFILE_768_65,P1_STAGED_CUTOVER,R3_SPARSE_LARGE,A0_NONE,5,48,1,18,2,17460,1,6,0,0,0,0,TRUST_RESTORED,6,6
S8-1603,PROFILE_768_65,P1_STAGED_CUTOVER,R3_SPARSE_LARGE,A1_DROP_FIRST_LARGEST_OBJECT_FRAGMENT,0,12,1,11,2,20769,1,11,0,0,0,0,TRUST_RESTORED,0,11
S8-1604,PROFILE_768_65,P1_STAGED_CUTOVER,R3_SPARSE_LARGE,A1_DROP_FIRST_LARGEST_OBJECT_FRAGMENT,0,24,1,11,2,20769,1,11,0,0,0,0,TRUST_RESTORED,0,11
S8-1605,PROFILE_768_65,P1_STAGED_CUTOVER,R3_SPARSE_LARGE,A1_DROP_FIRST_LARGEST_OBJECT_FRAGMENT,0,48,1,11,2,20769,1,11,0,0,0,0,TRUST_RESTORED,0,11
S8-1606,PROFILE_768_65,P1_STAGED_CUTOVER,R3_SPARSE_LARGE,A1_DROP_FIRST_LARGEST_OBJECT_FRAGMENT,1,12,0,,1,16384,0,12,0,0,0,0,INSUFFICIENT_MATERIAL_TRANSFER,10,
S8-1607,PROFILE_768_65,P1_STAGED_CUTOVER,R3_SPARSE_LARGE,A1_DROP_FIRST_LARGEST_OBJECT_FRAGMENT,1,24,1,22,2,20769,1,22,0,0,0,0,TRUST_RESTORED,10,22
S8-1608,PROFILE_768_65,P1_STAGED_CUTOVER,R3_SPARSE_LARGE,A1_DROP_FIRST_LARGEST_OBJECT_FRAGMENT,1,48,1,22,2,20769,1,22,0,0,0,0,TRUST_RESTORED,10,22
S8-1609,PROFILE_768_65,P1_STAGED_CUTOVER,R3_SPARSE_LARGE,A1_DROP_FIRST_LARGEST_OBJECT_FRAGMENT,2,12,0,,1,16384,0,12,0,0,0,0,INSUFFICIENT_MATERIAL_TRANSFER,9,
S8-1610,PROFILE_768_65,P1_STAGED_CUTOVER,R3_SPARSE_LARGE,A1_DROP_FIRST_LARGEST_OBJECT_FRAGMENT,2,24,1,21,2,20769,1,21,0,0,0,0,TRUST_RESTORED,9,21
S8-1611,PROFILE_768_65,P1_STAGED_CUTOVER,R3_SPARSE_LARGE,A1_DROP_FIRST_LARGEST_OBJECT_FRAGMENT,2,48,1,21,2,20769,1,21,0,0,0,0,TRUST_RESTORED,9,21
S8-1612,PROFILE_768_65,P1_STAGED_CUTOVER,R3_SPARSE_LARGE,A1_DROP_FIRST_LARGEST_OBJECT_FRAGMENT,3,12,0,,1,16384,0,12,0,0,0,0,INSUFFICIENT_MATERIAL_TRANSFER,8,
S8-1613,PROFILE_768_65,P1_STAGED_CUTOVER,R3_SPARSE_LARGE,A1_DROP_FIRST_LARGEST_OBJECT_FRAGMENT,3,24,1,20,2,20769,1,20,0,0,0,0,TRUST_RESTORED,8,20
S8-1614,PROFILE_768_65,P1_STAGED_CUTOVER,R3_SPARSE_LARGE,A1_DROP_FIRST_LARGEST_OBJECT_FRAGMENT,3,48,1,20,2,20769,1,20,0,0,0,0,TRUST_RESTORED,8,20
S8-1615,PROFILE_768_65,P1_STAGED_CUTOVER,R3_SPARSE_LARGE,A1_DROP_FIRST_LARGEST_OBJECT_FRAGMENT,4,12,0,,1,16384,0,12,0,0,0,0,INSUFFICIENT_MATERIAL_TRANSFER,7,
S8-1616,PROFILE_768_65,P1_STAGED_CUTOVER,R3_SPARSE_LARGE,A1_DROP_FIRST_LARGEST_OBJECT_FRAGMENT,4,24,1,19,2,20769,1,19,0,0,0,0,TRUST_RESTORED,7,19
S8-1617,PROFILE_768_65,P1_STAGED_CUTOVER,R3_SPARSE_LARGE,A1_DROP_FIRST_LARGEST_OBJECT_FRAGMENT,4,48,1,19,2,20769,1,19,0,0,0,0,TRUST_RESTORED,7,19
S8-1618,PROFILE_768_65,P1_STAGED_CUTOVER,R3_SPARSE_LARGE,A1_DROP_FIRST_LARGEST_OBJECT_FRAGMENT,5,12,0,,1,16384,0,12,0,0,0,0,INSUFFICIENT_MATERIAL_TRANSFER,6,
S8-1619,PROFILE_768_65,P1_STAGED_CUTOVER,R3_SPARSE_LARGE,A1_DROP_FIRST_LARGEST_OBJECT_FRAGMENT,5,24,1,18,2,20769,1,18,0,0,0,0,TRUST_RESTORED,6,18
S8-1620,PROFILE_768_65,P1_STAGED_CUTOVER,R3_SPARSE_LARGE,A1_DROP_FIRST_LARGEST_OBJECT_FRAGMENT,5,48,1,18,2,20769,1,18,0,0,0,0,TRUST_RESTORED,6,18
S8-1621,PROFILE_768_65,P1_STAGED_CUTOVER,R3_SPARSE_LARGE,A2_DELAY_FIRST_TRANSITION_PROOF_ONE_CONTACT,0,12,1,11,2,17460,1,11,0,0,0,0,TRUST_RESTORED,11,11
S8-1622,PROFILE_768_65,P1_STAGED_CUTOVER,R3_SPARSE_LARGE,A2_DELAY_FIRST_TRANSITION_PROOF_ONE_CONTACT,0,24,1,11,2,17460,1,11,0,0,0,0,TRUST_RESTORED,11,11
S8-1623,PROFILE_768_65,P1_STAGED_CUTOVER,R3_SPARSE_LARGE,A2_DELAY_FIRST_TRANSITION_PROOF_ONE_CONTACT,0,48,1,11,2,17460,1,11,0,0,0,0,TRUST_RESTORED,11,11
S8-1624,PROFILE_768_65,P1_STAGED_CUTOVER,R3_SPARSE_LARGE,A2_DELAY_FIRST_TRANSITION_PROOF_ONE_CONTACT,1,12,0,,1,7533,0,12,0,0,0,0,INSUFFICIENT_MATERIAL_TRANSFER,,
S8-1625,PROFILE_768_65,P1_STAGED_CUTOVER,R3_SPARSE_LARGE,A2_DELAY_FIRST_TRANSITION_PROOF_ONE_CONTACT,1,24,1,22,2,17460,1,22,0,0,0,0,TRUST_RESTORED,22,22
S8-1626,PROFILE_768_65,P1_STAGED_CUTOVER,R3_SPARSE_LARGE,A2_DELAY_FIRST_TRANSITION_PROOF_ONE_CONTACT,1,48,1,22,2,17460,1,22,0,0,0,0,TRUST_RESTORED,22,22
S8-1627,PROFILE_768_65,P1_STAGED_CUTOVER,R3_SPARSE_LARGE,A2_DELAY_FIRST_TRANSITION_PROOF_ONE_CONTACT,2,12,0,,1,7533,0,12,0,0,0,0,INSUFFICIENT_MATERIAL_TRANSFER,,
S8-1628,PROFILE_768_65,P1_STAGED_CUTOVER,R3_SPARSE_LARGE,A2_DELAY_FIRST_TRANSITION_PROOF_ONE_CONTACT,2,24,1,21,2,17460,1,21,0,0,0,0,TRUST_RESTORED,21,21
S8-1629,PROFILE_768_65,P1_STAGED_CUTOVER,R3_SPARSE_LARGE,A2_DELAY_FIRST_TRANSITION_PROOF_ONE_CONTACT,2,48,1,21,2,17460,1,21,0,0,0,0,TRUST_RESTORED,21,21
S8-1630,PROFILE_768_65,P1_STAGED_CUTOVER,R3_SPARSE_LARGE,A2_DELAY_FIRST_TRANSITION_PROOF_ONE_CONTACT,3,12,0,,1,7533,0,12,0,0,0,0,INSUFFICIENT_MATERIAL_TRANSFER,,
S8-1631,PROFILE_768_65,P1_STAGED_CUTOVER,R3_SPARSE_LARGE,A2_DELAY_FIRST_TRANSITION_PROOF_ONE_CONTACT,3,24,1,20,2,17460,1,20,0,0,0,0,TRUST_RESTORED,20,20
S8-1632,PROFILE_768_65,P1_STAGED_CUTOVER,R3_SPARSE_LARGE,A2_DELAY_FIRST_TRANSITION_PROOF_ONE_CONTACT,3,48,1,20,2,17460,1,20,0,0,0,0,TRUST_RESTORED,20,20
S8-1633,PROFILE_768_65,P1_STAGED_CUTOVER,R3_SPARSE_LARGE,A2_DELAY_FIRST_TRANSITION_PROOF_ONE_CONTACT,4,12,0,,1,7533,0,12,0,0,0,0,INSUFFICIENT_MATERIAL_TRANSFER,,
S8-1634,PROFILE_768_65,P1_STAGED_CUTOVER,R3_SPARSE_LARGE,A2_DELAY_FIRST_TRANSITION_PROOF_ONE_CONTACT,4,24,1,19,2,17460,1,19,0,0,0,0,TRUST_RESTORED,19,19
S8-1635,PROFILE_768_65,P1_STAGED_CUTOVER,R3_SPARSE_LARGE,A2_DELAY_FIRST_TRANSITION_PROOF_ONE_CONTACT,4,48,1,19,2,17460,1,19,0,0,0,0,TRUST_RESTORED,19,19
S8-1636,PROFILE_768_65,P1_STAGED_CUTOVER,R3_SPARSE_LARGE,A2_DELAY_FIRST_TRANSITION_PROOF_ONE_CONTACT,5,12,0,,1,7533,0,12,0,0,0,0,INSUFFICIENT_MATERIAL_TRANSFER,,
S8-1637,PROFILE_768_65,P1_STAGED_CUTOVER,R3_SPARSE_LARGE,A2_DELAY_FIRST_TRANSITION_PROOF_ONE_CONTACT,5,24,1,18,2,17460,1,18,0,0,0,0,TRUST_RESTORED,18,18
S8-1638,PROFILE_768_65,P1_STAGED_CUTOVER,R3_SPARSE_LARGE,A2_DELAY_FIRST_TRANSITION_PROOF_ONE_CONTACT,5,48,1,18,2,17460,1,18,0,0,0,0,TRUST_RESTORED,18,18
S8-1639,PROFILE_768_65,P1_STAGED_CUTOVER,R3_SPARSE_LARGE,A3_STALE_EPOCH_REPLAY_AT_COMMIT,0,12,1,11,2,17460,2,11,0,0,0,0,TRUST_RESTORED,0,11
S8-1640,PROFILE_768_65,P1_STAGED_CUTOVER,R3_SPARSE_LARGE,A3_STALE_EPOCH_REPLAY_AT_COMMIT,0,24,1,11,2,17460,2,11,0,0,0,0,TRUST_RESTORED,0,11
S8-1641,PROFILE_768_65,P1_STAGED_CUTOVER,R3_SPARSE_LARGE,A3_STALE_EPOCH_REPLAY_AT_COMMIT,0,48,1,11,2,17460,2,11,0,0,0,0,TRUST_RESTORED,0,11
S8-1642,PROFILE_768_65,P1_STAGED_CUTOVER,R3_SPARSE_LARGE,A3_STALE_EPOCH_REPLAY_AT_COMMIT,1,12,0,,1,10842,1,12,0,0,0,0,INSUFFICIENT_MATERIAL_TRANSFER,10,
S8-1643,PROFILE_768_65,P1_STAGED_CUTOVER,R3_SPARSE_LARGE,A3_STALE_EPOCH_REPLAY_AT_COMMIT,1,24,1,22,2,17460,2,22,0,0,0,0,TRUST_RESTORED,10,22
S8-1644,PROFILE_768_65,P1_STAGED_CUTOVER,R3_SPARSE_LARGE,A3_STALE_EPOCH_REPLAY_AT_COMMIT,1,48,1,22,2,17460,2,22,0,0,0,0,TRUST_RESTORED,10,22
S8-1645,PROFILE_768_65,P1_STAGED_CUTOVER,R3_SPARSE_LARGE,A3_STALE_EPOCH_REPLAY_AT_COMMIT,2,12,0,,1,10842,1,12,0,0,0,0,INSUFFICIENT_MATERIAL_TRANSFER,9,
S8-1646,PROFILE_768_65,P1_STAGED_CUTOVER,R3_SPARSE_LARGE,A3_STALE_EPOCH_REPLAY_AT_COMMIT,2,24,1,21,2,17460,2,21,0,0,0,0,TRUST_RESTORED,9,21
S8-1647,PROFILE_768_65,P1_STAGED_CUTOVER,R3_SPARSE_LARGE,A3_STALE_EPOCH_REPLAY_AT_COMMIT,2,48,1,21,2,17460,2,21,0,0,0,0,TRUST_RESTORED,9,21
S8-1648,PROFILE_768_65,P1_STAGED_CUTOVER,R3_SPARSE_LARGE,A3_STALE_EPOCH_REPLAY_AT_COMMIT,3,12,0,,1,10842,1,12,0,0,0,0,INSUFFICIENT_MATERIAL_TRANSFER,8,
S8-1649,PROFILE_768_65,P1_STAGED_CUTOVER,R3_SPARSE_LARGE,A3_STALE_EPOCH_REPLAY_AT_COMMIT,3,24,1,20,2,17460,2,20,0,0,0,0,TRUST_RESTORED,8,20
S8-1650,PROFILE_768_65,P1_STAGED_CUTOVER,R3_SPARSE_LARGE,A3_STALE_EPOCH_REPLAY_AT_COMMIT,3,48,1,20,2,17460,2,20,0,0,0,0,TRUST_RESTORED,8,20
S8-1651,PROFILE_768_65,P1_STAGED_CUTOVER,R3_SPARSE_LARGE,A3_STALE_EPOCH_REPLAY_AT_COMMIT,4,12,0,,1,10842,1,12,0,0,0,0,INSUFFICIENT_MATERIAL_TRANSFER,7,
S8-1652,PROFILE_768_65,P1_STAGED_CUTOVER,R3_SPARSE_LARGE,A3_STALE_EPOCH_REPLAY_AT_COMMIT,4,24,1,19,2,17460,2,19,0,0,0,0,TRUST_RESTORED,7,19
S8-1653,PROFILE_768_65,P1_STAGED_CUTOVER,R3_SPARSE_LARGE,A3_STALE_EPOCH_REPLAY_AT_COMMIT,4,48,1,19,2,17460,2,19,0,0,0,0,TRUST_RESTORED,7,19
S8-1654,PROFILE_768_65,P1_STAGED_CUTOVER,R3_SPARSE_LARGE,A3_STALE_EPOCH_REPLAY_AT_COMMIT,5,12,0,,1,10842,1,12,0,0,0,0,INSUFFICIENT_MATERIAL_TRANSFER,6,
S8-1655,PROFILE_768_65,P1_STAGED_CUTOVER,R3_SPARSE_LARGE,A3_STALE_EPOCH_REPLAY_AT_COMMIT,5,24,1,18,2,17460,2,18,0,0,0,0,TRUST_RESTORED,6,18
S8-1656,PROFILE_768_65,P1_STAGED_CUTOVER,R3_SPARSE_LARGE,A3_STALE_EPOCH_REPLAY_AT_COMMIT,5,48,1,18,2,17460,2,18,0,0,0,0,TRUST_RESTORED,6,18
S8-1657,PROFILE_768_65,P1_STAGED_CUTOVER,R4_CLUSTERED_MEDIUM,A0_NONE,0,12,0,,2,16384,1,1,0,0,0,0,EPOCH_DIVERGENCE,1,1
S8-1658,PROFILE_768_65,P1_STAGED_CUTOVER,R4_CLUSTERED_MEDIUM,A0_NONE,0,24,1,13,3,17460,1,1,0,0,0,0,TRUST_RESTORED,1,1
S8-1659,PROFILE_768_65,P1_STAGED_CUTOVER,R4_CLUSTERED_MEDIUM,A0_NONE,0,48,1,13,3,17460,1,1,0,0,0,0,TRUST_RESTORED,1,1
S8-1660,PROFILE_768_65,P1_STAGED_CUTOVER,R4_CLUSTERED_MEDIUM,A0_NONE,1,12,0,,1,8192,0,12,0,0,0,0,INSUFFICIENT_MATERIAL_TRANSFER,,
S8-1661,PROFILE_768_65,P1_STAGED_CUTOVER,R4_CLUSTERED_MEDIUM,A0_NONE,1,24,1,13,3,17460,1,12,0,0,0,0,TRUST_RESTORED,12,12
S8-1662,PROFILE_768_65,P1_STAGED_CUTOVER,R4_CLUSTERED_MEDIUM,A0_NONE,1,48,1,13,3,17460,1,12,0,0,0,0,TRUST_RESTORED,12,12
S8-1663,PROFILE_768_65,P1_STAGED_CUTOVER,R4_CLUSTERED_MEDIUM,A0_NONE,2,12,0,,1,8192,0,12,0,0,0,0,INSUFFICIENT_MATERIAL_TRANSFER,,
S8-1664,PROFILE_768_65,P1_STAGED_CUTOVER,R4_CLUSTERED_MEDIUM,A0_NONE,2,24,0,,2,16384,1,12,0,0,0,0,EPOCH_DIVERGENCE,12,12
S8-1665,PROFILE_768_65,P1_STAGED_CUTOVER,R4_CLUSTERED_MEDIUM,A0_NONE,2,48,1,27,3,17460,1,12,0,0,0,0,TRUST_RESTORED,12,12
S8-1666,PROFILE_768_65,P1_STAGED_CUTOVER,R4_CLUSTERED_MEDIUM,A0_NONE,3,12,0,,2,16384,1,11,0,0,0,0,EPOCH_DIVERGENCE,11,11
S8-1667,PROFILE_768_65,P1_STAGED_CUTOVER,R4_CLUSTERED_MEDIUM,A0_NONE,3,24,0,,2,16384,1,11,0,0,0,0,EPOCH_DIVERGENCE,11,11
S8-1668,PROFILE_768_65,P1_STAGED_CUTOVER,R4_CLUSTERED_MEDIUM,A0_NONE,3,48,1,26,3,17460,1,11,0,0,0,0,TRUST_RESTORED,11,11
S8-1669,PROFILE_768_65,P1_STAGED_CUTOVER,R4_CLUSTERED_MEDIUM,A0_NONE,4,12,0,,2,16384,1,10,0,0,0,0,EPOCH_DIVERGENCE,10,10
S8-1670,PROFILE_768_65,P1_STAGED_CUTOVER,R4_CLUSTERED_MEDIUM,A0_NONE,4,24,0,,2,16384,1,10,0,0,0,0,EPOCH_DIVERGENCE,10,10
S8-1671,PROFILE_768_65,P1_STAGED_CUTOVER,R4_CLUSTERED_MEDIUM,A0_NONE,4,48,1,25,3,17460,1,10,0,0,0,0,TRUST_RESTORED,10,10
S8-1672,PROFILE_768_65,P1_STAGED_CUTOVER,R4_CLUSTERED_MEDIUM,A0_NONE,5,12,0,,2,16384,1,9,0,0,0,0,EPOCH_DIVERGENCE,9,9
S8-1673,PROFILE_768_65,P1_STAGED_CUTOVER,R4_CLUSTERED_MEDIUM,A0_NONE,5,24,0,,2,16384,1,9,0,0,0,0,EPOCH_DIVERGENCE,9,9
S8-1674,PROFILE_768_65,P1_STAGED_CUTOVER,R4_CLUSTERED_MEDIUM,A0_NONE,5,48,1,24,3,17460,1,9,0,0,0,0,TRUST_RESTORED,9,9
S8-1675,PROFILE_768_65,P1_STAGED_CUTOVER,R4_CLUSTERED_MEDIUM,A1_DROP_FIRST_LARGEST_OBJECT_FRAGMENT,0,12,0,,2,16384,0,12,0,0,0,0,INSUFFICIENT_MATERIAL_TRANSFER,1,
S8-1676,PROFILE_768_65,P1_STAGED_CUTOVER,R4_CLUSTERED_MEDIUM,A1_DROP_FIRST_LARGEST_OBJECT_FRAGMENT,0,24,1,13,3,20769,1,13,0,0,0,0,TRUST_RESTORED,1,13
S8-1677,PROFILE_768_65,P1_STAGED_CUTOVER,R4_CLUSTERED_MEDIUM,A1_DROP_FIRST_LARGEST_OBJECT_FRAGMENT,0,48,1,13,3,20769,1,13,0,0,0,0,TRUST_RESTORED,1,13
S8-1678,PROFILE_768_65,P1_STAGED_CUTOVER,R4_CLUSTERED_MEDIUM,A1_DROP_FIRST_LARGEST_OBJECT_FRAGMENT,1,12,0,,1,8192,0,12,0,0,0,0,INSUFFICIENT_MATERIAL_TRANSFER,,
S8-1679,PROFILE_768_65,P1_STAGED_CUTOVER,R4_CLUSTERED_MEDIUM,A1_DROP_FIRST_LARGEST_OBJECT_FRAGMENT,1,24,1,13,3,20769,1,13,0,0,0,0,TRUST_RESTORED,12,13
S8-1680,PROFILE_768_65,P1_STAGED_CUTOVER,R4_CLUSTERED_MEDIUM,A1_DROP_FIRST_LARGEST_OBJECT_FRAGMENT,1,48,1,13,3,20769,1,13,0,0,0,0,TRUST_RESTORED,12,13
S8-1681,PROFILE_768_65,P1_STAGED_CUTOVER,R4_CLUSTERED_MEDIUM,A1_DROP_FIRST_LARGEST_OBJECT_FRAGMENT,2,12,0,,1,8192,0,12,0,0,0,0,INSUFFICIENT_MATERIAL_TRANSFER,,
S8-1682,PROFILE_768_65,P1_STAGED_CUTOVER,R4_CLUSTERED_MEDIUM,A1_DROP_FIRST_LARGEST_OBJECT_FRAGMENT,2,24,0,,2,16384,0,24,0,0,0,0,INSUFFICIENT_MATERIAL_TRANSFER,12,
S8-1683,PROFILE_768_65,P1_STAGED_CUTOVER,R4_CLUSTERED_MEDIUM,A1_DROP_FIRST_LARGEST_OBJECT_FRAGMENT,2,48,1,27,3,20769,1,27,0,0,0,0,TRUST_RESTORED,12,27
S8-1684,PROFILE_768_65,P1_STAGED_CUTOVER,R4_CLUSTERED_MEDIUM,A1_DROP_FIRST_LARGEST_OBJECT_FRAGMENT,3,12,0,,2,16384,0,12,0,0,0,0,INSUFFICIENT_MATERIAL_TRANSFER,11,
S8-1685,PROFILE_768_65,P1_STAGED_CUTOVER,R4_CLUSTERED_MEDIUM,A1_DROP_FIRST_LARGEST_OBJECT_FRAGMENT,3,24,0,,2,16384,0,24,0,0,0,0,INSUFFICIENT_MATERIAL_TRANSFER,11,
S8-1686,PROFILE_768_65,P1_STAGED_CUTOVER,R4_CLUSTERED_MEDIUM,A1_DROP_FIRST_LARGEST_OBJECT_FRAGMENT,3,48,1,26,3,20769,1,26,0,0,0,0,TRUST_RESTORED,11,26
S8-1687,PROFILE_768_65,P1_STAGED_CUTOVER,R4_CLUSTERED_MEDIUM,A1_DROP_FIRST_LARGEST_OBJECT_FRAGMENT,4,12,0,,2,16384,0,12,0,0,0,0,INSUFFICIENT_MATERIAL_TRANSFER,10,
S8-1688,PROFILE_768_65,P1_STAGED_CUTOVER,R4_CLUSTERED_MEDIUM,A1_DROP_FIRST_LARGEST_OBJECT_FRAGMENT,4,24,0,,2,16384,0,24,0,0,0,0,INSUFFICIENT_MATERIAL_TRANSFER,10,
S8-1689,PROFILE_768_65,P1_STAGED_CUTOVER,R4_CLUSTERED_MEDIUM,A1_DROP_FIRST_LARGEST_OBJECT_FRAGMENT,4,48,1,25,3,20769,1,25,0,0,0,0,TRUST_RESTORED,10,25
S8-1690,PROFILE_768_65,P1_STAGED_CUTOVER,R4_CLUSTERED_MEDIUM,A1_DROP_FIRST_LARGEST_OBJECT_FRAGMENT,5,12,0,,2,16384,0,12,0,0,0,0,INSUFFICIENT_MATERIAL_TRANSFER,9,
S8-1691,PROFILE_768_65,P1_STAGED_CUTOVER,R4_CLUSTERED_MEDIUM,A1_DROP_FIRST_LARGEST_OBJECT_FRAGMENT,5,24,0,,2,16384,0,24,0,0,0,0,INSUFFICIENT_MATERIAL_TRANSFER,9,
S8-1692,PROFILE_768_65,P1_STAGED_CUTOVER,R4_CLUSTERED_MEDIUM,A1_DROP_FIRST_LARGEST_OBJECT_FRAGMENT,5,48,1,24,3,20769,1,24,0,0,0,0,TRUST_RESTORED,9,24
S8-1693,PROFILE_768_65,P1_STAGED_CUTOVER,R4_CLUSTERED_MEDIUM,A2_DELAY_FIRST_TRANSITION_PROOF_ONE_CONTACT,0,12,0,,2,15725,1,1,0,0,0,0,EPOCH_DIVERGENCE,1,1
S8-1694,PROFILE_768_65,P1_STAGED_CUTOVER,R4_CLUSTERED_MEDIUM,A2_DELAY_FIRST_TRANSITION_PROOF_ONE_CONTACT,0,24,1,13,3,17460,1,1,0,0,0,0,TRUST_RESTORED,1,1
S8-1695,PROFILE_768_65,P1_STAGED_CUTOVER,R4_CLUSTERED_MEDIUM,A2_DELAY_FIRST_TRANSITION_PROOF_ONE_CONTACT,0,48,1,13,3,17460,1,1,0,0,0,0,TRUST_RESTORED,1,1
S8-1696,PROFILE_768_65,P1_STAGED_CUTOVER,R4_CLUSTERED_MEDIUM,A2_DELAY_FIRST_TRANSITION_PROOF_ONE_CONTACT,1,12,0,,1,7533,0,12,0,0,0,0,INSUFFICIENT_MATERIAL_TRANSFER,,
S8-1697,PROFILE_768_65,P1_STAGED_CUTOVER,R4_CLUSTERED_MEDIUM,A2_DELAY_FIRST_TRANSITION_PROOF_ONE_CONTACT,1,24,1,13,3,17460,1,12,0,0,0,0,TRUST_RESTORED,12,12
S8-1698,PROFILE_768_65,P1_STAGED_CUTOVER,R4_CLUSTERED_MEDIUM,A2_DELAY_FIRST_TRANSITION_PROOF_ONE_CONTACT,1,48,1,13,3,17460,1,12,0,0,0,0,TRUST_RESTORED,12,12
S8-1699,PROFILE_768_65,P1_STAGED_CUTOVER,R4_CLUSTERED_MEDIUM,A2_DELAY_FIRST_TRANSITION_PROOF_ONE_CONTACT,2,12,0,,1,7533,0,12,0,0,0,0,INSUFFICIENT_MATERIAL_TRANSFER,,
S8-1700,PROFILE_768_65,P1_STAGED_CUTOVER,R4_CLUSTERED_MEDIUM,A2_DELAY_FIRST_TRANSITION_PROOF_ONE_CONTACT,2,24,0,,2,15725,1,12,0,0,0,0,EPOCH_DIVERGENCE,12,12
S8-1701,PROFILE_768_65,P1_STAGED_CUTOVER,R4_CLUSTERED_MEDIUM,A2_DELAY_FIRST_TRANSITION_PROOF_ONE_CONTACT,2,48,1,27,3,17460,1,12,0,0,0,0,TRUST_RESTORED,12,12
S8-1702,PROFILE_768_65,P1_STAGED_CUTOVER,R4_CLUSTERED_MEDIUM,A2_DELAY_FIRST_TRANSITION_PROOF_ONE_CONTACT,3,12,0,,2,15725,1,11,0,0,0,0,EPOCH_DIVERGENCE,11,11
S8-1703,PROFILE_768_65,P1_STAGED_CUTOVER,R4_CLUSTERED_MEDIUM,A2_DELAY_FIRST_TRANSITION_PROOF_ONE_CONTACT,3,24,0,,2,15725,1,11,0,0,0,0,EPOCH_DIVERGENCE,11,11
S8-1704,PROFILE_768_65,P1_STAGED_CUTOVER,R4_CLUSTERED_MEDIUM,A2_DELAY_FIRST_TRANSITION_PROOF_ONE_CONTACT,3,48,1,26,3,17460,1,11,0,0,0,0,TRUST_RESTORED,11,11
S8-1705,PROFILE_768_65,P1_STAGED_CUTOVER,R4_CLUSTERED_MEDIUM,A2_DELAY_FIRST_TRANSITION_PROOF_ONE_CONTACT,4,12,0,,2,15725,1,10,0,0,0,0,EPOCH_DIVERGENCE,10,10
S8-1706,PROFILE_768_65,P1_STAGED_CUTOVER,R4_CLUSTERED_MEDIUM,A2_DELAY_FIRST_TRANSITION_PROOF_ONE_CONTACT,4,24,0,,2,15725,1,10,0,0,0,0,EPOCH_DIVERGENCE,10,10
S8-1707,PROFILE_768_65,P1_STAGED_CUTOVER,R4_CLUSTERED_MEDIUM,A2_DELAY_FIRST_TRANSITION_PROOF_ONE_CONTACT,4,48,1,25,3,17460,1,10,0,0,0,0,TRUST_RESTORED,10,10
S8-1708,PROFILE_768_65,P1_STAGED_CUTOVER,R4_CLUSTERED_MEDIUM,A2_DELAY_FIRST_TRANSITION_PROOF_ONE_CONTACT,5,12,0,,2,15725,1,9,0,0,0,0,EPOCH_DIVERGENCE,9,9
S8-1709,PROFILE_768_65,P1_STAGED_CUTOVER,R4_CLUSTERED_MEDIUM,A2_DELAY_FIRST_TRANSITION_PROOF_ONE_CONTACT,5,24,0,,2,15725,1,9,0,0,0,0,EPOCH_DIVERGENCE,9,9
S8-1710,PROFILE_768_65,P1_STAGED_CUTOVER,R4_CLUSTERED_MEDIUM,A2_DELAY_FIRST_TRANSITION_PROOF_ONE_CONTACT,5,48,1,24,3,17460,1,9,0,0,0,0,TRUST_RESTORED,9,9
S8-1711,PROFILE_768_65,P1_STAGED_CUTOVER,R4_CLUSTERED_MEDIUM,A3_STALE_EPOCH_REPLAY_AT_COMMIT,0,12,0,,2,10842,1,12,0,0,0,0,INSUFFICIENT_MATERIAL_TRANSFER,1,
S8-1712,PROFILE_768_65,P1_STAGED_CUTOVER,R4_CLUSTERED_MEDIUM,A3_STALE_EPOCH_REPLAY_AT_COMMIT,0,24,1,13,3,17460,2,13,0,0,0,0,TRUST_RESTORED,1,13
S8-1713,PROFILE_768_65,P1_STAGED_CUTOVER,R4_CLUSTERED_MEDIUM,A3_STALE_EPOCH_REPLAY_AT_COMMIT,0,48,1,13,3,17460,2,13,0,0,0,0,TRUST_RESTORED,1,13
S8-1714,PROFILE_768_65,P1_STAGED_CUTOVER,R4_CLUSTERED_MEDIUM,A3_STALE_EPOCH_REPLAY_AT_COMMIT,1,12,0,,1,8192,0,12,0,0,0,0,INSUFFICIENT_MATERIAL_TRANSFER,,
S8-1715,PROFILE_768_65,P1_STAGED_CUTOVER,R4_CLUSTERED_MEDIUM,A3_STALE_EPOCH_REPLAY_AT_COMMIT,1,24,1,13,3,17460,2,13,0,0,0,0,TRUST_RESTORED,12,13
S8-1716,PROFILE_768_65,P1_STAGED_CUTOVER,R4_CLUSTERED_MEDIUM,A3_STALE_EPOCH_REPLAY_AT_COMMIT,1,48,1,13,3,17460,2,13,0,0,0,0,TRUST_RESTORED,12,13
S8-1717,PROFILE_768_65,P1_STAGED_CUTOVER,R4_CLUSTERED_MEDIUM,A3_STALE_EPOCH_REPLAY_AT_COMMIT,2,12,0,,1,8192,0,12,0,0,0,0,INSUFFICIENT_MATERIAL_TRANSFER,,
S8-1718,PROFILE_768_65,P1_STAGED_CUTOVER,R4_CLUSTERED_MEDIUM,A3_STALE_EPOCH_REPLAY_AT_COMMIT,2,24,0,,2,10842,1,24,0,0,0,0,INSUFFICIENT_MATERIAL_TRANSFER,12,
S8-1719,PROFILE_768_65,P1_STAGED_CUTOVER,R4_CLUSTERED_MEDIUM,A3_STALE_EPOCH_REPLAY_AT_COMMIT,2,48,1,27,3,17460,2,27,0,0,0,0,TRUST_RESTORED,12,27
S8-1720,PROFILE_768_65,P1_STAGED_CUTOVER,R4_CLUSTERED_MEDIUM,A3_STALE_EPOCH_REPLAY_AT_COMMIT,3,12,0,,2,10842,1,12,0,0,0,0,INSUFFICIENT_MATERIAL_TRANSFER,11,
S8-1721,PROFILE_768_65,P1_STAGED_CUTOVER,R4_CLUSTERED_MEDIUM,A3_STALE_EPOCH_REPLAY_AT_COMMIT,3,24,0,,2,10842,1,24,0,0,0,0,INSUFFICIENT_MATERIAL_TRANSFER,11,
S8-1722,PROFILE_768_65,P1_STAGED_CUTOVER,R4_CLUSTERED_MEDIUM,A3_STALE_EPOCH_REPLAY_AT_COMMIT,3,48,1,26,3,17460,2,26,0,0,0,0,TRUST_RESTORED,11,26
S8-1723,PROFILE_768_65,P1_STAGED_CUTOVER,R4_CLUSTERED_MEDIUM,A3_STALE_EPOCH_REPLAY_AT_COMMIT,4,12,0,,2,10842,1,12,0,0,0,0,INSUFFICIENT_MATERIAL_TRANSFER,10,
S8-1724,PROFILE_768_65,P1_STAGED_CUTOVER,R4_CLUSTERED_MEDIUM,A3_STALE_EPOCH_REPLAY_AT_COMMIT,4,24,0,,2,10842,1,24,0,0,0,0,INSUFFICIENT_MATERIAL_TRANSFER,10,
S8-1725,PROFILE_768_65,P1_STAGED_CUTOVER,R4_CLUSTERED_MEDIUM,A3_STALE_EPOCH_REPLAY_AT_COMMIT,4,48,1,25,3,17460,2,25,0,0,0,0,TRUST_RESTORED,10,25
S8-1726,PROFILE_768_65,P1_STAGED_CUTOVER,R4_CLUSTERED_MEDIUM,A3_STALE_EPOCH_REPLAY_AT_COMMIT,5,12,0,,2,10842,1,12,0,0,0,0,INSUFFICIENT_MATERIAL_TRANSFER,9,
S8-1727,PROFILE_768_65,P1_STAGED_CUTOVER,R4_CLUSTERED_MEDIUM,A3_STALE_EPOCH_REPLAY_AT_COMMIT,5,24,0,,2,10842,1,24,0,0,0,0,INSUFFICIENT_MATERIAL_TRANSFER,9,
S8-1728,PROFILE_768_65,P1_STAGED_CUTOVER,R4_CLUSTERED_MEDIUM,A3_STALE_EPOCH_REPLAY_AT_COMMIT,5,48,1,24,3,17460,2,24,0,0,0,0,TRUST_RESTORED,9,24
S8-1729,PROFILE_768_65,P2_HYBRID_OVERLAP,R1_FREQUENT_SMALL,A0_NONE,0,12,1,11,5,17460,1,8,0,3,0,0,TRUST_RESTORED,5,8
S8-1730,PROFILE_768_65,P2_HYBRID_OVERLAP,R1_FREQUENT_SMALL,A0_NONE,0,24,1,11,5,17460,1,8,0,3,0,0,TRUST_RESTORED,5,8
S8-1731,PROFILE_768_65,P2_HYBRID_OVERLAP,R1_FREQUENT_SMALL,A0_NONE,0,48,1,11,5,17460,1,8,0,3,0,0,TRUST_RESTORED,5,8
S8-1732,PROFILE_768_65,P2_HYBRID_OVERLAP,R1_FREQUENT_SMALL,A0_NONE,1,12,0,,4,16384,1,10,0,3,0,0,EPOCH_DIVERGENCE,7,10
S8-1733,PROFILE_768_65,P2_HYBRID_OVERLAP,R1_FREQUENT_SMALL,A0_NONE,1,24,1,13,5,17460,1,10,0,3,0,0,TRUST_RESTORED,7,10
S8-1734,PROFILE_768_65,P2_HYBRID_OVERLAP,R1_FREQUENT_SMALL,A0_NONE,1,48,1,13,5,17460,1,10,0,3,0,0,TRUST_RESTORED,7,10
S8-1735,PROFILE_768_65,P2_HYBRID_OVERLAP,R1_FREQUENT_SMALL,A0_NONE,2,12,0,,4,16384,1,9,0,3,0,0,EPOCH_DIVERGENCE,6,9
S8-1736,PROFILE_768_65,P2_HYBRID_OVERLAP,R1_FREQUENT_SMALL,A0_NONE,2,24,1,12,5,17460,1,9,0,3,0,0,TRUST_RESTORED,6,9
S8-1737,PROFILE_768_65,P2_HYBRID_OVERLAP,R1_FREQUENT_SMALL,A0_NONE,2,48,1,12,5,17460,1,9,0,3,0,0,TRUST_RESTORED,6,9
S8-1738,PROFILE_768_65,P2_HYBRID_OVERLAP,R1_FREQUENT_SMALL,A0_NONE,3,12,0,,4,16384,1,11,0,3,0,0,EPOCH_DIVERGENCE,8,11
S8-1739,PROFILE_768_65,P2_HYBRID_OVERLAP,R1_FREQUENT_SMALL,A0_NONE,3,24,1,14,5,17460,1,11,0,3,0,0,TRUST_RESTORED,8,11
S8-1740,PROFILE_768_65,P2_HYBRID_OVERLAP,R1_FREQUENT_SMALL,A0_NONE,3,48,1,14,5,17460,1,11,0,3,0,0,TRUST_RESTORED,8,11
S8-1741,PROFILE_768_65,P2_HYBRID_OVERLAP,R1_FREQUENT_SMALL,A0_NONE,4,12,0,,4,16384,1,10,0,3,0,0,EPOCH_DIVERGENCE,7,10
S8-1742,PROFILE_768_65,P2_HYBRID_OVERLAP,R1_FREQUENT_SMALL,A0_NONE,4,24,1,13,5,17460,1,10,0,3,0,0,TRUST_RESTORED,7,10
S8-1743,PROFILE_768_65,P2_HYBRID_OVERLAP,R1_FREQUENT_SMALL,A0_NONE,4,48,1,13,5,17460,1,10,0,3,0,0,TRUST_RESTORED,7,10
S8-1744,PROFILE_768_65,P2_HYBRID_OVERLAP,R1_FREQUENT_SMALL,A0_NONE,5,12,0,,4,16384,1,9,0,3,0,0,EPOCH_DIVERGENCE,6,9
S8-1745,PROFILE_768_65,P2_HYBRID_OVERLAP,R1_FREQUENT_SMALL,A0_NONE,5,24,1,12,5,17460,1,9,0,3,0,0,TRUST_RESTORED,6,9
S8-1746,PROFILE_768_65,P2_HYBRID_OVERLAP,R1_FREQUENT_SMALL,A0_NONE,5,48,1,12,5,17460,1,9,0,3,0,0,TRUST_RESTORED,6,9
S8-1747,PROFILE_768_65,P2_HYBRID_OVERLAP,R1_FREQUENT_SMALL,A1_DROP_FIRST_LARGEST_OBJECT_FRAGMENT,0,12,0,,5,20480,1,11,0,3,0,0,EPOCH_DIVERGENCE,8,11
S8-1748,PROFILE_768_65,P2_HYBRID_OVERLAP,R1_FREQUENT_SMALL,A1_DROP_FIRST_LARGEST_OBJECT_FRAGMENT,0,24,1,14,6,20769,1,11,0,3,0,0,TRUST_RESTORED,8,11
S8-1749,PROFILE_768_65,P2_HYBRID_OVERLAP,R1_FREQUENT_SMALL,A1_DROP_FIRST_LARGEST_OBJECT_FRAGMENT,0,48,1,14,6,20769,1,11,0,3,0,0,TRUST_RESTORED,8,11
S8-1750,PROFILE_768_65,P2_HYBRID_OVERLAP,R1_FREQUENT_SMALL,A1_DROP_FIRST_LARGEST_OBJECT_FRAGMENT,1,12,0,,4,16384,0,12,0,2,0,0,INSUFFICIENT_MATERIAL_TRANSFER,10,
S8-1751,PROFILE_768_65,P2_HYBRID_OVERLAP,R1_FREQUENT_SMALL,A1_DROP_FIRST_LARGEST_OBJECT_FRAGMENT,1,24,1,16,6,20769,1,13,0,3,0,0,TRUST_RESTORED,10,13
S8-1752,PROFILE_768_65,P2_HYBRID_OVERLAP,R1_FREQUENT_SMALL,A1_DROP_FIRST_LARGEST_OBJECT_FRAGMENT,1,48,1,16,6,20769,1,13,0,3,0,0,TRUST_RESTORED,10,13
S8-1753,PROFILE_768_65,P2_HYBRID_OVERLAP,R1_FREQUENT_SMALL,A1_DROP_FIRST_LARGEST_OBJECT_FRAGMENT,2,12,0,,4,16384,0,12,0,3,0,0,INSUFFICIENT_MATERIAL_TRANSFER,9,
S8-1754,PROFILE_768_65,P2_HYBRID_OVERLAP,R1_FREQUENT_SMALL,A1_DROP_FIRST_LARGEST_OBJECT_FRAGMENT,2,24,1,15,6,20769,1,12,0,3,0,0,TRUST_RESTORED,9,12
S8-1755,PROFILE_768_65,P2_HYBRID_OVERLAP,R1_FREQUENT_SMALL,A1_DROP_FIRST_LARGEST_OBJECT_FRAGMENT,2,48,1,15,6,20769,1,12,0,3,0,0,TRUST_RESTORED,9,12
S8-1756,PROFILE_768_65,P2_HYBRID_OVERLAP,R1_FREQUENT_SMALL,A1_DROP_FIRST_LARGEST_OBJECT_FRAGMENT,3,12,0,,4,16384,0,12,0,1,0,0,INSUFFICIENT_MATERIAL_TRANSFER,11,
S8-1757,PROFILE_768_65,P2_HYBRID_OVERLAP,R1_FREQUENT_SMALL,A1_DROP_FIRST_LARGEST_OBJECT_FRAGMENT,3,24,1,17,6,20769,1,14,0,3,0,0,TRUST_RESTORED,11,14
S8-1758,PROFILE_768_65,P2_HYBRID_OVERLAP,R1_FREQUENT_SMALL,A1_DROP_FIRST_LARGEST_OBJECT_FRAGMENT,3,48,1,17,6,20769,1,14,0,3,0,0,TRUST_RESTORED,11,14
S8-1759,PROFILE_768_65,P2_HYBRID_OVERLAP,R1_FREQUENT_SMALL,A1_DROP_FIRST_LARGEST_OBJECT_FRAGMENT,4,12,0,,4,16384,0,12,0,2,0,0,INSUFFICIENT_MATERIAL_TRANSFER,10,
S8-1760,PROFILE_768_65,P2_HYBRID_OVERLAP,R1_FREQUENT_SMALL,A1_DROP_FIRST_LARGEST_OBJECT_FRAGMENT,4,24,1,16,6,20769,1,13,0,3,0,0,TRUST_RESTORED,10,13
S8-1761,PROFILE_768_65,P2_HYBRID_OVERLAP,R1_FREQUENT_SMALL,A1_DROP_FIRST_LARGEST_OBJECT_FRAGMENT,4,48,1,16,6,20769,1,13,0,3,0,0,TRUST_RESTORED,10,13
S8-1762,PROFILE_768_65,P2_HYBRID_OVERLAP,R1_FREQUENT_SMALL,A1_DROP_FIRST_LARGEST_OBJECT_FRAGMENT,5,12,0,,4,16384,0,12,0,3,0,0,INSUFFICIENT_MATERIAL_TRANSFER,9,
S8-1763,PROFILE_768_65,P2_HYBRID_OVERLAP,R1_FREQUENT_SMALL,A1_DROP_FIRST_LARGEST_OBJECT_FRAGMENT,5,24,1,15,6,20769,1,12,0,3,0,0,TRUST_RESTORED,9,12
S8-1764,PROFILE_768_65,P2_HYBRID_OVERLAP,R1_FREQUENT_SMALL,A1_DROP_FIRST_LARGEST_OBJECT_FRAGMENT,5,48,1,15,6,20769,1,12,0,3,0,0,TRUST_RESTORED,9,12
S8-1765,PROFILE_768_65,P2_HYBRID_OVERLAP,R1_FREQUENT_SMALL,A2_DELAY_FIRST_TRANSITION_PROOF_ONE_CONTACT,0,12,1,11,5,17460,1,8,0,3,0,0,TRUST_RESTORED,5,8
S8-1766,PROFILE_768_65,P2_HYBRID_OVERLAP,R1_FREQUENT_SMALL,A2_DELAY_FIRST_TRANSITION_PROOF_ONE_CONTACT,0,24,1,11,5,17460,1,8,0,3,0,0,TRUST_RESTORED,5,8
S8-1767,PROFILE_768_65,P2_HYBRID_OVERLAP,R1_FREQUENT_SMALL,A2_DELAY_FIRST_TRANSITION_PROOF_ONE_CONTACT,0,48,1,11,5,17460,1,8,0,3,0,0,TRUST_RESTORED,5,8
S8-1768,PROFILE_768_65,P2_HYBRID_OVERLAP,R1_FREQUENT_SMALL,A2_DELAY_FIRST_TRANSITION_PROOF_ONE_CONTACT,1,12,0,,4,15725,1,10,0,3,0,0,EPOCH_DIVERGENCE,7,10
S8-1769,PROFILE_768_65,P2_HYBRID_OVERLAP,R1_FREQUENT_SMALL,A2_DELAY_FIRST_TRANSITION_PROOF_ONE_CONTACT,1,24,1,13,5,17460,1,10,0,3,0,0,TRUST_RESTORED,7,10
S8-1770,PROFILE_768_65,P2_HYBRID_OVERLAP,R1_FREQUENT_SMALL,A2_DELAY_FIRST_TRANSITION_PROOF_ONE_CONTACT,1,48,1,13,5,17460,1,10,0,3,0,0,TRUST_RESTORED,7,10
S8-1771,PROFILE_768_65,P2_HYBRID_OVERLAP,R1_FREQUENT_SMALL,A2_DELAY_FIRST_TRANSITION_PROOF_ONE_CONTACT,2,12,0,,4,15725,1,9,0,3,0,0,EPOCH_DIVERGENCE,6,9
S8-1772,PROFILE_768_65,P2_HYBRID_OVERLAP,R1_FREQUENT_SMALL,A2_DELAY_FIRST_TRANSITION_PROOF_ONE_CONTACT,2,24,1,12,5,17460,1,9,0,3,0,0,TRUST_RESTORED,6,9
S8-1773,PROFILE_768_65,P2_HYBRID_OVERLAP,R1_FREQUENT_SMALL,A2_DELAY_FIRST_TRANSITION_PROOF_ONE_CONTACT,2,48,1,12,5,17460,1,9,0,3,0,0,TRUST_RESTORED,6,9
S8-1774,PROFILE_768_65,P2_HYBRID_OVERLAP,R1_FREQUENT_SMALL,A2_DELAY_FIRST_TRANSITION_PROOF_ONE_CONTACT,3,12,0,,4,15725,1,11,0,3,0,0,EPOCH_DIVERGENCE,8,11
S8-1775,PROFILE_768_65,P2_HYBRID_OVERLAP,R1_FREQUENT_SMALL,A2_DELAY_FIRST_TRANSITION_PROOF_ONE_CONTACT,3,24,1,14,5,17460,1,11,0,3,0,0,TRUST_RESTORED,8,11
S8-1776,PROFILE_768_65,P2_HYBRID_OVERLAP,R1_FREQUENT_SMALL,A2_DELAY_FIRST_TRANSITION_PROOF_ONE_CONTACT,3,48,1,14,5,17460,1,11,0,3,0,0,TRUST_RESTORED,8,11
S8-1777,PROFILE_768_65,P2_HYBRID_OVERLAP,R1_FREQUENT_SMALL,A2_DELAY_FIRST_TRANSITION_PROOF_ONE_CONTACT,4,12,0,,4,15725,1,10,0,3,0,0,EPOCH_DIVERGENCE,7,10
S8-1778,PROFILE_768_65,P2_HYBRID_OVERLAP,R1_FREQUENT_SMALL,A2_DELAY_FIRST_TRANSITION_PROOF_ONE_CONTACT,4,24,1,13,5,17460,1,10,0,3,0,0,TRUST_RESTORED,7,10
S8-1779,PROFILE_768_65,P2_HYBRID_OVERLAP,R1_FREQUENT_SMALL,A2_DELAY_FIRST_TRANSITION_PROOF_ONE_CONTACT,4,48,1,13,5,17460,1,10,0,3,0,0,TRUST_RESTORED,7,10
S8-1780,PROFILE_768_65,P2_HYBRID_OVERLAP,R1_FREQUENT_SMALL,A2_DELAY_FIRST_TRANSITION_PROOF_ONE_CONTACT,5,12,0,,4,15725,1,9,0,3,0,0,EPOCH_DIVERGENCE,6,9
S8-1781,PROFILE_768_65,P2_HYBRID_OVERLAP,R1_FREQUENT_SMALL,A2_DELAY_FIRST_TRANSITION_PROOF_ONE_CONTACT,5,24,1,12,5,17460,1,9,0,3,0,0,TRUST_RESTORED,6,9
S8-1782,PROFILE_768_65,P2_HYBRID_OVERLAP,R1_FREQUENT_SMALL,A2_DELAY_FIRST_TRANSITION_PROOF_ONE_CONTACT,5,48,1,12,5,17460,1,9,0,3,0,0,TRUST_RESTORED,6,9
S8-1783,PROFILE_768_65,P2_HYBRID_OVERLAP,R1_FREQUENT_SMALL,A3_STALE_EPOCH_REPLAY_AT_COMMIT,0,12,1,11,5,17460,2,8,0,3,0,0,TRUST_RESTORED,5,8
S8-1784,PROFILE_768_65,P2_HYBRID_OVERLAP,R1_FREQUENT_SMALL,A3_STALE_EPOCH_REPLAY_AT_COMMIT,0,24,1,11,5,17460,2,8,0,3,0,0,TRUST_RESTORED,5,8
S8-1785,PROFILE_768_65,P2_HYBRID_OVERLAP,R1_FREQUENT_SMALL,A3_STALE_EPOCH_REPLAY_AT_COMMIT,0,48,1,11,5,17460,2,8,0,3,0,0,TRUST_RESTORED,5,8
S8-1786,PROFILE_768_65,P2_HYBRID_OVERLAP,R1_FREQUENT_SMALL,A3_STALE_EPOCH_REPLAY_AT_COMMIT,1,12,0,,4,14938,2,10,0,3,0,0,EPOCH_DIVERGENCE,7,10
S8-1787,PROFILE_768_65,P2_HYBRID_OVERLAP,R1_FREQUENT_SMALL,A3_STALE_EPOCH_REPLAY_AT_COMMIT,1,24,1,13,5,17460,2,10,0,3,0,0,TRUST_RESTORED,7,10
S8-1788,PROFILE_768_65,P2_HYBRID_OVERLAP,R1_FREQUENT_SMALL,A3_STALE_EPOCH_REPLAY_AT_COMMIT,1,48,1,13,5,17460,2,10,0,3,0,0,TRUST_RESTORED,7,10
S8-1789,PROFILE_768_65,P2_HYBRID_OVERLAP,R1_FREQUENT_SMALL,A3_STALE_EPOCH_REPLAY_AT_COMMIT,2,12,0,,4,14938,2,9,0,3,0,0,EPOCH_DIVERGENCE,6,9
S8-1790,PROFILE_768_65,P2_HYBRID_OVERLAP,R1_FREQUENT_SMALL,A3_STALE_EPOCH_REPLAY_AT_COMMIT,2,24,1,12,5,17460,2,9,0,3,0,0,TRUST_RESTORED,6,9
S8-1791,PROFILE_768_65,P2_HYBRID_OVERLAP,R1_FREQUENT_SMALL,A3_STALE_EPOCH_REPLAY_AT_COMMIT,2,48,1,12,5,17460,2,9,0,3,0,0,TRUST_RESTORED,6,9
S8-1792,PROFILE_768_65,P2_HYBRID_OVERLAP,R1_FREQUENT_SMALL,A3_STALE_EPOCH_REPLAY_AT_COMMIT,3,12,0,,4,14938,2,11,0,3,0,0,EPOCH_DIVERGENCE,8,11
S8-1793,PROFILE_768_65,P2_HYBRID_OVERLAP,R1_FREQUENT_SMALL,A3_STALE_EPOCH_REPLAY_AT_COMMIT,3,24,1,14,5,17460,2,11,0,3,0,0,TRUST_RESTORED,8,11
S8-1794,PROFILE_768_65,P2_HYBRID_OVERLAP,R1_FREQUENT_SMALL,A3_STALE_EPOCH_REPLAY_AT_COMMIT,3,48,1,14,5,17460,2,11,0,3,0,0,TRUST_RESTORED,8,11
S8-1795,PROFILE_768_65,P2_HYBRID_OVERLAP,R1_FREQUENT_SMALL,A3_STALE_EPOCH_REPLAY_AT_COMMIT,4,12,0,,4,14938,2,10,0,3,0,0,EPOCH_DIVERGENCE,7,10
S8-1796,PROFILE_768_65,P2_HYBRID_OVERLAP,R1_FREQUENT_SMALL,A3_STALE_EPOCH_REPLAY_AT_COMMIT,4,24,1,13,5,17460,2,10,0,3,0,0,TRUST_RESTORED,7,10
S8-1797,PROFILE_768_65,P2_HYBRID_OVERLAP,R1_FREQUENT_SMALL,A3_STALE_EPOCH_REPLAY_AT_COMMIT,4,48,1,13,5,17460,2,10,0,3,0,0,TRUST_RESTORED,7,10
S8-1798,PROFILE_768_65,P2_HYBRID_OVERLAP,R1_FREQUENT_SMALL,A3_STALE_EPOCH_REPLAY_AT_COMMIT,5,12,0,,4,14938,2,9,0,3,0,0,EPOCH_DIVERGENCE,6,9
S8-1799,PROFILE_768_65,P2_HYBRID_OVERLAP,R1_FREQUENT_SMALL,A3_STALE_EPOCH_REPLAY_AT_COMMIT,5,24,1,12,5,17460,2,9,0,3,0,0,TRUST_RESTORED,6,9
S8-1800,PROFILE_768_65,P2_HYBRID_OVERLAP,R1_FREQUENT_SMALL,A3_STALE_EPOCH_REPLAY_AT_COMMIT,5,48,1,12,5,17460,2,9,0,3,0,0,TRUST_RESTORED,6,9
S8-1801,PROFILE_768_65,P2_HYBRID_OVERLAP,R2_PERIODIC_MEDIUM,A0_NONE,0,12,1,11,3,17460,1,5,0,0,0,0,TRUST_RESTORED,5,5
S8-1802,PROFILE_768_65,P2_HYBRID_OVERLAP,R2_PERIODIC_MEDIUM,A0_NONE,0,24,1,11,3,17460,1,5,0,0,0,0,TRUST_RESTORED,5,5
S8-1803,PROFILE_768_65,P2_HYBRID_OVERLAP,R2_PERIODIC_MEDIUM,A0_NONE,0,48,1,11,3,17460,1,5,0,0,0,0,TRUST_RESTORED,5,5
S8-1804,PROFILE_768_65,P2_HYBRID_OVERLAP,R2_PERIODIC_MEDIUM,A0_NONE,1,12,0,,2,16384,1,10,0,0,0,0,EPOCH_DIVERGENCE,10,10
S8-1805,PROFILE_768_65,P2_HYBRID_OVERLAP,R2_PERIODIC_MEDIUM,A0_NONE,1,24,1,16,3,17460,1,10,0,0,0,0,TRUST_RESTORED,10,10
S8-1806,PROFILE_768_65,P2_HYBRID_OVERLAP,R2_PERIODIC_MEDIUM,A0_NONE,1,48,1,16,3,17460,1,10,0,0,0,0,TRUST_RESTORED,10,10
S8-1807,PROFILE_768_65,P2_HYBRID_OVERLAP,R2_PERIODIC_MEDIUM,A0_NONE,2,12,0,,2,16384,1,9,0,0,0,0,EPOCH_DIVERGENCE,9,9
S8-1808,PROFILE_768_65,P2_HYBRID_OVERLAP,R2_PERIODIC_MEDIUM,A0_NONE,2,24,1,15,3,17460,1,9,0,0,0,0,TRUST_RESTORED,9,9
S8-1809,PROFILE_768_65,P2_HYBRID_OVERLAP,R2_PERIODIC_MEDIUM,A0_NONE,2,48,1,15,3,17460,1,9,0,0,0,0,TRUST_RESTORED,9,9
S8-1810,PROFILE_768_65,P2_HYBRID_OVERLAP,R2_PERIODIC_MEDIUM,A0_NONE,3,12,0,,2,16384,1,8,0,0,0,0,EPOCH_DIVERGENCE,8,8
S8-1811,PROFILE_768_65,P2_HYBRID_OVERLAP,R2_PERIODIC_MEDIUM,A0_NONE,3,24,1,14,3,17460,1,8,0,0,0,0,TRUST_RESTORED,8,8
S8-1812,PROFILE_768_65,P2_HYBRID_OVERLAP,R2_PERIODIC_MEDIUM,A0_NONE,3,48,1,14,3,17460,1,8,0,0,0,0,TRUST_RESTORED,8,8
S8-1813,PROFILE_768_65,P2_HYBRID_OVERLAP,R2_PERIODIC_MEDIUM,A0_NONE,4,12,0,,2,16384,1,7,0,0,0,0,EPOCH_DIVERGENCE,7,7
S8-1814,PROFILE_768_65,P2_HYBRID_OVERLAP,R2_PERIODIC_MEDIUM,A0_NONE,4,24,1,13,3,17460,1,7,0,0,0,0,TRUST_RESTORED,7,7
S8-1815,PROFILE_768_65,P2_HYBRID_OVERLAP,R2_PERIODIC_MEDIUM,A0_NONE,4,48,1,13,3,17460,1,7,0,0,0,0,TRUST_RESTORED,7,7
S8-1816,PROFILE_768_65,P2_HYBRID_OVERLAP,R2_PERIODIC_MEDIUM,A0_NONE,5,12,0,,2,16384,1,6,0,0,0,0,EPOCH_DIVERGENCE,6,6
S8-1817,PROFILE_768_65,P2_HYBRID_OVERLAP,R2_PERIODIC_MEDIUM,A0_NONE,5,24,1,12,3,17460,1,6,0,0,0,0,TRUST_RESTORED,6,6
S8-1818,PROFILE_768_65,P2_HYBRID_OVERLAP,R2_PERIODIC_MEDIUM,A0_NONE,5,48,1,12,3,17460,1,6,0,0,0,0,TRUST_RESTORED,6,6
S8-1819,PROFILE_768_65,P2_HYBRID_OVERLAP,R2_PERIODIC_MEDIUM,A1_DROP_FIRST_LARGEST_OBJECT_FRAGMENT,0,12,1,11,3,20769,1,11,0,6,0,0,TRUST_RESTORED,5,11
S8-1820,PROFILE_768_65,P2_HYBRID_OVERLAP,R2_PERIODIC_MEDIUM,A1_DROP_FIRST_LARGEST_OBJECT_FRAGMENT,0,24,1,11,3,20769,1,11,0,6,0,0,TRUST_RESTORED,5,11
S8-1821,PROFILE_768_65,P2_HYBRID_OVERLAP,R2_PERIODIC_MEDIUM,A1_DROP_FIRST_LARGEST_OBJECT_FRAGMENT,0,48,1,11,3,20769,1,11,0,6,0,0,TRUST_RESTORED,5,11
S8-1822,PROFILE_768_65,P2_HYBRID_OVERLAP,R2_PERIODIC_MEDIUM,A1_DROP_FIRST_LARGEST_OBJECT_FRAGMENT,1,12,0,,2,16384,0,12,0,2,0,0,INSUFFICIENT_MATERIAL_TRANSFER,10,
S8-1823,PROFILE_768_65,P2_HYBRID_OVERLAP,R2_PERIODIC_MEDIUM,A1_DROP_FIRST_LARGEST_OBJECT_FRAGMENT,1,24,1,16,3,20769,1,16,0,6,0,0,TRUST_RESTORED,10,16
S8-1824,PROFILE_768_65,P2_HYBRID_OVERLAP,R2_PERIODIC_MEDIUM,A1_DROP_FIRST_LARGEST_OBJECT_FRAGMENT,1,48,1,16,3,20769,1,16,0,6,0,0,TRUST_RESTORED,10,16
S8-1825,PROFILE_768_65,P2_HYBRID_OVERLAP,R2_PERIODIC_MEDIUM,A1_DROP_FIRST_LARGEST_OBJECT_FRAGMENT,2,12,0,,2,16384,0,12,0,3,0,0,INSUFFICIENT_MATERIAL_TRANSFER,9,
S8-1826,PROFILE_768_65,P2_HYBRID_OVERLAP,R2_PERIODIC_MEDIUM,A1_DROP_FIRST_LARGEST_OBJECT_FRAGMENT,2,24,1,15,3,20769,1,15,0,6,0,0,TRUST_RESTORED,9,15
S8-1827,PROFILE_768_65,P2_HYBRID_OVERLAP,R2_PERIODIC_MEDIUM,A1_DROP_FIRST_LARGEST_OBJECT_FRAGMENT,2,48,1,15,3,20769,1,15,0,6,0,0,TRUST_RESTORED,9,15
S8-1828,PROFILE_768_65,P2_HYBRID_OVERLAP,R2_PERIODIC_MEDIUM,A1_DROP_FIRST_LARGEST_OBJECT_FRAGMENT,3,12,0,,2,16384,0,12,0,4,0,0,INSUFFICIENT_MATERIAL_TRANSFER,8,
S8-1829,PROFILE_768_65,P2_HYBRID_OVERLAP,R2_PERIODIC_MEDIUM,A1_DROP_FIRST_LARGEST_OBJECT_FRAGMENT,3,24,1,14,3,20769,1,14,0,6,0,0,TRUST_RESTORED,8,14
S8-1830,PROFILE_768_65,P2_HYBRID_OVERLAP,R2_PERIODIC_MEDIUM,A1_DROP_FIRST_LARGEST_OBJECT_FRAGMENT,3,48,1,14,3,20769,1,14,0,6,0,0,TRUST_RESTORED,8,14
S8-1831,PROFILE_768_65,P2_HYBRID_OVERLAP,R2_PERIODIC_MEDIUM,A1_DROP_FIRST_LARGEST_OBJECT_FRAGMENT,4,12,0,,2,16384,0,12,0,5,0,0,INSUFFICIENT_MATERIAL_TRANSFER,7,
S8-1832,PROFILE_768_65,P2_HYBRID_OVERLAP,R2_PERIODIC_MEDIUM,A1_DROP_FIRST_LARGEST_OBJECT_FRAGMENT,4,24,1,13,3,20769,1,13,0,6,0,0,TRUST_RESTORED,7,13
S8-1833,PROFILE_768_65,P2_HYBRID_OVERLAP,R2_PERIODIC_MEDIUM,A1_DROP_FIRST_LARGEST_OBJECT_FRAGMENT,4,48,1,13,3,20769,1,13,0,6,0,0,TRUST_RESTORED,7,13
S8-1834,PROFILE_768_65,P2_HYBRID_OVERLAP,R2_PERIODIC_MEDIUM,A1_DROP_FIRST_LARGEST_OBJECT_FRAGMENT,5,12,0,,2,16384,0,12,0,6,0,0,INSUFFICIENT_MATERIAL_TRANSFER,6,
S8-1835,PROFILE_768_65,P2_HYBRID_OVERLAP,R2_PERIODIC_MEDIUM,A1_DROP_FIRST_LARGEST_OBJECT_FRAGMENT,5,24,1,12,3,20769,1,12,0,6,0,0,TRUST_RESTORED,6,12
S8-1836,PROFILE_768_65,P2_HYBRID_OVERLAP,R2_PERIODIC_MEDIUM,A1_DROP_FIRST_LARGEST_OBJECT_FRAGMENT,5,48,1,12,3,20769,1,12,0,6,0,0,TRUST_RESTORED,6,12
S8-1837,PROFILE_768_65,P2_HYBRID_OVERLAP,R2_PERIODIC_MEDIUM,A2_DELAY_FIRST_TRANSITION_PROOF_ONE_CONTACT,0,12,1,11,3,17460,1,5,0,0,0,0,TRUST_RESTORED,5,5
S8-1838,PROFILE_768_65,P2_HYBRID_OVERLAP,R2_PERIODIC_MEDIUM,A2_DELAY_FIRST_TRANSITION_PROOF_ONE_CONTACT,0,24,1,11,3,17460,1,5,0,0,0,0,TRUST_RESTORED,5,5
S8-1839,PROFILE_768_65,P2_HYBRID_OVERLAP,R2_PERIODIC_MEDIUM,A2_DELAY_FIRST_TRANSITION_PROOF_ONE_CONTACT,0,48,1,11,3,17460,1,5,0,0,0,0,TRUST_RESTORED,5,5
S8-1840,PROFILE_768_65,P2_HYBRID_OVERLAP,R2_PERIODIC_MEDIUM,A2_DELAY_FIRST_TRANSITION_PROOF_ONE_CONTACT,1,12,0,,2,15725,1,10,0,0,0,0,EPOCH_DIVERGENCE,10,10
S8-1841,PROFILE_768_65,P2_HYBRID_OVERLAP,R2_PERIODIC_MEDIUM,A2_DELAY_FIRST_TRANSITION_PROOF_ONE_CONTACT,1,24,1,16,3,17460,1,10,0,0,0,0,TRUST_RESTORED,10,10
S8-1842,PROFILE_768_65,P2_HYBRID_OVERLAP,R2_PERIODIC_MEDIUM,A2_DELAY_FIRST_TRANSITION_PROOF_ONE_CONTACT,1,48,1,16,3,17460,1,10,0,0,0,0,TRUST_RESTORED,10,10
S8-1843,PROFILE_768_65,P2_HYBRID_OVERLAP,R2_PERIODIC_MEDIUM,A2_DELAY_FIRST_TRANSITION_PROOF_ONE_CONTACT,2,12,0,,2,15725,1,9,0,0,0,0,EPOCH_DIVERGENCE,9,9
S8-1844,PROFILE_768_65,P2_HYBRID_OVERLAP,R2_PERIODIC_MEDIUM,A2_DELAY_FIRST_TRANSITION_PROOF_ONE_CONTACT,2,24,1,15,3,17460,1,9,0,0,0,0,TRUST_RESTORED,9,9
S8-1845,PROFILE_768_65,P2_HYBRID_OVERLAP,R2_PERIODIC_MEDIUM,A2_DELAY_FIRST_TRANSITION_PROOF_ONE_CONTACT,2,48,1,15,3,17460,1,9,0,0,0,0,TRUST_RESTORED,9,9
S8-1846,PROFILE_768_65,P2_HYBRID_OVERLAP,R2_PERIODIC_MEDIUM,A2_DELAY_FIRST_TRANSITION_PROOF_ONE_CONTACT,3,12,0,,2,15725,1,8,0,0,0,0,EPOCH_DIVERGENCE,8,8
S8-1847,PROFILE_768_65,P2_HYBRID_OVERLAP,R2_PERIODIC_MEDIUM,A2_DELAY_FIRST_TRANSITION_PROOF_ONE_CONTACT,3,24,1,14,3,17460,1,8,0,0,0,0,TRUST_RESTORED,8,8
S8-1848,PROFILE_768_65,P2_HYBRID_OVERLAP,R2_PERIODIC_MEDIUM,A2_DELAY_FIRST_TRANSITION_PROOF_ONE_CONTACT,3,48,1,14,3,17460,1,8,0,0,0,0,TRUST_RESTORED,8,8
S8-1849,PROFILE_768_65,P2_HYBRID_OVERLAP,R2_PERIODIC_MEDIUM,A2_DELAY_FIRST_TRANSITION_PROOF_ONE_CONTACT,4,12,0,,2,15725,1,7,0,0,0,0,EPOCH_DIVERGENCE,7,7
S8-1850,PROFILE_768_65,P2_HYBRID_OVERLAP,R2_PERIODIC_MEDIUM,A2_DELAY_FIRST_TRANSITION_PROOF_ONE_CONTACT,4,24,1,13,3,17460,1,7,0,0,0,0,TRUST_RESTORED,7,7
S8-1851,PROFILE_768_65,P2_HYBRID_OVERLAP,R2_PERIODIC_MEDIUM,A2_DELAY_FIRST_TRANSITION_PROOF_ONE_CONTACT,4,48,1,13,3,17460,1,7,0,0,0,0,TRUST_RESTORED,7,7
S8-1852,PROFILE_768_65,P2_HYBRID_OVERLAP,R2_PERIODIC_MEDIUM,A2_DELAY_FIRST_TRANSITION_PROOF_ONE_CONTACT,5,12,0,,2,15725,1,6,0,0,0,0,EPOCH_DIVERGENCE,6,6
S8-1853,PROFILE_768_65,P2_HYBRID_OVERLAP,R2_PERIODIC_MEDIUM,A2_DELAY_FIRST_TRANSITION_PROOF_ONE_CONTACT,5,24,1,12,3,17460,1,6,0,0,0,0,TRUST_RESTORED,6,6
S8-1854,PROFILE_768_65,P2_HYBRID_OVERLAP,R2_PERIODIC_MEDIUM,A2_DELAY_FIRST_TRANSITION_PROOF_ONE_CONTACT,5,48,1,12,3,17460,1,6,0,0,0,0,TRUST_RESTORED,6,6
S8-1855,PROFILE_768_65,P2_HYBRID_OVERLAP,R2_PERIODIC_MEDIUM,A3_STALE_EPOCH_REPLAY_AT_COMMIT,0,12,1,11,3,17460,2,11,0,6,0,0,TRUST_RESTORED,5,11
S8-1856,PROFILE_768_65,P2_HYBRID_OVERLAP,R2_PERIODIC_MEDIUM,A3_STALE_EPOCH_REPLAY_AT_COMMIT,0,24,1,11,3,17460,2,11,0,6,0,0,TRUST_RESTORED,5,11
S8-1857,PROFILE_768_65,P2_HYBRID_OVERLAP,R2_PERIODIC_MEDIUM,A3_STALE_EPOCH_REPLAY_AT_COMMIT,0,48,1,11,3,17460,2,11,0,6,0,0,TRUST_RESTORED,5,11
S8-1858,PROFILE_768_65,P2_HYBRID_OVERLAP,R2_PERIODIC_MEDIUM,A3_STALE_EPOCH_REPLAY_AT_COMMIT,1,12,0,,2,10842,1,12,0,2,0,0,INSUFFICIENT_MATERIAL_TRANSFER,10,
S8-1859,PROFILE_768_65,P2_HYBRID_OVERLAP,R2_PERIODIC_MEDIUM,A3_STALE_EPOCH_REPLAY_AT_COMMIT,1,24,1,16,3,17460,2,16,0,6,0,0,TRUST_RESTORED,10,16
S8-1860,PROFILE_768_65,P2_HYBRID_OVERLAP,R2_PERIODIC_MEDIUM,A3_STALE_EPOCH_REPLAY_AT_COMMIT,1,48,1,16,3,17460,2,16,0,6,0,0,TRUST_RESTORED,10,16
S8-1861,PROFILE_768_65,P2_HYBRID_OVERLAP,R2_PERIODIC_MEDIUM,A3_STALE_EPOCH_REPLAY_AT_COMMIT,2,12,0,,2,10842,1,12,0,3,0,0,INSUFFICIENT_MATERIAL_TRANSFER,9,
S8-1862,PROFILE_768_65,P2_HYBRID_OVERLAP,R2_PERIODIC_MEDIUM,A3_STALE_EPOCH_REPLAY_AT_COMMIT,2,24,1,15,3,17460,2,15,0,6,0,0,TRUST_RESTORED,9,15
S8-1863,PROFILE_768_65,P2_HYBRID_OVERLAP,R2_PERIODIC_MEDIUM,A3_STALE_EPOCH_REPLAY_AT_COMMIT,2,48,1,15,3,17460,2,15,0,6,0,0,TRUST_RESTORED,9,15
S8-1864,PROFILE_768_65,P2_HYBRID_OVERLAP,R2_PERIODIC_MEDIUM,A3_STALE_EPOCH_REPLAY_AT_COMMIT,3,12,0,,2,10842,1,12,0,4,0,0,INSUFFICIENT_MATERIAL_TRANSFER,8,
S8-1865,PROFILE_768_65,P2_HYBRID_OVERLAP,R2_PERIODIC_MEDIUM,A3_STALE_EPOCH_REPLAY_AT_COMMIT,3,24,1,14,3,17460,2,14,0,6,0,0,TRUST_RESTORED,8,14
S8-1866,PROFILE_768_65,P2_HYBRID_OVERLAP,R2_PERIODIC_MEDIUM,A3_STALE_EPOCH_REPLAY_AT_COMMIT,3,48,1,14,3,17460,2,14,0,6,0,0,TRUST_RESTORED,8,14
S8-1867,PROFILE_768_65,P2_HYBRID_OVERLAP,R2_PERIODIC_MEDIUM,A3_STALE_EPOCH_REPLAY_AT_COMMIT,4,12,0,,2,10842,1,12,0,5,0,0,INSUFFICIENT_MATERIAL_TRANSFER,7,
S8-1868,PROFILE_768_65,P2_HYBRID_OVERLAP,R2_PERIODIC_MEDIUM,A3_STALE_EPOCH_REPLAY_AT_COMMIT,4,24,1,13,3,17460,2,13,0,6,0,0,TRUST_RESTORED,7,13
S8-1869,PROFILE_768_65,P2_HYBRID_OVERLAP,R2_PERIODIC_MEDIUM,A3_STALE_EPOCH_REPLAY_AT_COMMIT,4,48,1,13,3,17460,2,13,0,6,0,0,TRUST_RESTORED,7,13
S8-1870,PROFILE_768_65,P2_HYBRID_OVERLAP,R2_PERIODIC_MEDIUM,A3_STALE_EPOCH_REPLAY_AT_COMMIT,5,12,0,,2,10842,1,12,0,6,0,0,INSUFFICIENT_MATERIAL_TRANSFER,6,
S8-1871,PROFILE_768_65,P2_HYBRID_OVERLAP,R2_PERIODIC_MEDIUM,A3_STALE_EPOCH_REPLAY_AT_COMMIT,5,24,1,12,3,17460,2,12,0,6,0,0,TRUST_RESTORED,6,12
S8-1872,PROFILE_768_65,P2_HYBRID_OVERLAP,R2_PERIODIC_MEDIUM,A3_STALE_EPOCH_REPLAY_AT_COMMIT,5,48,1,12,3,17460,2,12,0,6,0,0,TRUST_RESTORED,6,12
S8-1873,PROFILE_768_65,P2_HYBRID_OVERLAP,R3_SPARSE_LARGE,A0_NONE,0,12,1,11,2,17460,1,0,0,0,0,0,TRUST_RESTORED,0,0
S8-1874,PROFILE_768_65,P2_HYBRID_OVERLAP,R3_SPARSE_LARGE,A0_NONE,0,24,1,11,2,17460,1,0,0,0,0,0,TRUST_RESTORED,0,0
S8-1875,PROFILE_768_65,P2_HYBRID_OVERLAP,R3_SPARSE_LARGE,A0_NONE,0,48,1,11,2,17460,1,0,0,0,0,0,TRUST_RESTORED,0,0
S8-1876,PROFILE_768_65,P2_HYBRID_OVERLAP,R3_SPARSE_LARGE,A0_NONE,1,12,0,,1,16384,1,10,0,0,0,0,EPOCH_DIVERGENCE,10,10
S8-1877,PROFILE_768_65,P2_HYBRID_OVERLAP,R3_SPARSE_LARGE,A0_NONE,1,24,1,22,2,17460,1,10,0,0,0,0,TRUST_RESTORED,10,10
S8-1878,PROFILE_768_65,P2_HYBRID_OVERLAP,R3_SPARSE_LARGE,A0_NONE,1,48,1,22,2,17460,1,10,0,0,0,0,TRUST_RESTORED,10,10
S8-1879,PROFILE_768_65,P2_HYBRID_OVERLAP,R3_SPARSE_LARGE,A0_NONE,2,12,0,,1,16384,1,9,0,0,0,0,EPOCH_DIVERGENCE,9,9
S8-1880,PROFILE_768_65,P2_HYBRID_OVERLAP,R3_SPARSE_LARGE,A0_NONE,2,24,1,21,2,17460,1,9,0,0,0,0,TRUST_RESTORED,9,9
S8-1881,PROFILE_768_65,P2_HYBRID_OVERLAP,R3_SPARSE_LARGE,A0_NONE,2,48,1,21,2,17460,1,9,0,0,0,0,TRUST_RESTORED,9,9
S8-1882,PROFILE_768_65,P2_HYBRID_OVERLAP,R3_SPARSE_LARGE,A0_NONE,3,12,0,,1,16384,1,8,0,0,0,0,EPOCH_DIVERGENCE,8,8
S8-1883,PROFILE_768_65,P2_HYBRID_OVERLAP,R3_SPARSE_LARGE,A0_NONE,3,24,1,20,2,17460,1,8,0,0,0,0,TRUST_RESTORED,8,8
S8-1884,PROFILE_768_65,P2_HYBRID_OVERLAP,R3_SPARSE_LARGE,A0_NONE,3,48,1,20,2,17460,1,8,0,0,0,0,TRUST_RESTORED,8,8
S8-1885,PROFILE_768_65,P2_HYBRID_OVERLAP,R3_SPARSE_LARGE,A0_NONE,4,12,0,,1,16384,1,7,0,0,0,0,EPOCH_DIVERGENCE,7,7
S8-1886,PROFILE_768_65,P2_HYBRID_OVERLAP,R3_SPARSE_LARGE,A0_NONE,4,24,1,19,2,17460,1,7,0,0,0,0,TRUST_RESTORED,7,7
S8-1887,PROFILE_768_65,P2_HYBRID_OVERLAP,R3_SPARSE_LARGE,A0_NONE,4,48,1,19,2,17460,1,7,0,0,0,0,TRUST_RESTORED,7,7
S8-1888,PROFILE_768_65,P2_HYBRID_OVERLAP,R3_SPARSE_LARGE,A0_NONE,5,12,0,,1,16384,1,6,0,0,0,0,EPOCH_DIVERGENCE,6,6
S8-1889,PROFILE_768_65,P2_HYBRID_OVERLAP,R3_SPARSE_LARGE,A0_NONE,5,24,1,18,2,17460,1,6,0,0,0,0,TRUST_RESTORED,6,6
S8-1890,PROFILE_768_65,P2_HYBRID_OVERLAP,R3_SPARSE_LARGE,A0_NONE,5,48,1,18,2,17460,1,6,0,0,0,0,TRUST_RESTORED,6,6
S8-1891,PROFILE_768_65,P2_HYBRID_OVERLAP,R3_SPARSE_LARGE,A1_DROP_FIRST_LARGEST_OBJECT_FRAGMENT,0,12,1,11,2,20769,1,11,0,11,0,0,TRUST_RESTORED,0,11
S8-1892,PROFILE_768_65,P2_HYBRID_OVERLAP,R3_SPARSE_LARGE,A1_DROP_FIRST_LARGEST_OBJECT_FRAGMENT,0,24,1,11,2,20769,1,11,0,11,0,0,TRUST_RESTORED,0,11
S8-1893,PROFILE_768_65,P2_HYBRID_OVERLAP,R3_SPARSE_LARGE,A1_DROP_FIRST_LARGEST_OBJECT_FRAGMENT,0,48,1,11,2,20769,1,11,0,11,0,0,TRUST_RESTORED,0,11
S8-1894,PROFILE_768_65,P2_HYBRID_OVERLAP,R3_SPARSE_LARGE,A1_DROP_FIRST_LARGEST_OBJECT_FRAGMENT,1,12,0,,1,16384,0,12,0,2,0,0,INSUFFICIENT_MATERIAL_TRANSFER,10,
S8-1895,PROFILE_768_65,P2_HYBRID_OVERLAP,R3_SPARSE_LARGE,A1_DROP_FIRST_LARGEST_OBJECT_FRAGMENT,1,24,1,22,2,20769,1,22,0,12,0,0,TRUST_RESTORED,10,22
S8-1896,PROFILE_768_65,P2_HYBRID_OVERLAP,R3_SPARSE_LARGE,A1_DROP_FIRST_LARGEST_OBJECT_FRAGMENT,1,48,1,22,2,20769,1,22,0,12,0,0,TRUST_RESTORED,10,22
S8-1897,PROFILE_768_65,P2_HYBRID_OVERLAP,R3_SPARSE_LARGE,A1_DROP_FIRST_LARGEST_OBJECT_FRAGMENT,2,12,0,,1,16384,0,12,0,3,0,0,INSUFFICIENT_MATERIAL_TRANSFER,9,
S8-1898,PROFILE_768_65,P2_HYBRID_OVERLAP,R3_SPARSE_LARGE,A1_DROP_FIRST_LARGEST_OBJECT_FRAGMENT,2,24,1,21,2,20769,1,21,0,12,0,0,TRUST_RESTORED,9,21
S8-1899,PROFILE_768_65,P2_HYBRID_OVERLAP,R3_SPARSE_LARGE,A1_DROP_FIRST_LARGEST_OBJECT_FRAGMENT,2,48,1,21,2,20769,1,21,0,12,0,0,TRUST_RESTORED,9,21
S8-1900,PROFILE_768_65,P2_HYBRID_OVERLAP,R3_SPARSE_LARGE,A1_DROP_FIRST_LARGEST_OBJECT_FRAGMENT,3,12,0,,1,16384,0,12,0,4,0,0,INSUFFICIENT_MATERIAL_TRANSFER,8,
S8-1901,PROFILE_768_65,P2_HYBRID_OVERLAP,R3_SPARSE_LARGE,A1_DROP_FIRST_LARGEST_OBJECT_FRAGMENT,3,24,1,20,2,20769,1,20,0,12,0,0,TRUST_RESTORED,8,20
S8-1902,PROFILE_768_65,P2_HYBRID_OVERLAP,R3_SPARSE_LARGE,A1_DROP_FIRST_LARGEST_OBJECT_FRAGMENT,3,48,1,20,2,20769,1,20,0,12,0,0,TRUST_RESTORED,8,20
S8-1903,PROFILE_768_65,P2_HYBRID_OVERLAP,R3_SPARSE_LARGE,A1_DROP_FIRST_LARGEST_OBJECT_FRAGMENT,4,12,0,,1,16384,0,12,0,5,0,0,INSUFFICIENT_MATERIAL_TRANSFER,7,
S8-1904,PROFILE_768_65,P2_HYBRID_OVERLAP,R3_SPARSE_LARGE,A1_DROP_FIRST_LARGEST_OBJECT_FRAGMENT,4,24,1,19,2,20769,1,19,0,12,0,0,TRUST_RESTORED,7,19
S8-1905,PROFILE_768_65,P2_HYBRID_OVERLAP,R3_SPARSE_LARGE,A1_DROP_FIRST_LARGEST_OBJECT_FRAGMENT,4,48,1,19,2,20769,1,19,0,12,0,0,TRUST_RESTORED,7,19
S8-1906,PROFILE_768_65,P2_HYBRID_OVERLAP,R3_SPARSE_LARGE,A1_DROP_FIRST_LARGEST_OBJECT_FRAGMENT,5,12,0,,1,16384,0,12,0,6,0,0,INSUFFICIENT_MATERIAL_TRANSFER,6,
S8-1907,PROFILE_768_65,P2_HYBRID_OVERLAP,R3_SPARSE_LARGE,A1_DROP_FIRST_LARGEST_OBJECT_FRAGMENT,5,24,1,18,2,20769,1,18,0,12,0,0,TRUST_RESTORED,6,18
S8-1908,PROFILE_768_65,P2_HYBRID_OVERLAP,R3_SPARSE_LARGE,A1_DROP_FIRST_LARGEST_OBJECT_FRAGMENT,5,48,1,18,2,20769,1,18,0,12,0,0,TRUST_RESTORED,6,18
S8-1909,PROFILE_768_65,P2_HYBRID_OVERLAP,R3_SPARSE_LARGE,A2_DELAY_FIRST_TRANSITION_PROOF_ONE_CONTACT,0,12,1,11,2,17460,1,11,0,0,0,0,TRUST_RESTORED,11,11
S8-1910,PROFILE_768_65,P2_HYBRID_OVERLAP,R3_SPARSE_LARGE,A2_DELAY_FIRST_TRANSITION_PROOF_ONE_CONTACT,0,24,1,11,2,17460,1,11,0,0,0,0,TRUST_RESTORED,11,11
S8-1911,PROFILE_768_65,P2_HYBRID_OVERLAP,R3_SPARSE_LARGE,A2_DELAY_FIRST_TRANSITION_PROOF_ONE_CONTACT,0,48,1,11,2,17460,1,11,0,0,0,0,TRUST_RESTORED,11,11
S8-1912,PROFILE_768_65,P2_HYBRID_OVERLAP,R3_SPARSE_LARGE,A2_DELAY_FIRST_TRANSITION_PROOF_ONE_CONTACT,1,12,0,,1,7533,0,12,0,0,0,0,INSUFFICIENT_MATERIAL_TRANSFER,,
S8-1913,PROFILE_768_65,P2_HYBRID_OVERLAP,R3_SPARSE_LARGE,A2_DELAY_FIRST_TRANSITION_PROOF_ONE_CONTACT,1,24,1,22,2,17460,1,22,0,0,0,0,TRUST_RESTORED,22,22
S8-1914,PROFILE_768_65,P2_HYBRID_OVERLAP,R3_SPARSE_LARGE,A2_DELAY_FIRST_TRANSITION_PROOF_ONE_CONTACT,1,48,1,22,2,17460,1,22,0,0,0,0,TRUST_RESTORED,22,22
S8-1915,PROFILE_768_65,P2_HYBRID_OVERLAP,R3_SPARSE_LARGE,A2_DELAY_FIRST_TRANSITION_PROOF_ONE_CONTACT,2,12,0,,1,7533,0,12,0,0,0,0,INSUFFICIENT_MATERIAL_TRANSFER,,
S8-1916,PROFILE_768_65,P2_HYBRID_OVERLAP,R3_SPARSE_LARGE,A2_DELAY_FIRST_TRANSITION_PROOF_ONE_CONTACT,2,24,1,21,2,17460,1,21,0,0,0,0,TRUST_RESTORED,21,21
S8-1917,PROFILE_768_65,P2_HYBRID_OVERLAP,R3_SPARSE_LARGE,A2_DELAY_FIRST_TRANSITION_PROOF_ONE_CONTACT,2,48,1,21,2,17460,1,21,0,0,0,0,TRUST_RESTORED,21,21
S8-1918,PROFILE_768_65,P2_HYBRID_OVERLAP,R3_SPARSE_LARGE,A2_DELAY_FIRST_TRANSITION_PROOF_ONE_CONTACT,3,12,0,,1,7533,0,12,0,0,0,0,INSUFFICIENT_MATERIAL_TRANSFER,,
S8-1919,PROFILE_768_65,P2_HYBRID_OVERLAP,R3_SPARSE_LARGE,A2_DELAY_FIRST_TRANSITION_PROOF_ONE_CONTACT,3,24,1,20,2,17460,1,20,0,0,0,0,TRUST_RESTORED,20,20
S8-1920,PROFILE_768_65,P2_HYBRID_OVERLAP,R3_SPARSE_LARGE,A2_DELAY_FIRST_TRANSITION_PROOF_ONE_CONTACT,3,48,1,20,2,17460,1,20,0,0,0,0,TRUST_RESTORED,20,20
S8-1921,PROFILE_768_65,P2_HYBRID_OVERLAP,R3_SPARSE_LARGE,A2_DELAY_FIRST_TRANSITION_PROOF_ONE_CONTACT,4,12,0,,1,7533,0,12,0,0,0,0,INSUFFICIENT_MATERIAL_TRANSFER,,
S8-1922,PROFILE_768_65,P2_HYBRID_OVERLAP,R3_SPARSE_LARGE,A2_DELAY_FIRST_TRANSITION_PROOF_ONE_CONTACT,4,24,1,19,2,17460,1,19,0,0,0,0,TRUST_RESTORED,19,19
S8-1923,PROFILE_768_65,P2_HYBRID_OVERLAP,R3_SPARSE_LARGE,A2_DELAY_FIRST_TRANSITION_PROOF_ONE_CONTACT,4,48,1,19,2,17460,1,19,0,0,0,0,TRUST_RESTORED,19,19
S8-1924,PROFILE_768_65,P2_HYBRID_OVERLAP,R3_SPARSE_LARGE,A2_DELAY_FIRST_TRANSITION_PROOF_ONE_CONTACT,5,12,0,,1,7533,0,12,0,0,0,0,INSUFFICIENT_MATERIAL_TRANSFER,,
S8-1925,PROFILE_768_65,P2_HYBRID_OVERLAP,R3_SPARSE_LARGE,A2_DELAY_FIRST_TRANSITION_PROOF_ONE_CONTACT,5,24,1,18,2,17460,1,18,0,0,0,0,TRUST_RESTORED,18,18
S8-1926,PROFILE_768_65,P2_HYBRID_OVERLAP,R3_SPARSE_LARGE,A2_DELAY_FIRST_TRANSITION_PROOF_ONE_CONTACT,5,48,1,18,2,17460,1,18,0,0,0,0,TRUST_RESTORED,18,18
S8-1927,PROFILE_768_65,P2_HYBRID_OVERLAP,R3_SPARSE_LARGE,A3_STALE_EPOCH_REPLAY_AT_COMMIT,0,12,1,11,2,17460,2,11,0,11,0,0,TRUST_RESTORED,0,11
S8-1928,PROFILE_768_65,P2_HYBRID_OVERLAP,R3_SPARSE_LARGE,A3_STALE_EPOCH_REPLAY_AT_COMMIT,0,24,1,11,2,17460,2,11,0,11,0,0,TRUST_RESTORED,0,11
S8-1929,PROFILE_768_65,P2_HYBRID_OVERLAP,R3_SPARSE_LARGE,A3_STALE_EPOCH_REPLAY_AT_COMMIT,0,48,1,11,2,17460,2,11,0,11,0,0,TRUST_RESTORED,0,11
S8-1930,PROFILE_768_65,P2_HYBRID_OVERLAP,R3_SPARSE_LARGE,A3_STALE_EPOCH_REPLAY_AT_COMMIT,1,12,0,,1,10842,1,12,0,2,0,0,INSUFFICIENT_MATERIAL_TRANSFER,10,
S8-1931,PROFILE_768_65,P2_HYBRID_OVERLAP,R3_SPARSE_LARGE,A3_STALE_EPOCH_REPLAY_AT_COMMIT,1,24,1,22,2,17460,2,22,0,12,0,0,TRUST_RESTORED,10,22
S8-1932,PROFILE_768_65,P2_HYBRID_OVERLAP,R3_SPARSE_LARGE,A3_STALE_EPOCH_REPLAY_AT_COMMIT,1,48,1,22,2,17460,2,22,0,12,0,0,TRUST_RESTORED,10,22
S8-1933,PROFILE_768_65,P2_HYBRID_OVERLAP,R3_SPARSE_LARGE,A3_STALE_EPOCH_REPLAY_AT_COMMIT,2,12,0,,1,10842,1,12,0,3,0,0,INSUFFICIENT_MATERIAL_TRANSFER,9,
S8-1934,PROFILE_768_65,P2_HYBRID_OVERLAP,R3_SPARSE_LARGE,A3_STALE_EPOCH_REPLAY_AT_COMMIT,2,24,1,21,2,17460,2,21,0,12,0,0,TRUST_RESTORED,9,21
S8-1935,PROFILE_768_65,P2_HYBRID_OVERLAP,R3_SPARSE_LARGE,A3_STALE_EPOCH_REPLAY_AT_COMMIT,2,48,1,21,2,17460,2,21,0,12,0,0,TRUST_RESTORED,9,21
S8-1936,PROFILE_768_65,P2_HYBRID_OVERLAP,R3_SPARSE_LARGE,A3_STALE_EPOCH_REPLAY_AT_COMMIT,3,12,0,,1,10842,1,12,0,4,0,0,INSUFFICIENT_MATERIAL_TRANSFER,8,
S8-1937,PROFILE_768_65,P2_HYBRID_OVERLAP,R3_SPARSE_LARGE,A3_STALE_EPOCH_REPLAY_AT_COMMIT,3,24,1,20,2,17460,2,20,0,12,0,0,TRUST_RESTORED,8,20
S8-1938,PROFILE_768_65,P2_HYBRID_OVERLAP,R3_SPARSE_LARGE,A3_STALE_EPOCH_REPLAY_AT_COMMIT,3,48,1,20,2,17460,2,20,0,12,0,0,TRUST_RESTORED,8,20
S8-1939,PROFILE_768_65,P2_HYBRID_OVERLAP,R3_SPARSE_LARGE,A3_STALE_EPOCH_REPLAY_AT_COMMIT,4,12,0,,1,10842,1,12,0,5,0,0,INSUFFICIENT_MATERIAL_TRANSFER,7,
S8-1940,PROFILE_768_65,P2_HYBRID_OVERLAP,R3_SPARSE_LARGE,A3_STALE_EPOCH_REPLAY_AT_COMMIT,4,24,1,19,2,17460,2,19,0,12,0,0,TRUST_RESTORED,7,19
S8-1941,PROFILE_768_65,P2_HYBRID_OVERLAP,R3_SPARSE_LARGE,A3_STALE_EPOCH_REPLAY_AT_COMMIT,4,48,1,19,2,17460,2,19,0,12,0,0,TRUST_RESTORED,7,19
S8-1942,PROFILE_768_65,P2_HYBRID_OVERLAP,R3_SPARSE_LARGE,A3_STALE_EPOCH_REPLAY_AT_COMMIT,5,12,0,,1,10842,1,12,0,6,0,0,INSUFFICIENT_MATERIAL_TRANSFER,6,
S8-1943,PROFILE_768_65,P2_HYBRID_OVERLAP,R3_SPARSE_LARGE,A3_STALE_EPOCH_REPLAY_AT_COMMIT,5,24,1,18,2,17460,2,18,0,12,0,0,TRUST_RESTORED,6,18
S8-1944,PROFILE_768_65,P2_HYBRID_OVERLAP,R3_SPARSE_LARGE,A3_STALE_EPOCH_REPLAY_AT_COMMIT,5,48,1,18,2,17460,2,18,0,12,0,0,TRUST_RESTORED,6,18
S8-1945,PROFILE_768_65,P2_HYBRID_OVERLAP,R4_CLUSTERED_MEDIUM,A0_NONE,0,12,0,,2,16384,1,1,0,0,0,0,EPOCH_DIVERGENCE,1,1
S8-1946,PROFILE_768_65,P2_HYBRID_OVERLAP,R4_CLUSTERED_MEDIUM,A0_NONE,0,24,1,13,3,17460,1,1,0,0,0,0,TRUST_RESTORED,1,1
S8-1947,PROFILE_768_65,P2_HYBRID_OVERLAP,R4_CLUSTERED_MEDIUM,A0_NONE,0,48,1,13,3,17460,1,1,0,0,0,0,TRUST_RESTORED,1,1
S8-1948,PROFILE_768_65,P2_HYBRID_OVERLAP,R4_CLUSTERED_MEDIUM,A0_NONE,1,12,0,,1,8192,0,12,0,0,0,0,INSUFFICIENT_MATERIAL_TRANSFER,,
S8-1949,PROFILE_768_65,P2_HYBRID_OVERLAP,R4_CLUSTERED_MEDIUM,A0_NONE,1,24,1,13,3,17460,1,12,0,0,0,0,TRUST_RESTORED,12,12
S8-1950,PROFILE_768_65,P2_HYBRID_OVERLAP,R4_CLUSTERED_MEDIUM,A0_NONE,1,48,1,13,3,17460,1,12,0,0,0,0,TRUST_RESTORED,12,12
S8-1951,PROFILE_768_65,P2_HYBRID_OVERLAP,R4_CLUSTERED_MEDIUM,A0_NONE,2,12,0,,1,8192,0,12,0,0,0,0,INSUFFICIENT_MATERIAL_TRANSFER,,
S8-1952,PROFILE_768_65,P2_HYBRID_OVERLAP,R4_CLUSTERED_MEDIUM,A0_NONE,2,24,0,,2,16384,1,12,0,0,0,0,EPOCH_DIVERGENCE,12,12
S8-1953,PROFILE_768_65,P2_HYBRID_OVERLAP,R4_CLUSTERED_MEDIUM,A0_NONE,2,48,1,27,3,17460,1,12,0,0,0,0,TRUST_RESTORED,12,12
S8-1954,PROFILE_768_65,P2_HYBRID_OVERLAP,R4_CLUSTERED_MEDIUM,A0_NONE,3,12,0,,2,16384,1,11,0,0,0,0,EPOCH_DIVERGENCE,11,11
S8-1955,PROFILE_768_65,P2_HYBRID_OVERLAP,R4_CLUSTERED_MEDIUM,A0_NONE,3,24,0,,2,16384,1,11,0,0,0,0,EPOCH_DIVERGENCE,11,11
S8-1956,PROFILE_768_65,P2_HYBRID_OVERLAP,R4_CLUSTERED_MEDIUM,A0_NONE,3,48,1,26,3,17460,1,11,0,0,0,0,TRUST_RESTORED,11,11
S8-1957,PROFILE_768_65,P2_HYBRID_OVERLAP,R4_CLUSTERED_MEDIUM,A0_NONE,4,12,0,,2,16384,1,10,0,0,0,0,EPOCH_DIVERGENCE,10,10
S8-1958,PROFILE_768_65,P2_HYBRID_OVERLAP,R4_CLUSTERED_MEDIUM,A0_NONE,4,24,0,,2,16384,1,10,0,0,0,0,EPOCH_DIVERGENCE,10,10
S8-1959,PROFILE_768_65,P2_HYBRID_OVERLAP,R4_CLUSTERED_MEDIUM,A0_NONE,4,48,1,25,3,17460,1,10,0,0,0,0,TRUST_RESTORED,10,10
S8-1960,PROFILE_768_65,P2_HYBRID_OVERLAP,R4_CLUSTERED_MEDIUM,A0_NONE,5,12,0,,2,16384,1,9,0,0,0,0,EPOCH_DIVERGENCE,9,9
S8-1961,PROFILE_768_65,P2_HYBRID_OVERLAP,R4_CLUSTERED_MEDIUM,A0_NONE,5,24,0,,2,16384,1,9,0,0,0,0,EPOCH_DIVERGENCE,9,9
S8-1962,PROFILE_768_65,P2_HYBRID_OVERLAP,R4_CLUSTERED_MEDIUM,A0_NONE,5,48,1,24,3,17460,1,9,0,0,0,0,TRUST_RESTORED,9,9
S8-1963,PROFILE_768_65,P2_HYBRID_OVERLAP,R4_CLUSTERED_MEDIUM,A1_DROP_FIRST_LARGEST_OBJECT_FRAGMENT,0,12,0,,2,16384,0,12,0,11,0,0,INSUFFICIENT_MATERIAL_TRANSFER,1,
S8-1964,PROFILE_768_65,P2_HYBRID_OVERLAP,R4_CLUSTERED_MEDIUM,A1_DROP_FIRST_LARGEST_OBJECT_FRAGMENT,0,24,1,13,3,20769,1,13,0,12,0,0,TRUST_RESTORED,1,13
S8-1965,PROFILE_768_65,P2_HYBRID_OVERLAP,R4_CLUSTERED_MEDIUM,A1_DROP_FIRST_LARGEST_OBJECT_FRAGMENT,0,48,1,13,3,20769,1,13,0,12,0,0,TRUST_RESTORED,1,13
S8-1966,PROFILE_768_65,P2_HYBRID_OVERLAP,R4_CLUSTERED_MEDIUM,A1_DROP_FIRST_LARGEST_OBJECT_FRAGMENT,1,12,0,,1,8192,0,12,0,0,0,0,INSUFFICIENT_MATERIAL_TRANSFER,,
S8-1967,PROFILE_768_65,P2_HYBRID_OVERLAP,R4_CLUSTERED_MEDIUM,A1_DROP_FIRST_LARGEST_OBJECT_FRAGMENT,1,24,1,13,3,20769,1,13,0,1,0,0,TRUST_RESTORED,12,13
S8-1968,PROFILE_768_65,P2_HYBRID_OVERLAP,R4_CLUSTERED_MEDIUM,A1_DROP_FIRST_LARGEST_OBJECT_FRAGMENT,1,48,1,13,3,20769,1,13,0,1,0,0,TRUST_RESTORED,12,13
S8-1969,PROFILE_768_65,P2_HYBRID_OVERLAP,R4_CLUSTERED_MEDIUM,A1_DROP_FIRST_LARGEST_OBJECT_FRAGMENT,2,12,0,,1,8192,0,12,0,0,0,0,INSUFFICIENT_MATERIAL_TRANSFER,,
S8-1970,PROFILE_768_65,P2_HYBRID_OVERLAP,R4_CLUSTERED_MEDIUM,A1_DROP_FIRST_LARGEST_OBJECT_FRAGMENT,2,24,0,,2,16384,0,24,0,12,0,0,INSUFFICIENT_MATERIAL_TRANSFER,12,
S8-1971,PROFILE_768_65,P2_HYBRID_OVERLAP,R4_CLUSTERED_MEDIUM,A1_DROP_FIRST_LARGEST_OBJECT_FRAGMENT,2,48,1,27,3,20769,1,27,0,15,0,0,TRUST_RESTORED,12,27
S8-1972,PROFILE_768_65,P2_HYBRID_OVERLAP,R4_CLUSTERED_MEDIUM,A1_DROP_FIRST_LARGEST_OBJECT_FRAGMENT,3,12,0,,2,16384,0,12,0,1,0,0,INSUFFICIENT_MATERIAL_TRANSFER,11,
S8-1973,PROFILE_768_65,P2_HYBRID_OVERLAP,R4_CLUSTERED_MEDIUM,A1_DROP_FIRST_LARGEST_OBJECT_FRAGMENT,3,24,0,,2,16384,0,24,0,13,0,0,INSUFFICIENT_MATERIAL_TRANSFER,11,
S8-1974,PROFILE_768_65,P2_HYBRID_OVERLAP,R4_CLUSTERED_MEDIUM,A1_DROP_FIRST_LARGEST_OBJECT_FRAGMENT,3,48,1,26,3,20769,1,26,0,15,0,0,TRUST_RESTORED,11,26
S8-1975,PROFILE_768_65,P2_HYBRID_OVERLAP,R4_CLUSTERED_MEDIUM,A1_DROP_FIRST_LARGEST_OBJECT_FRAGMENT,4,12,0,,2,16384,0,12,0,2,0,0,INSUFFICIENT_MATERIAL_TRANSFER,10,
S8-1976,PROFILE_768_65,P2_HYBRID_OVERLAP,R4_CLUSTERED_MEDIUM,A1_DROP_FIRST_LARGEST_OBJECT_FRAGMENT,4,24,0,,2,16384,0,24,0,14,0,0,INSUFFICIENT_MATERIAL_TRANSFER,10,
S8-1977,PROFILE_768_65,P2_HYBRID_OVERLAP,R4_CLUSTERED_MEDIUM,A1_DROP_FIRST_LARGEST_OBJECT_FRAGMENT,4,48,1,25,3,20769,1,25,0,15,0,0,TRUST_RESTORED,10,25
S8-1978,PROFILE_768_65,P2_HYBRID_OVERLAP,R4_CLUSTERED_MEDIUM,A1_DROP_FIRST_LARGEST_OBJECT_FRAGMENT,5,12,0,,2,16384,0,12,0,3,0,0,INSUFFICIENT_MATERIAL_TRANSFER,9,
S8-1979,PROFILE_768_65,P2_HYBRID_OVERLAP,R4_CLUSTERED_MEDIUM,A1_DROP_FIRST_LARGEST_OBJECT_FRAGMENT,5,24,0,,2,16384,0,24,0,15,0,0,INSUFFICIENT_MATERIAL_TRANSFER,9,
S8-1980,PROFILE_768_65,P2_HYBRID_OVERLAP,R4_CLUSTERED_MEDIUM,A1_DROP_FIRST_LARGEST_OBJECT_FRAGMENT,5,48,1,24,3,20769,1,24,0,15,0,0,TRUST_RESTORED,9,24
S8-1981,PROFILE_768_65,P2_HYBRID_OVERLAP,R4_CLUSTERED_MEDIUM,A2_DELAY_FIRST_TRANSITION_PROOF_ONE_CONTACT,0,12,0,,2,15725,1,1,0,0,0,0,EPOCH_DIVERGENCE,1,1
S8-1982,PROFILE_768_65,P2_HYBRID_OVERLAP,R4_CLUSTERED_MEDIUM,A2_DELAY_FIRST_TRANSITION_PROOF_ONE_CONTACT,0,24,1,13,3,17460,1,1,0,0,0,0,TRUST_RESTORED,1,1
S8-1983,PROFILE_768_65,P2_HYBRID_OVERLAP,R4_CLUSTERED_MEDIUM,A2_DELAY_FIRST_TRANSITION_PROOF_ONE_CONTACT,0,48,1,13,3,17460,1,1,0,0,0,0,TRUST_RESTORED,1,1
S8-1984,PROFILE_768_65,P2_HYBRID_OVERLAP,R4_CLUSTERED_MEDIUM,A2_DELAY_FIRST_TRANSITION_PROOF_ONE_CONTACT,1,12,0,,1,7533,0,12,0,0,0,0,INSUFFICIENT_MATERIAL_TRANSFER,,
S8-1985,PROFILE_768_65,P2_HYBRID_OVERLAP,R4_CLUSTERED_MEDIUM,A2_DELAY_FIRST_TRANSITION_PROOF_ONE_CONTACT,1,24,1,13,3,17460,1,12,0,0,0,0,TRUST_RESTORED,12,12
S8-1986,PROFILE_768_65,P2_HYBRID_OVERLAP,R4_CLUSTERED_MEDIUM,A2_DELAY_FIRST_TRANSITION_PROOF_ONE_CONTACT,1,48,1,13,3,17460,1,12,0,0,0,0,TRUST_RESTORED,12,12
S8-1987,PROFILE_768_65,P2_HYBRID_OVERLAP,R4_CLUSTERED_MEDIUM,A2_DELAY_FIRST_TRANSITION_PROOF_ONE_CONTACT,2,12,0,,1,7533,0,12,0,0,0,0,INSUFFICIENT_MATERIAL_TRANSFER,,
S8-1988,PROFILE_768_65,P2_HYBRID_OVERLAP,R4_CLUSTERED_MEDIUM,A2_DELAY_FIRST_TRANSITION_PROOF_ONE_CONTACT,2,24,0,,2,15725,1,12,0,0,0,0,EPOCH_DIVERGENCE,12,12
S8-1989,PROFILE_768_65,P2_HYBRID_OVERLAP,R4_CLUSTERED_MEDIUM,A2_DELAY_FIRST_TRANSITION_PROOF_ONE_CONTACT,2,48,1,27,3,17460,1,12,0,0,0,0,TRUST_RESTORED,12,12
S8-1990,PROFILE_768_65,P2_HYBRID_OVERLAP,R4_CLUSTERED_MEDIUM,A2_DELAY_FIRST_TRANSITION_PROOF_ONE_CONTACT,3,12,0,,2,15725,1,11,0,0,0,0,EPOCH_DIVERGENCE,11,11
S8-1991,PROFILE_768_65,P2_HYBRID_OVERLAP,R4_CLUSTERED_MEDIUM,A2_DELAY_FIRST_TRANSITION_PROOF_ONE_CONTACT,3,24,0,,2,15725,1,11,0,0,0,0,EPOCH_DIVERGENCE,11,11
S8-1992,PROFILE_768_65,P2_HYBRID_OVERLAP,R4_CLUSTERED_MEDIUM,A2_DELAY_FIRST_TRANSITION_PROOF_ONE_CONTACT,3,48,1,26,3,17460,1,11,0,0,0,0,TRUST_RESTORED,11,11
S8-1993,PROFILE_768_65,P2_HYBRID_OVERLAP,R4_CLUSTERED_MEDIUM,A2_DELAY_FIRST_TRANSITION_PROOF_ONE_CONTACT,4,12,0,,2,15725,1,10,0,0,0,0,EPOCH_DIVERGENCE,10,10
S8-1994,PROFILE_768_65,P2_HYBRID_OVERLAP,R4_CLUSTERED_MEDIUM,A2_DELAY_FIRST_TRANSITION_PROOF_ONE_CONTACT,4,24,0,,2,15725,1,10,0,0,0,0,EPOCH_DIVERGENCE,10,10
S8-1995,PROFILE_768_65,P2_HYBRID_OVERLAP,R4_CLUSTERED_MEDIUM,A2_DELAY_FIRST_TRANSITION_PROOF_ONE_CONTACT,4,48,1,25,3,17460,1,10,0,0,0,0,TRUST_RESTORED,10,10
S8-1996,PROFILE_768_65,P2_HYBRID_OVERLAP,R4_CLUSTERED_MEDIUM,A2_DELAY_FIRST_TRANSITION_PROOF_ONE_CONTACT,5,12,0,,2,15725,1,9,0,0,0,0,EPOCH_DIVERGENCE,9,9
S8-1997,PROFILE_768_65,P2_HYBRID_OVERLAP,R4_CLUSTERED_MEDIUM,A2_DELAY_FIRST_TRANSITION_PROOF_ONE_CONTACT,5,24,0,,2,15725,1,9,0,0,0,0,EPOCH_DIVERGENCE,9,9
S8-1998,PROFILE_768_65,P2_HYBRID_OVERLAP,R4_CLUSTERED_MEDIUM,A2_DELAY_FIRST_TRANSITION_PROOF_ONE_CONTACT,5,48,1,24,3,17460,1,9,0,0,0,0,TRUST_RESTORED,9,9
S8-1999,PROFILE_768_65,P2_HYBRID_OVERLAP,R4_CLUSTERED_MEDIUM,A3_STALE_EPOCH_REPLAY_AT_COMMIT,0,12,0,,2,10842,1,12,0,11,0,0,INSUFFICIENT_MATERIAL_TRANSFER,1,
S8-2000,PROFILE_768_65,P2_HYBRID_OVERLAP,R4_CLUSTERED_MEDIUM,A3_STALE_EPOCH_REPLAY_AT_COMMIT,0,24,1,13,3,17460,2,13,0,12,0,0,TRUST_RESTORED,1,13
S8-2001,PROFILE_768_65,P2_HYBRID_OVERLAP,R4_CLUSTERED_MEDIUM,A3_STALE_EPOCH_REPLAY_AT_COMMIT,0,48,1,13,3,17460,2,13,0,12,0,0,TRUST_RESTORED,1,13
S8-2002,PROFILE_768_65,P2_HYBRID_OVERLAP,R4_CLUSTERED_MEDIUM,A3_STALE_EPOCH_REPLAY_AT_COMMIT,1,12,0,,1,8192,0,12,0,0,0,0,INSUFFICIENT_MATERIAL_TRANSFER,,
S8-2003,PROFILE_768_65,P2_HYBRID_OVERLAP,R4_CLUSTERED_MEDIUM,A3_STALE_EPOCH_REPLAY_AT_COMMIT,1,24,1,13,3,17460,2,13,0,1,0,0,TRUST_RESTORED,12,13
S8-2004,PROFILE_768_65,P2_HYBRID_OVERLAP,R4_CLUSTERED_MEDIUM,A3_STALE_EPOCH_REPLAY_AT_COMMIT,1,48,1,13,3,17460,2,13,0,1,0,0,TRUST_RESTORED,12,13
S8-2005,PROFILE_768_65,P2_HYBRID_OVERLAP,R4_CLUSTERED_MEDIUM,A3_STALE_EPOCH_REPLAY_AT_COMMIT,2,12,0,,1,8192,0,12,0,0,0,0,INSUFFICIENT_MATERIAL_TRANSFER,,
S8-2006,PROFILE_768_65,P2_HYBRID_OVERLAP,R4_CLUSTERED_MEDIUM,A3_STALE_EPOCH_REPLAY_AT_COMMIT,2,24,0,,2,10842,1,24,0,12,0,0,INSUFFICIENT_MATERIAL_TRANSFER,12,
S8-2007,PROFILE_768_65,P2_HYBRID_OVERLAP,R4_CLUSTERED_MEDIUM,A3_STALE_EPOCH_REPLAY_AT_COMMIT,2,48,1,27,3,17460,2,27,0,15,0,0,TRUST_RESTORED,12,27
S8-2008,PROFILE_768_65,P2_HYBRID_OVERLAP,R4_CLUSTERED_MEDIUM,A3_STALE_EPOCH_REPLAY_AT_COMMIT,3,12,0,,2,10842,1,12,0,1,0,0,INSUFFICIENT_MATERIAL_TRANSFER,11,
S8-2009,PROFILE_768_65,P2_HYBRID_OVERLAP,R4_CLUSTERED_MEDIUM,A3_STALE_EPOCH_REPLAY_AT_COMMIT,3,24,0,,2,10842,1,24,0,13,0,0,INSUFFICIENT_MATERIAL_TRANSFER,11,
S8-2010,PROFILE_768_65,P2_HYBRID_OVERLAP,R4_CLUSTERED_MEDIUM,A3_STALE_EPOCH_REPLAY_AT_COMMIT,3,48,1,26,3,17460,2,26,0,15,0,0,TRUST_RESTORED,11,26
S8-2011,PROFILE_768_65,P2_HYBRID_OVERLAP,R4_CLUSTERED_MEDIUM,A3_STALE_EPOCH_REPLAY_AT_COMMIT,4,12,0,,2,10842,1,12,0,2,0,0,INSUFFICIENT_MATERIAL_TRANSFER,10,
S8-2012,PROFILE_768_65,P2_HYBRID_OVERLAP,R4_CLUSTERED_MEDIUM,A3_STALE_EPOCH_REPLAY_AT_COMMIT,4,24,0,,2,10842,1,24,0,14,0,0,INSUFFICIENT_MATERIAL_TRANSFER,10,
S8-2013,PROFILE_768_65,P2_HYBRID_OVERLAP,R4_CLUSTERED_MEDIUM,A3_STALE_EPOCH_REPLAY_AT_COMMIT,4,48,1,25,3,17460,2,25,0,15,0,0,TRUST_RESTORED,10,25
S8-2014,PROFILE_768_65,P2_HYBRID_OVERLAP,R4_CLUSTERED_MEDIUM,A3_STALE_EPOCH_REPLAY_AT_COMMIT,5,12,0,,2,10842,1,12,0,3,0,0,INSUFFICIENT_MATERIAL_TRANSFER,9,
S8-2015,PROFILE_768_65,P2_HYBRID_OVERLAP,R4_CLUSTERED_MEDIUM,A3_STALE_EPOCH_REPLAY_AT_COMMIT,5,24,0,,2,10842,1,24,0,15,0,0,INSUFFICIENT_MATERIAL_TRANSFER,9,
S8-2016,PROFILE_768_65,P2_HYBRID_OVERLAP,R4_CLUSTERED_MEDIUM,A3_STALE_EPOCH_REPLAY_AT_COMMIT,5,48,1,24,3,17460,2,24,0,15,0,0,TRUST_RESTORED,9,24
S8-2017,PROFILE_768_65,P3_CONTACT_AWARE_STAGED,R1_FREQUENT_SMALL,A0_NONE,0,12,1,11,5,17460,1,8,0,0,0,0,TRUST_RESTORED,5,8
S8-2018,PROFILE_768_65,P3_CONTACT_AWARE_STAGED,R1_FREQUENT_SMALL,A0_NONE,0,24,1,11,5,17460,1,8,0,0,0,0,TRUST_RESTORED,5,8
S8-2019,PROFILE_768_65,P3_CONTACT_AWARE_STAGED,R1_FREQUENT_SMALL,A0_NONE,0,48,1,11,5,17460,1,8,0,0,0,0,TRUST_RESTORED,5,8
S8-2020,PROFILE_768_65,P3_CONTACT_AWARE_STAGED,R1_FREQUENT_SMALL,A0_NONE,1,12,0,,3,10842,0,12,0,0,0,0,CONTACT_BUDGET_EXHAUSTED,7,
S8-2021,PROFILE_768_65,P3_CONTACT_AWARE_STAGED,R1_FREQUENT_SMALL,A0_NONE,1,24,1,13,5,17460,1,10,0,0,0,0,TRUST_RESTORED,7,10
S8-2022,PROFILE_768_65,P3_CONTACT_AWARE_STAGED,R1_FREQUENT_SMALL,A0_NONE,1,48,1,13,5,17460,1,10,0,0,0,0,TRUST_RESTORED,7,10
S8-2023,PROFILE_768_65,P3_CONTACT_AWARE_STAGED,R1_FREQUENT_SMALL,A0_NONE,2,12,0,,3,10842,0,12,0,0,0,0,CONTACT_BUDGET_EXHAUSTED,6,
S8-2024,PROFILE_768_65,P3_CONTACT_AWARE_STAGED,R1_FREQUENT_SMALL,A0_NONE,2,24,1,12,5,17460,1,9,0,0,0,0,TRUST_RESTORED,6,9
S8-2025,PROFILE_768_65,P3_CONTACT_AWARE_STAGED,R1_FREQUENT_SMALL,A0_NONE,2,48,1,12,5,17460,1,9,0,0,0,0,TRUST_RESTORED,6,9
S8-2026,PROFILE_768_65,P3_CONTACT_AWARE_STAGED,R1_FREQUENT_SMALL,A0_NONE,3,12,0,,3,10842,0,12,0,0,0,0,CONTACT_BUDGET_EXHAUSTED,8,
S8-2027,PROFILE_768_65,P3_CONTACT_AWARE_STAGED,R1_FREQUENT_SMALL,A0_NONE,3,24,1,14,5,17460,1,11,0,0,0,0,TRUST_RESTORED,8,11
S8-2028,PROFILE_768_65,P3_CONTACT_AWARE_STAGED,R1_FREQUENT_SMALL,A0_NONE,3,48,1,14,5,17460,1,11,0,0,0,0,TRUST_RESTORED,8,11
S8-2029,PROFILE_768_65,P3_CONTACT_AWARE_STAGED,R1_FREQUENT_SMALL,A0_NONE,4,12,0,,3,10842,0,12,0,0,0,0,CONTACT_BUDGET_EXHAUSTED,7,
S8-2030,PROFILE_768_65,P3_CONTACT_AWARE_STAGED,R1_FREQUENT_SMALL,A0_NONE,4,24,1,13,5,17460,1,10,0,0,0,0,TRUST_RESTORED,7,10
S8-2031,PROFILE_768_65,P3_CONTACT_AWARE_STAGED,R1_FREQUENT_SMALL,A0_NONE,4,48,1,13,5,17460,1,10,0,0,0,0,TRUST_RESTORED,7,10
S8-2032,PROFILE_768_65,P3_CONTACT_AWARE_STAGED,R1_FREQUENT_SMALL,A0_NONE,5,12,0,,3,10842,0,12,0,0,0,0,CONTACT_BUDGET_EXHAUSTED,6,
S8-2033,PROFILE_768_65,P3_CONTACT_AWARE_STAGED,R1_FREQUENT_SMALL,A0_NONE,5,24,1,12,5,17460,1,9,0,0,0,0,TRUST_RESTORED,6,9
S8-2034,PROFILE_768_65,P3_CONTACT_AWARE_STAGED,R1_FREQUENT_SMALL,A0_NONE,5,48,1,12,5,17460,1,9,0,0,0,0,TRUST_RESTORED,6,9
S8-2035,PROFILE_768_65,P3_CONTACT_AWARE_STAGED,R1_FREQUENT_SMALL,A1_DROP_FIRST_LARGEST_OBJECT_FRAGMENT,0,12,0,,4,14151,0,12,0,0,0,0,CONTACT_BUDGET_EXHAUSTED,8,
S8-2036,PROFILE_768_65,P3_CONTACT_AWARE_STAGED,R1_FREQUENT_SMALL,A1_DROP_FIRST_LARGEST_OBJECT_FRAGMENT,0,24,1,14,6,20769,1,11,0,0,0,0,TRUST_RESTORED,8,11
S8-2037,PROFILE_768_65,P3_CONTACT_AWARE_STAGED,R1_FREQUENT_SMALL,A1_DROP_FIRST_LARGEST_OBJECT_FRAGMENT,0,48,1,14,6,20769,1,11,0,0,0,0,TRUST_RESTORED,8,11
S8-2038,PROFILE_768_65,P3_CONTACT_AWARE_STAGED,R1_FREQUENT_SMALL,A1_DROP_FIRST_LARGEST_OBJECT_FRAGMENT,1,12,0,,4,14151,0,12,0,0,0,0,CONTACT_BUDGET_EXHAUSTED,10,
S8-2039,PROFILE_768_65,P3_CONTACT_AWARE_STAGED,R1_FREQUENT_SMALL,A1_DROP_FIRST_LARGEST_OBJECT_FRAGMENT,1,24,1,16,6,20769,1,13,0,0,0,0,TRUST_RESTORED,10,13
S8-2040,PROFILE_768_65,P3_CONTACT_AWARE_STAGED,R1_FREQUENT_SMALL,A1_DROP_FIRST_LARGEST_OBJECT_FRAGMENT,1,48,1,16,6,20769,1,13,0,0,0,0,TRUST_RESTORED,10,13
S8-2041,PROFILE_768_65,P3_CONTACT_AWARE_STAGED,R1_FREQUENT_SMALL,A1_DROP_FIRST_LARGEST_OBJECT_FRAGMENT,2,12,0,,4,14151,0,12,0,0,0,0,CONTACT_BUDGET_EXHAUSTED,9,
S8-2042,PROFILE_768_65,P3_CONTACT_AWARE_STAGED,R1_FREQUENT_SMALL,A1_DROP_FIRST_LARGEST_OBJECT_FRAGMENT,2,24,1,15,6,20769,1,12,0,0,0,0,TRUST_RESTORED,9,12
S8-2043,PROFILE_768_65,P3_CONTACT_AWARE_STAGED,R1_FREQUENT_SMALL,A1_DROP_FIRST_LARGEST_OBJECT_FRAGMENT,2,48,1,15,6,20769,1,12,0,0,0,0,TRUST_RESTORED,9,12
S8-2044,PROFILE_768_65,P3_CONTACT_AWARE_STAGED,R1_FREQUENT_SMALL,A1_DROP_FIRST_LARGEST_OBJECT_FRAGMENT,3,12,0,,4,14151,0,12,0,0,0,0,CONTACT_BUDGET_EXHAUSTED,11,
S8-2045,PROFILE_768_65,P3_CONTACT_AWARE_STAGED,R1_FREQUENT_SMALL,A1_DROP_FIRST_LARGEST_OBJECT_FRAGMENT,3,24,1,17,6,20769,1,14,0,0,0,0,TRUST_RESTORED,11,14
S8-2046,PROFILE_768_65,P3_CONTACT_AWARE_STAGED,R1_FREQUENT_SMALL,A1_DROP_FIRST_LARGEST_OBJECT_FRAGMENT,3,48,1,17,6,20769,1,14,0,0,0,0,TRUST_RESTORED,11,14
S8-2047,PROFILE_768_65,P3_CONTACT_AWARE_STAGED,R1_FREQUENT_SMALL,A1_DROP_FIRST_LARGEST_OBJECT_FRAGMENT,4,12,0,,4,14151,0,12,0,0,0,0,CONTACT_BUDGET_EXHAUSTED,10,
S8-2048,PROFILE_768_65,P3_CONTACT_AWARE_STAGED,R1_FREQUENT_SMALL,A1_DROP_FIRST_LARGEST_OBJECT_FRAGMENT,4,24,1,16,6,20769,1,13,0,0,0,0,TRUST_RESTORED,10,13
S8-2049,PROFILE_768_65,P3_CONTACT_AWARE_STAGED,R1_FREQUENT_SMALL,A1_DROP_FIRST_LARGEST_OBJECT_FRAGMENT,4,48,1,16,6,20769,1,13,0,0,0,0,TRUST_RESTORED,10,13
S8-2050,PROFILE_768_65,P3_CONTACT_AWARE_STAGED,R1_FREQUENT_SMALL,A1_DROP_FIRST_LARGEST_OBJECT_FRAGMENT,5,12,0,,4,14151,0,12,0,0,0,0,CONTACT_BUDGET_EXHAUSTED,9,
S8-2051,PROFILE_768_65,P3_CONTACT_AWARE_STAGED,R1_FREQUENT_SMALL,A1_DROP_FIRST_LARGEST_OBJECT_FRAGMENT,5,24,1,15,6,20769,1,12,0,0,0,0,TRUST_RESTORED,9,12
S8-2052,PROFILE_768_65,P3_CONTACT_AWARE_STAGED,R1_FREQUENT_SMALL,A1_DROP_FIRST_LARGEST_OBJECT_FRAGMENT,5,48,1,15,6,20769,1,12,0,0,0,0,TRUST_RESTORED,9,12
S8-2053,PROFILE_768_65,P3_CONTACT_AWARE_STAGED,R1_FREQUENT_SMALL,A2_DELAY_FIRST_TRANSITION_PROOF_ONE_CONTACT,0,12,1,11,5,17460,1,8,0,0,0,0,TRUST_RESTORED,5,8
S8-2054,PROFILE_768_65,P3_CONTACT_AWARE_STAGED,R1_FREQUENT_SMALL,A2_DELAY_FIRST_TRANSITION_PROOF_ONE_CONTACT,0,24,1,11,5,17460,1,8,0,0,0,0,TRUST_RESTORED,5,8
S8-2055,PROFILE_768_65,P3_CONTACT_AWARE_STAGED,R1_FREQUENT_SMALL,A2_DELAY_FIRST_TRANSITION_PROOF_ONE_CONTACT,0,48,1,11,5,17460,1,8,0,0,0,0,TRUST_RESTORED,5,8
S8-2056,PROFILE_768_65,P3_CONTACT_AWARE_STAGED,R1_FREQUENT_SMALL,A2_DELAY_FIRST_TRANSITION_PROOF_ONE_CONTACT,1,12,0,,3,10842,0,12,0,0,0,0,CONTACT_BUDGET_EXHAUSTED,7,
S8-2057,PROFILE_768_65,P3_CONTACT_AWARE_STAGED,R1_FREQUENT_SMALL,A2_DELAY_FIRST_TRANSITION_PROOF_ONE_CONTACT,1,24,1,13,5,17460,1,10,0,0,0,0,TRUST_RESTORED,7,10
S8-2058,PROFILE_768_65,P3_CONTACT_AWARE_STAGED,R1_FREQUENT_SMALL,A2_DELAY_FIRST_TRANSITION_PROOF_ONE_CONTACT,1,48,1,13,5,17460,1,10,0,0,0,0,TRUST_RESTORED,7,10
S8-2059,PROFILE_768_65,P3_CONTACT_AWARE_STAGED,R1_FREQUENT_SMALL,A2_DELAY_FIRST_TRANSITION_PROOF_ONE_CONTACT,2,12,0,,3,10842,0,12,0,0,0,0,CONTACT_BUDGET_EXHAUSTED,6,
S8-2060,PROFILE_768_65,P3_CONTACT_AWARE_STAGED,R1_FREQUENT_SMALL,A2_DELAY_FIRST_TRANSITION_PROOF_ONE_CONTACT,2,24,1,12,5,17460,1,9,0,0,0,0,TRUST_RESTORED,6,9
S8-2061,PROFILE_768_65,P3_CONTACT_AWARE_STAGED,R1_FREQUENT_SMALL,A2_DELAY_FIRST_TRANSITION_PROOF_ONE_CONTACT,2,48,1,12,5,17460,1,9,0,0,0,0,TRUST_RESTORED,6,9
S8-2062,PROFILE_768_65,P3_CONTACT_AWARE_STAGED,R1_FREQUENT_SMALL,A2_DELAY_FIRST_TRANSITION_PROOF_ONE_CONTACT,3,12,0,,3,10842,0,12,0,0,0,0,CONTACT_BUDGET_EXHAUSTED,8,
S8-2063,PROFILE_768_65,P3_CONTACT_AWARE_STAGED,R1_FREQUENT_SMALL,A2_DELAY_FIRST_TRANSITION_PROOF_ONE_CONTACT,3,24,1,14,5,17460,1,11,0,0,0,0,TRUST_RESTORED,8,11
S8-2064,PROFILE_768_65,P3_CONTACT_AWARE_STAGED,R1_FREQUENT_SMALL,A2_DELAY_FIRST_TRANSITION_PROOF_ONE_CONTACT,3,48,1,14,5,17460,1,11,0,0,0,0,TRUST_RESTORED,8,11
S8-2065,PROFILE_768_65,P3_CONTACT_AWARE_STAGED,R1_FREQUENT_SMALL,A2_DELAY_FIRST_TRANSITION_PROOF_ONE_CONTACT,4,12,0,,3,10842,0,12,0,0,0,0,CONTACT_BUDGET_EXHAUSTED,7,
S8-2066,PROFILE_768_65,P3_CONTACT_AWARE_STAGED,R1_FREQUENT_SMALL,A2_DELAY_FIRST_TRANSITION_PROOF_ONE_CONTACT,4,24,1,13,5,17460,1,10,0,0,0,0,TRUST_RESTORED,7,10
S8-2067,PROFILE_768_65,P3_CONTACT_AWARE_STAGED,R1_FREQUENT_SMALL,A2_DELAY_FIRST_TRANSITION_PROOF_ONE_CONTACT,4,48,1,13,5,17460,1,10,0,0,0,0,TRUST_RESTORED,7,10
S8-2068,PROFILE_768_65,P3_CONTACT_AWARE_STAGED,R1_FREQUENT_SMALL,A2_DELAY_FIRST_TRANSITION_PROOF_ONE_CONTACT,5,12,0,,3,10842,0,12,0,0,0,0,CONTACT_BUDGET_EXHAUSTED,6,
S8-2069,PROFILE_768_65,P3_CONTACT_AWARE_STAGED,R1_FREQUENT_SMALL,A2_DELAY_FIRST_TRANSITION_PROOF_ONE_CONTACT,5,24,1,12,5,17460,1,9,0,0,0,0,TRUST_RESTORED,6,9
S8-2070,PROFILE_768_65,P3_CONTACT_AWARE_STAGED,R1_FREQUENT_SMALL,A2_DELAY_FIRST_TRANSITION_PROOF_ONE_CONTACT,5,48,1,12,5,17460,1,9,0,0,0,0,TRUST_RESTORED,6,9
S8-2071,PROFILE_768_65,P3_CONTACT_AWARE_STAGED,R1_FREQUENT_SMALL,A3_STALE_EPOCH_REPLAY_AT_COMMIT,0,12,1,11,5,17460,2,8,0,0,0,0,TRUST_RESTORED,5,8
S8-2072,PROFILE_768_65,P3_CONTACT_AWARE_STAGED,R1_FREQUENT_SMALL,A3_STALE_EPOCH_REPLAY_AT_COMMIT,0,24,1,11,5,17460,2,8,0,0,0,0,TRUST_RESTORED,5,8
S8-2073,PROFILE_768_65,P3_CONTACT_AWARE_STAGED,R1_FREQUENT_SMALL,A3_STALE_EPOCH_REPLAY_AT_COMMIT,0,48,1,11,5,17460,2,8,0,0,0,0,TRUST_RESTORED,5,8
S8-2074,PROFILE_768_65,P3_CONTACT_AWARE_STAGED,R1_FREQUENT_SMALL,A3_STALE_EPOCH_REPLAY_AT_COMMIT,1,12,0,,3,10842,0,12,0,0,0,0,CONTACT_BUDGET_EXHAUSTED,7,
S8-2075,PROFILE_768_65,P3_CONTACT_AWARE_STAGED,R1_FREQUENT_SMALL,A3_STALE_EPOCH_REPLAY_AT_COMMIT,1,24,1,13,5,17460,2,10,0,0,0,0,TRUST_RESTORED,7,10
S8-2076,PROFILE_768_65,P3_CONTACT_AWARE_STAGED,R1_FREQUENT_SMALL,A3_STALE_EPOCH_REPLAY_AT_COMMIT,1,48,1,13,5,17460,2,10,0,0,0,0,TRUST_RESTORED,7,10
S8-2077,PROFILE_768_65,P3_CONTACT_AWARE_STAGED,R1_FREQUENT_SMALL,A3_STALE_EPOCH_REPLAY_AT_COMMIT,2,12,0,,3,10842,0,12,0,0,0,0,CONTACT_BUDGET_EXHAUSTED,6,
S8-2078,PROFILE_768_65,P3_CONTACT_AWARE_STAGED,R1_FREQUENT_SMALL,A3_STALE_EPOCH_REPLAY_AT_COMMIT,2,24,1,12,5,17460,2,9,0,0,0,0,TRUST_RESTORED,6,9
S8-2079,PROFILE_768_65,P3_CONTACT_AWARE_STAGED,R1_FREQUENT_SMALL,A3_STALE_EPOCH_REPLAY_AT_COMMIT,2,48,1,12,5,17460,2,9,0,0,0,0,TRUST_RESTORED,6,9
S8-2080,PROFILE_768_65,P3_CONTACT_AWARE_STAGED,R1_FREQUENT_SMALL,A3_STALE_EPOCH_REPLAY_AT_COMMIT,3,12,0,,3,10842,0,12,0,0,0,0,CONTACT_BUDGET_EXHAUSTED,8,
S8-2081,PROFILE_768_65,P3_CONTACT_AWARE_STAGED,R1_FREQUENT_SMALL,A3_STALE_EPOCH_REPLAY_AT_COMMIT,3,24,1,14,5,17460,2,11,0,0,0,0,TRUST_RESTORED,8,11
S8-2082,PROFILE_768_65,P3_CONTACT_AWARE_STAGED,R1_FREQUENT_SMALL,A3_STALE_EPOCH_REPLAY_AT_COMMIT,3,48,1,14,5,17460,2,11,0,0,0,0,TRUST_RESTORED,8,11
S8-2083,PROFILE_768_65,P3_CONTACT_AWARE_STAGED,R1_FREQUENT_SMALL,A3_STALE_EPOCH_REPLAY_AT_COMMIT,4,12,0,,3,10842,0,12,0,0,0,0,CONTACT_BUDGET_EXHAUSTED,7,
S8-2084,PROFILE_768_65,P3_CONTACT_AWARE_STAGED,R1_FREQUENT_SMALL,A3_STALE_EPOCH_REPLAY_AT_COMMIT,4,24,1,13,5,17460,2,10,0,0,0,0,TRUST_RESTORED,7,10
S8-2085,PROFILE_768_65,P3_CONTACT_AWARE_STAGED,R1_FREQUENT_SMALL,A3_STALE_EPOCH_REPLAY_AT_COMMIT,4,48,1,13,5,17460,2,10,0,0,0,0,TRUST_RESTORED,7,10
S8-2086,PROFILE_768_65,P3_CONTACT_AWARE_STAGED,R1_FREQUENT_SMALL,A3_STALE_EPOCH_REPLAY_AT_COMMIT,5,12,0,,3,10842,0,12,0,0,0,0,CONTACT_BUDGET_EXHAUSTED,6,
S8-2087,PROFILE_768_65,P3_CONTACT_AWARE_STAGED,R1_FREQUENT_SMALL,A3_STALE_EPOCH_REPLAY_AT_COMMIT,5,24,1,12,5,17460,2,9,0,0,0,0,TRUST_RESTORED,6,9
S8-2088,PROFILE_768_65,P3_CONTACT_AWARE_STAGED,R1_FREQUENT_SMALL,A3_STALE_EPOCH_REPLAY_AT_COMMIT,5,48,1,12,5,17460,2,9,0,0,0,0,TRUST_RESTORED,6,9
S8-2089,PROFILE_768_65,P3_CONTACT_AWARE_STAGED,R2_PERIODIC_MEDIUM,A0_NONE,0,12,1,11,3,17460,1,5,0,0,0,0,TRUST_RESTORED,5,5
S8-2090,PROFILE_768_65,P3_CONTACT_AWARE_STAGED,R2_PERIODIC_MEDIUM,A0_NONE,0,24,1,11,3,17460,1,5,0,0,0,0,TRUST_RESTORED,5,5
S8-2091,PROFILE_768_65,P3_CONTACT_AWARE_STAGED,R2_PERIODIC_MEDIUM,A0_NONE,0,48,1,11,3,17460,1,5,0,0,0,0,TRUST_RESTORED,5,5
S8-2092,PROFILE_768_65,P3_CONTACT_AWARE_STAGED,R2_PERIODIC_MEDIUM,A0_NONE,1,12,0,,2,10842,0,12,0,0,0,0,CONTACT_BUDGET_EXHAUSTED,10,
S8-2093,PROFILE_768_65,P3_CONTACT_AWARE_STAGED,R2_PERIODIC_MEDIUM,A0_NONE,1,24,1,16,3,17460,1,10,0,0,0,0,TRUST_RESTORED,10,10
S8-2094,PROFILE_768_65,P3_CONTACT_AWARE_STAGED,R2_PERIODIC_MEDIUM,A0_NONE,1,48,1,16,3,17460,1,10,0,0,0,0,TRUST_RESTORED,10,10
S8-2095,PROFILE_768_65,P3_CONTACT_AWARE_STAGED,R2_PERIODIC_MEDIUM,A0_NONE,2,12,0,,2,10842,0,12,0,0,0,0,CONTACT_BUDGET_EXHAUSTED,9,
S8-2096,PROFILE_768_65,P3_CONTACT_AWARE_STAGED,R2_PERIODIC_MEDIUM,A0_NONE,2,24,1,15,3,17460,1,9,0,0,0,0,TRUST_RESTORED,9,9
S8-2097,PROFILE_768_65,P3_CONTACT_AWARE_STAGED,R2_PERIODIC_MEDIUM,A0_NONE,2,48,1,15,3,17460,1,9,0,0,0,0,TRUST_RESTORED,9,9
S8-2098,PROFILE_768_65,P3_CONTACT_AWARE_STAGED,R2_PERIODIC_MEDIUM,A0_NONE,3,12,0,,2,10842,0,12,0,0,0,0,CONTACT_BUDGET_EXHAUSTED,8,
S8-2099,PROFILE_768_65,P3_CONTACT_AWARE_STAGED,R2_PERIODIC_MEDIUM,A0_NONE,3,24,1,14,3,17460,1,8,0,0,0,0,TRUST_RESTORED,8,8
S8-2100,PROFILE_768_65,P3_CONTACT_AWARE_STAGED,R2_PERIODIC_MEDIUM,A0_NONE,3,48,1,14,3,17460,1,8,0,0,0,0,TRUST_RESTORED,8,8
S8-2101,PROFILE_768_65,P3_CONTACT_AWARE_STAGED,R2_PERIODIC_MEDIUM,A0_NONE,4,12,0,,2,10842,0,12,0,0,0,0,CONTACT_BUDGET_EXHAUSTED,7,
S8-2102,PROFILE_768_65,P3_CONTACT_AWARE_STAGED,R2_PERIODIC_MEDIUM,A0_NONE,4,24,1,13,3,17460,1,7,0,0,0,0,TRUST_RESTORED,7,7
S8-2103,PROFILE_768_65,P3_CONTACT_AWARE_STAGED,R2_PERIODIC_MEDIUM,A0_NONE,4,48,1,13,3,17460,1,7,0,0,0,0,TRUST_RESTORED,7,7
S8-2104,PROFILE_768_65,P3_CONTACT_AWARE_STAGED,R2_PERIODIC_MEDIUM,A0_NONE,5,12,0,,2,10842,0,12,0,0,0,0,CONTACT_BUDGET_EXHAUSTED,6,
S8-2105,PROFILE_768_65,P3_CONTACT_AWARE_STAGED,R2_PERIODIC_MEDIUM,A0_NONE,5,24,1,12,3,17460,1,6,0,0,0,0,TRUST_RESTORED,6,6
S8-2106,PROFILE_768_65,P3_CONTACT_AWARE_STAGED,R2_PERIODIC_MEDIUM,A0_NONE,5,48,1,12,3,17460,1,6,0,0,0,0,TRUST_RESTORED,6,6
S8-2107,PROFILE_768_65,P3_CONTACT_AWARE_STAGED,R2_PERIODIC_MEDIUM,A1_DROP_FIRST_LARGEST_OBJECT_FRAGMENT,0,12,1,11,3,20769,1,11,0,0,0,0,TRUST_RESTORED,5,11
S8-2108,PROFILE_768_65,P3_CONTACT_AWARE_STAGED,R2_PERIODIC_MEDIUM,A1_DROP_FIRST_LARGEST_OBJECT_FRAGMENT,0,24,1,11,3,20769,1,11,0,0,0,0,TRUST_RESTORED,5,11
S8-2109,PROFILE_768_65,P3_CONTACT_AWARE_STAGED,R2_PERIODIC_MEDIUM,A1_DROP_FIRST_LARGEST_OBJECT_FRAGMENT,0,48,1,11,3,20769,1,11,0,0,0,0,TRUST_RESTORED,5,11
S8-2110,PROFILE_768_65,P3_CONTACT_AWARE_STAGED,R2_PERIODIC_MEDIUM,A1_DROP_FIRST_LARGEST_OBJECT_FRAGMENT,1,12,0,,2,14151,0,12,0,0,0,0,CONTACT_BUDGET_EXHAUSTED,10,
S8-2111,PROFILE_768_65,P3_CONTACT_AWARE_STAGED,R2_PERIODIC_MEDIUM,A1_DROP_FIRST_LARGEST_OBJECT_FRAGMENT,1,24,1,16,3,20769,1,16,0,0,0,0,TRUST_RESTORED,10,16
S8-2112,PROFILE_768_65,P3_CONTACT_AWARE_STAGED,R2_PERIODIC_MEDIUM,A1_DROP_FIRST_LARGEST_OBJECT_FRAGMENT,1,48,1,16,3,20769,1,16,0,0,0,0,TRUST_RESTORED,10,16
S8-2113,PROFILE_768_65,P3_CONTACT_AWARE_STAGED,R2_PERIODIC_MEDIUM,A1_DROP_FIRST_LARGEST_OBJECT_FRAGMENT,2,12,0,,2,14151,0,12,0,0,0,0,CONTACT_BUDGET_EXHAUSTED,9,
S8-2114,PROFILE_768_65,P3_CONTACT_AWARE_STAGED,R2_PERIODIC_MEDIUM,A1_DROP_FIRST_LARGEST_OBJECT_FRAGMENT,2,24,1,15,3,20769,1,15,0,0,0,0,TRUST_RESTORED,9,15
S8-2115,PROFILE_768_65,P3_CONTACT_AWARE_STAGED,R2_PERIODIC_MEDIUM,A1_DROP_FIRST_LARGEST_OBJECT_FRAGMENT,2,48,1,15,3,20769,1,15,0,0,0,0,TRUST_RESTORED,9,15
S8-2116,PROFILE_768_65,P3_CONTACT_AWARE_STAGED,R2_PERIODIC_MEDIUM,A1_DROP_FIRST_LARGEST_OBJECT_FRAGMENT,3,12,0,,2,14151,0,12,0,0,0,0,CONTACT_BUDGET_EXHAUSTED,8,
S8-2117,PROFILE_768_65,P3_CONTACT_AWARE_STAGED,R2_PERIODIC_MEDIUM,A1_DROP_FIRST_LARGEST_OBJECT_FRAGMENT,3,24,1,14,3,20769,1,14,0,0,0,0,TRUST_RESTORED,8,14
S8-2118,PROFILE_768_65,P3_CONTACT_AWARE_STAGED,R2_PERIODIC_MEDIUM,A1_DROP_FIRST_LARGEST_OBJECT_FRAGMENT,3,48,1,14,3,20769,1,14,0,0,0,0,TRUST_RESTORED,8,14
S8-2119,PROFILE_768_65,P3_CONTACT_AWARE_STAGED,R2_PERIODIC_MEDIUM,A1_DROP_FIRST_LARGEST_OBJECT_FRAGMENT,4,12,0,,2,14151,0,12,0,0,0,0,CONTACT_BUDGET_EXHAUSTED,7,
S8-2120,PROFILE_768_65,P3_CONTACT_AWARE_STAGED,R2_PERIODIC_MEDIUM,A1_DROP_FIRST_LARGEST_OBJECT_FRAGMENT,4,24,1,13,3,20769,1,13,0,0,0,0,TRUST_RESTORED,7,13
S8-2121,PROFILE_768_65,P3_CONTACT_AWARE_STAGED,R2_PERIODIC_MEDIUM,A1_DROP_FIRST_LARGEST_OBJECT_FRAGMENT,4,48,1,13,3,20769,1,13,0,0,0,0,TRUST_RESTORED,7,13
S8-2122,PROFILE_768_65,P3_CONTACT_AWARE_STAGED,R2_PERIODIC_MEDIUM,A1_DROP_FIRST_LARGEST_OBJECT_FRAGMENT,5,12,0,,2,14151,0,12,0,0,0,0,CONTACT_BUDGET_EXHAUSTED,6,
S8-2123,PROFILE_768_65,P3_CONTACT_AWARE_STAGED,R2_PERIODIC_MEDIUM,A1_DROP_FIRST_LARGEST_OBJECT_FRAGMENT,5,24,1,12,3,20769,1,12,0,0,0,0,TRUST_RESTORED,6,12
S8-2124,PROFILE_768_65,P3_CONTACT_AWARE_STAGED,R2_PERIODIC_MEDIUM,A1_DROP_FIRST_LARGEST_OBJECT_FRAGMENT,5,48,1,12,3,20769,1,12,0,0,0,0,TRUST_RESTORED,6,12
S8-2125,PROFILE_768_65,P3_CONTACT_AWARE_STAGED,R2_PERIODIC_MEDIUM,A2_DELAY_FIRST_TRANSITION_PROOF_ONE_CONTACT,0,12,1,11,3,17460,1,5,0,0,0,0,TRUST_RESTORED,5,5
S8-2126,PROFILE_768_65,P3_CONTACT_AWARE_STAGED,R2_PERIODIC_MEDIUM,A2_DELAY_FIRST_TRANSITION_PROOF_ONE_CONTACT,0,24,1,11,3,17460,1,5,0,0,0,0,TRUST_RESTORED,5,5
S8-2127,PROFILE_768_65,P3_CONTACT_AWARE_STAGED,R2_PERIODIC_MEDIUM,A2_DELAY_FIRST_TRANSITION_PROOF_ONE_CONTACT,0,48,1,11,3,17460,1,5,0,0,0,0,TRUST_RESTORED,5,5
S8-2128,PROFILE_768_65,P3_CONTACT_AWARE_STAGED,R2_PERIODIC_MEDIUM,A2_DELAY_FIRST_TRANSITION_PROOF_ONE_CONTACT,1,12,0,,2,10842,0,12,0,0,0,0,CONTACT_BUDGET_EXHAUSTED,10,
S8-2129,PROFILE_768_65,P3_CONTACT_AWARE_STAGED,R2_PERIODIC_MEDIUM,A2_DELAY_FIRST_TRANSITION_PROOF_ONE_CONTACT,1,24,1,16,3,17460,1,10,0,0,0,0,TRUST_RESTORED,10,10
S8-2130,PROFILE_768_65,P3_CONTACT_AWARE_STAGED,R2_PERIODIC_MEDIUM,A2_DELAY_FIRST_TRANSITION_PROOF_ONE_CONTACT,1,48,1,16,3,17460,1,10,0,0,0,0,TRUST_RESTORED,10,10
S8-2131,PROFILE_768_65,P3_CONTACT_AWARE_STAGED,R2_PERIODIC_MEDIUM,A2_DELAY_FIRST_TRANSITION_PROOF_ONE_CONTACT,2,12,0,,2,10842,0,12,0,0,0,0,CONTACT_BUDGET_EXHAUSTED,9,
S8-2132,PROFILE_768_65,P3_CONTACT_AWARE_STAGED,R2_PERIODIC_MEDIUM,A2_DELAY_FIRST_TRANSITION_PROOF_ONE_CONTACT,2,24,1,15,3,17460,1,9,0,0,0,0,TRUST_RESTORED,9,9
S8-2133,PROFILE_768_65,P3_CONTACT_AWARE_STAGED,R2_PERIODIC_MEDIUM,A2_DELAY_FIRST_TRANSITION_PROOF_ONE_CONTACT,2,48,1,15,3,17460,1,9,0,0,0,0,TRUST_RESTORED,9,9
S8-2134,PROFILE_768_65,P3_CONTACT_AWARE_STAGED,R2_PERIODIC_MEDIUM,A2_DELAY_FIRST_TRANSITION_PROOF_ONE_CONTACT,3,12,0,,2,10842,0,12,0,0,0,0,CONTACT_BUDGET_EXHAUSTED,8,
S8-2135,PROFILE_768_65,P3_CONTACT_AWARE_STAGED,R2_PERIODIC_MEDIUM,A2_DELAY_FIRST_TRANSITION_PROOF_ONE_CONTACT,3,24,1,14,3,17460,1,8,0,0,0,0,TRUST_RESTORED,8,8
S8-2136,PROFILE_768_65,P3_CONTACT_AWARE_STAGED,R2_PERIODIC_MEDIUM,A2_DELAY_FIRST_TRANSITION_PROOF_ONE_CONTACT,3,48,1,14,3,17460,1,8,0,0,0,0,TRUST_RESTORED,8,8
S8-2137,PROFILE_768_65,P3_CONTACT_AWARE_STAGED,R2_PERIODIC_MEDIUM,A2_DELAY_FIRST_TRANSITION_PROOF_ONE_CONTACT,4,12,0,,2,10842,0,12,0,0,0,0,CONTACT_BUDGET_EXHAUSTED,7,
S8-2138,PROFILE_768_65,P3_CONTACT_AWARE_STAGED,R2_PERIODIC_MEDIUM,A2_DELAY_FIRST_TRANSITION_PROOF_ONE_CONTACT,4,24,1,13,3,17460,1,7,0,0,0,0,TRUST_RESTORED,7,7
S8-2139,PROFILE_768_65,P3_CONTACT_AWARE_STAGED,R2_PERIODIC_MEDIUM,A2_DELAY_FIRST_TRANSITION_PROOF_ONE_CONTACT,4,48,1,13,3,17460,1,7,0,0,0,0,TRUST_RESTORED,7,7
S8-2140,PROFILE_768_65,P3_CONTACT_AWARE_STAGED,R2_PERIODIC_MEDIUM,A2_DELAY_FIRST_TRANSITION_PROOF_ONE_CONTACT,5,12,0,,2,10842,0,12,0,0,0,0,CONTACT_BUDGET_EXHAUSTED,6,
S8-2141,PROFILE_768_65,P3_CONTACT_AWARE_STAGED,R2_PERIODIC_MEDIUM,A2_DELAY_FIRST_TRANSITION_PROOF_ONE_CONTACT,5,24,1,12,3,17460,1,6,0,0,0,0,TRUST_RESTORED,6,6
S8-2142,PROFILE_768_65,P3_CONTACT_AWARE_STAGED,R2_PERIODIC_MEDIUM,A2_DELAY_FIRST_TRANSITION_PROOF_ONE_CONTACT,5,48,1,12,3,17460,1,6,0,0,0,0,TRUST_RESTORED,6,6
S8-2143,PROFILE_768_65,P3_CONTACT_AWARE_STAGED,R2_PERIODIC_MEDIUM,A3_STALE_EPOCH_REPLAY_AT_COMMIT,0,12,1,11,3,17460,2,11,0,0,0,0,TRUST_RESTORED,5,11
S8-2144,PROFILE_768_65,P3_CONTACT_AWARE_STAGED,R2_PERIODIC_MEDIUM,A3_STALE_EPOCH_REPLAY_AT_COMMIT,0,24,1,11,3,17460,2,11,0,0,0,0,TRUST_RESTORED,5,11
S8-2145,PROFILE_768_65,P3_CONTACT_AWARE_STAGED,R2_PERIODIC_MEDIUM,A3_STALE_EPOCH_REPLAY_AT_COMMIT,0,48,1,11,3,17460,2,11,0,0,0,0,TRUST_RESTORED,5,11
S8-2146,PROFILE_768_65,P3_CONTACT_AWARE_STAGED,R2_PERIODIC_MEDIUM,A3_STALE_EPOCH_REPLAY_AT_COMMIT,1,12,0,,2,10842,0,12,0,0,0,0,CONTACT_BUDGET_EXHAUSTED,10,
S8-2147,PROFILE_768_65,P3_CONTACT_AWARE_STAGED,R2_PERIODIC_MEDIUM,A3_STALE_EPOCH_REPLAY_AT_COMMIT,1,24,1,16,3,17460,2,16,0,0,0,0,TRUST_RESTORED,10,16
S8-2148,PROFILE_768_65,P3_CONTACT_AWARE_STAGED,R2_PERIODIC_MEDIUM,A3_STALE_EPOCH_REPLAY_AT_COMMIT,1,48,1,16,3,17460,2,16,0,0,0,0,TRUST_RESTORED,10,16
S8-2149,PROFILE_768_65,P3_CONTACT_AWARE_STAGED,R2_PERIODIC_MEDIUM,A3_STALE_EPOCH_REPLAY_AT_COMMIT,2,12,0,,2,10842,0,12,0,0,0,0,CONTACT_BUDGET_EXHAUSTED,9,
S8-2150,PROFILE_768_65,P3_CONTACT_AWARE_STAGED,R2_PERIODIC_MEDIUM,A3_STALE_EPOCH_REPLAY_AT_COMMIT,2,24,1,15,3,17460,2,15,0,0,0,0,TRUST_RESTORED,9,15
S8-2151,PROFILE_768_65,P3_CONTACT_AWARE_STAGED,R2_PERIODIC_MEDIUM,A3_STALE_EPOCH_REPLAY_AT_COMMIT,2,48,1,15,3,17460,2,15,0,0,0,0,TRUST_RESTORED,9,15
S8-2152,PROFILE_768_65,P3_CONTACT_AWARE_STAGED,R2_PERIODIC_MEDIUM,A3_STALE_EPOCH_REPLAY_AT_COMMIT,3,12,0,,2,10842,0,12,0,0,0,0,CONTACT_BUDGET_EXHAUSTED,8,
S8-2153,PROFILE_768_65,P3_CONTACT_AWARE_STAGED,R2_PERIODIC_MEDIUM,A3_STALE_EPOCH_REPLAY_AT_COMMIT,3,24,1,14,3,17460,2,14,0,0,0,0,TRUST_RESTORED,8,14
S8-2154,PROFILE_768_65,P3_CONTACT_AWARE_STAGED,R2_PERIODIC_MEDIUM,A3_STALE_EPOCH_REPLAY_AT_COMMIT,3,48,1,14,3,17460,2,14,0,0,0,0,TRUST_RESTORED,8,14
S8-2155,PROFILE_768_65,P3_CONTACT_AWARE_STAGED,R2_PERIODIC_MEDIUM,A3_STALE_EPOCH_REPLAY_AT_COMMIT,4,12,0,,2,10842,0,12,0,0,0,0,CONTACT_BUDGET_EXHAUSTED,7,
S8-2156,PROFILE_768_65,P3_CONTACT_AWARE_STAGED,R2_PERIODIC_MEDIUM,A3_STALE_EPOCH_REPLAY_AT_COMMIT,4,24,1,13,3,17460,2,13,0,0,0,0,TRUST_RESTORED,7,13
S8-2157,PROFILE_768_65,P3_CONTACT_AWARE_STAGED,R2_PERIODIC_MEDIUM,A3_STALE_EPOCH_REPLAY_AT_COMMIT,4,48,1,13,3,17460,2,13,0,0,0,0,TRUST_RESTORED,7,13
S8-2158,PROFILE_768_65,P3_CONTACT_AWARE_STAGED,R2_PERIODIC_MEDIUM,A3_STALE_EPOCH_REPLAY_AT_COMMIT,5,12,0,,2,10842,0,12,0,0,0,0,CONTACT_BUDGET_EXHAUSTED,6,
S8-2159,PROFILE_768_65,P3_CONTACT_AWARE_STAGED,R2_PERIODIC_MEDIUM,A3_STALE_EPOCH_REPLAY_AT_COMMIT,5,24,1,12,3,17460,2,12,0,0,0,0,TRUST_RESTORED,6,12
S8-2160,PROFILE_768_65,P3_CONTACT_AWARE_STAGED,R2_PERIODIC_MEDIUM,A3_STALE_EPOCH_REPLAY_AT_COMMIT,5,48,1,12,3,17460,2,12,0,0,0,0,TRUST_RESTORED,6,12
S8-2161,PROFILE_768_65,P3_CONTACT_AWARE_STAGED,R3_SPARSE_LARGE,A0_NONE,0,12,1,11,2,17460,1,0,0,0,0,0,TRUST_RESTORED,0,0
S8-2162,PROFILE_768_65,P3_CONTACT_AWARE_STAGED,R3_SPARSE_LARGE,A0_NONE,0,24,1,11,2,17460,1,0,0,0,0,0,TRUST_RESTORED,0,0
S8-2163,PROFILE_768_65,P3_CONTACT_AWARE_STAGED,R3_SPARSE_LARGE,A0_NONE,0,48,1,11,2,17460,1,0,0,0,0,0,TRUST_RESTORED,0,0
S8-2164,PROFILE_768_65,P3_CONTACT_AWARE_STAGED,R3_SPARSE_LARGE,A0_NONE,1,12,0,,1,10842,0,12,0,0,0,0,CONTACT_BUDGET_EXHAUSTED,10,
S8-2165,PROFILE_768_65,P3_CONTACT_AWARE_STAGED,R3_SPARSE_LARGE,A0_NONE,1,24,1,22,2,17460,1,10,0,0,0,0,TRUST_RESTORED,10,10
S8-2166,PROFILE_768_65,P3_CONTACT_AWARE_STAGED,R3_SPARSE_LARGE,A0_NONE,1,48,1,22,2,17460,1,10,0,0,0,0,TRUST_RESTORED,10,10
S8-2167,PROFILE_768_65,P3_CONTACT_AWARE_STAGED,R3_SPARSE_LARGE,A0_NONE,2,12,0,,1,10842,0,12,0,0,0,0,CONTACT_BUDGET_EXHAUSTED,9,
S8-2168,PROFILE_768_65,P3_CONTACT_AWARE_STAGED,R3_SPARSE_LARGE,A0_NONE,2,24,1,21,2,17460,1,9,0,0,0,0,TRUST_RESTORED,9,9
S8-2169,PROFILE_768_65,P3_CONTACT_AWARE_STAGED,R3_SPARSE_LARGE,A0_NONE,2,48,1,21,2,17460,1,9,0,0,0,0,TRUST_RESTORED,9,9
S8-2170,PROFILE_768_65,P3_CONTACT_AWARE_STAGED,R3_SPARSE_LARGE,A0_NONE,3,12,0,,1,10842,0,12,0,0,0,0,CONTACT_BUDGET_EXHAUSTED,8,
S8-2171,PROFILE_768_65,P3_CONTACT_AWARE_STAGED,R3_SPARSE_LARGE,A0_NONE,3,24,1,20,2,17460,1,8,0,0,0,0,TRUST_RESTORED,8,8
S8-2172,PROFILE_768_65,P3_CONTACT_AWARE_STAGED,R3_SPARSE_LARGE,A0_NONE,3,48,1,20,2,17460,1,8,0,0,0,0,TRUST_RESTORED,8,8
S8-2173,PROFILE_768_65,P3_CONTACT_AWARE_STAGED,R3_SPARSE_LARGE,A0_NONE,4,12,0,,1,10842,0,12,0,0,0,0,CONTACT_BUDGET_EXHAUSTED,7,
S8-2174,PROFILE_768_65,P3_CONTACT_AWARE_STAGED,R3_SPARSE_LARGE,A0_NONE,4,24,1,19,2,17460,1,7,0,0,0,0,TRUST_RESTORED,7,7
S8-2175,PROFILE_768_65,P3_CONTACT_AWARE_STAGED,R3_SPARSE_LARGE,A0_NONE,4,48,1,19,2,17460,1,7,0,0,0,0,TRUST_RESTORED,7,7
S8-2176,PROFILE_768_65,P3_CONTACT_AWARE_STAGED,R3_SPARSE_LARGE,A0_NONE,5,12,0,,1,10842,0,12,0,0,0,0,CONTACT_BUDGET_EXHAUSTED,6,
S8-2177,PROFILE_768_65,P3_CONTACT_AWARE_STAGED,R3_SPARSE_LARGE,A0_NONE,5,24,1,18,2,17460,1,6,0,0,0,0,TRUST_RESTORED,6,6
S8-2178,PROFILE_768_65,P3_CONTACT_AWARE_STAGED,R3_SPARSE_LARGE,A0_NONE,5,48,1,18,2,17460,1,6,0,0,0,0,TRUST_RESTORED,6,6
S8-2179,PROFILE_768_65,P3_CONTACT_AWARE_STAGED,R3_SPARSE_LARGE,A1_DROP_FIRST_LARGEST_OBJECT_FRAGMENT,0,12,1,11,2,20769,1,11,0,0,0,0,TRUST_RESTORED,0,11
S8-2180,PROFILE_768_65,P3_CONTACT_AWARE_STAGED,R3_SPARSE_LARGE,A1_DROP_FIRST_LARGEST_OBJECT_FRAGMENT,0,24,1,11,2,20769,1,11,0,0,0,0,TRUST_RESTORED,0,11
S8-2181,PROFILE_768_65,P3_CONTACT_AWARE_STAGED,R3_SPARSE_LARGE,A1_DROP_FIRST_LARGEST_OBJECT_FRAGMENT,0,48,1,11,2,20769,1,11,0,0,0,0,TRUST_RESTORED,0,11
S8-2182,PROFILE_768_65,P3_CONTACT_AWARE_STAGED,R3_SPARSE_LARGE,A1_DROP_FIRST_LARGEST_OBJECT_FRAGMENT,1,12,0,,1,14151,0,12,0,0,0,0,CONTACT_BUDGET_EXHAUSTED,10,
S8-2183,PROFILE_768_65,P3_CONTACT_AWARE_STAGED,R3_SPARSE_LARGE,A1_DROP_FIRST_LARGEST_OBJECT_FRAGMENT,1,24,1,22,2,20769,1,22,0,0,0,0,TRUST_RESTORED,10,22
S8-2184,PROFILE_768_65,P3_CONTACT_AWARE_STAGED,R3_SPARSE_LARGE,A1_DROP_FIRST_LARGEST_OBJECT_FRAGMENT,1,48,1,22,2,20769,1,22,0,0,0,0,TRUST_RESTORED,10,22
S8-2185,PROFILE_768_65,P3_CONTACT_AWARE_STAGED,R3_SPARSE_LARGE,A1_DROP_FIRST_LARGEST_OBJECT_FRAGMENT,2,12,0,,1,14151,0,12,0,0,0,0,CONTACT_BUDGET_EXHAUSTED,9,
S8-2186,PROFILE_768_65,P3_CONTACT_AWARE_STAGED,R3_SPARSE_LARGE,A1_DROP_FIRST_LARGEST_OBJECT_FRAGMENT,2,24,1,21,2,20769,1,21,0,0,0,0,TRUST_RESTORED,9,21
S8-2187,PROFILE_768_65,P3_CONTACT_AWARE_STAGED,R3_SPARSE_LARGE,A1_DROP_FIRST_LARGEST_OBJECT_FRAGMENT,2,48,1,21,2,20769,1,21,0,0,0,0,TRUST_RESTORED,9,21
S8-2188,PROFILE_768_65,P3_CONTACT_AWARE_STAGED,R3_SPARSE_LARGE,A1_DROP_FIRST_LARGEST_OBJECT_FRAGMENT,3,12,0,,1,14151,0,12,0,0,0,0,CONTACT_BUDGET_EXHAUSTED,8,
S8-2189,PROFILE_768_65,P3_CONTACT_AWARE_STAGED,R3_SPARSE_LARGE,A1_DROP_FIRST_LARGEST_OBJECT_FRAGMENT,3,24,1,20,2,20769,1,20,0,0,0,0,TRUST_RESTORED,8,20
S8-2190,PROFILE_768_65,P3_CONTACT_AWARE_STAGED,R3_SPARSE_LARGE,A1_DROP_FIRST_LARGEST_OBJECT_FRAGMENT,3,48,1,20,2,20769,1,20,0,0,0,0,TRUST_RESTORED,8,20
S8-2191,PROFILE_768_65,P3_CONTACT_AWARE_STAGED,R3_SPARSE_LARGE,A1_DROP_FIRST_LARGEST_OBJECT_FRAGMENT,4,12,0,,1,14151,0,12,0,0,0,0,CONTACT_BUDGET_EXHAUSTED,7,
S8-2192,PROFILE_768_65,P3_CONTACT_AWARE_STAGED,R3_SPARSE_LARGE,A1_DROP_FIRST_LARGEST_OBJECT_FRAGMENT,4,24,1,19,2,20769,1,19,0,0,0,0,TRUST_RESTORED,7,19
S8-2193,PROFILE_768_65,P3_CONTACT_AWARE_STAGED,R3_SPARSE_LARGE,A1_DROP_FIRST_LARGEST_OBJECT_FRAGMENT,4,48,1,19,2,20769,1,19,0,0,0,0,TRUST_RESTORED,7,19
S8-2194,PROFILE_768_65,P3_CONTACT_AWARE_STAGED,R3_SPARSE_LARGE,A1_DROP_FIRST_LARGEST_OBJECT_FRAGMENT,5,12,0,,1,14151,0,12,0,0,0,0,CONTACT_BUDGET_EXHAUSTED,6,
S8-2195,PROFILE_768_65,P3_CONTACT_AWARE_STAGED,R3_SPARSE_LARGE,A1_DROP_FIRST_LARGEST_OBJECT_FRAGMENT,5,24,1,18,2,20769,1,18,0,0,0,0,TRUST_RESTORED,6,18
S8-2196,PROFILE_768_65,P3_CONTACT_AWARE_STAGED,R3_SPARSE_LARGE,A1_DROP_FIRST_LARGEST_OBJECT_FRAGMENT,5,48,1,18,2,20769,1,18,0,0,0,0,TRUST_RESTORED,6,18
S8-2197,PROFILE_768_65,P3_CONTACT_AWARE_STAGED,R3_SPARSE_LARGE,A2_DELAY_FIRST_TRANSITION_PROOF_ONE_CONTACT,0,12,1,11,2,17460,1,11,0,0,0,0,TRUST_RESTORED,11,11
S8-2198,PROFILE_768_65,P3_CONTACT_AWARE_STAGED,R3_SPARSE_LARGE,A2_DELAY_FIRST_TRANSITION_PROOF_ONE_CONTACT,0,24,1,11,2,17460,1,11,0,0,0,0,TRUST_RESTORED,11,11
S8-2199,PROFILE_768_65,P3_CONTACT_AWARE_STAGED,R3_SPARSE_LARGE,A2_DELAY_FIRST_TRANSITION_PROOF_ONE_CONTACT,0,48,1,11,2,17460,1,11,0,0,0,0,TRUST_RESTORED,11,11
S8-2200,PROFILE_768_65,P3_CONTACT_AWARE_STAGED,R3_SPARSE_LARGE,A2_DELAY_FIRST_TRANSITION_PROOF_ONE_CONTACT,1,12,0,,1,7533,0,12,0,0,0,0,INSUFFICIENT_MATERIAL_TRANSFER,,
S8-2201,PROFILE_768_65,P3_CONTACT_AWARE_STAGED,R3_SPARSE_LARGE,A2_DELAY_FIRST_TRANSITION_PROOF_ONE_CONTACT,1,24,1,22,2,17460,1,22,0,0,0,0,TRUST_RESTORED,22,22
S8-2202,PROFILE_768_65,P3_CONTACT_AWARE_STAGED,R3_SPARSE_LARGE,A2_DELAY_FIRST_TRANSITION_PROOF_ONE_CONTACT,1,48,1,22,2,17460,1,22,0,0,0,0,TRUST_RESTORED,22,22
S8-2203,PROFILE_768_65,P3_CONTACT_AWARE_STAGED,R3_SPARSE_LARGE,A2_DELAY_FIRST_TRANSITION_PROOF_ONE_CONTACT,2,12,0,,1,7533,0,12,0,0,0,0,INSUFFICIENT_MATERIAL_TRANSFER,,
S8-2204,PROFILE_768_65,P3_CONTACT_AWARE_STAGED,R3_SPARSE_LARGE,A2_DELAY_FIRST_TRANSITION_PROOF_ONE_CONTACT,2,24,1,21,2,17460,1,21,0,0,0,0,TRUST_RESTORED,21,21
S8-2205,PROFILE_768_65,P3_CONTACT_AWARE_STAGED,R3_SPARSE_LARGE,A2_DELAY_FIRST_TRANSITION_PROOF_ONE_CONTACT,2,48,1,21,2,17460,1,21,0,0,0,0,TRUST_RESTORED,21,21
S8-2206,PROFILE_768_65,P3_CONTACT_AWARE_STAGED,R3_SPARSE_LARGE,A2_DELAY_FIRST_TRANSITION_PROOF_ONE_CONTACT,3,12,0,,1,7533,0,12,0,0,0,0,INSUFFICIENT_MATERIAL_TRANSFER,,
S8-2207,PROFILE_768_65,P3_CONTACT_AWARE_STAGED,R3_SPARSE_LARGE,A2_DELAY_FIRST_TRANSITION_PROOF_ONE_CONTACT,3,24,1,20,2,17460,1,20,0,0,0,0,TRUST_RESTORED,20,20
S8-2208,PROFILE_768_65,P3_CONTACT_AWARE_STAGED,R3_SPARSE_LARGE,A2_DELAY_FIRST_TRANSITION_PROOF_ONE_CONTACT,3,48,1,20,2,17460,1,20,0,0,0,0,TRUST_RESTORED,20,20
S8-2209,PROFILE_768_65,P3_CONTACT_AWARE_STAGED,R3_SPARSE_LARGE,A2_DELAY_FIRST_TRANSITION_PROOF_ONE_CONTACT,4,12,0,,1,7533,0,12,0,0,0,0,INSUFFICIENT_MATERIAL_TRANSFER,,
S8-2210,PROFILE_768_65,P3_CONTACT_AWARE_STAGED,R3_SPARSE_LARGE,A2_DELAY_FIRST_TRANSITION_PROOF_ONE_CONTACT,4,24,1,19,2,17460,1,19,0,0,0,0,TRUST_RESTORED,19,19
S8-2211,PROFILE_768_65,P3_CONTACT_AWARE_STAGED,R3_SPARSE_LARGE,A2_DELAY_FIRST_TRANSITION_PROOF_ONE_CONTACT,4,48,1,19,2,17460,1,19,0,0,0,0,TRUST_RESTORED,19,19
S8-2212,PROFILE_768_65,P3_CONTACT_AWARE_STAGED,R3_SPARSE_LARGE,A2_DELAY_FIRST_TRANSITION_PROOF_ONE_CONTACT,5,12,0,,1,7533,0,12,0,0,0,0,INSUFFICIENT_MATERIAL_TRANSFER,,
S8-2213,PROFILE_768_65,P3_CONTACT_AWARE_STAGED,R3_SPARSE_LARGE,A2_DELAY_FIRST_TRANSITION_PROOF_ONE_CONTACT,5,24,1,18,2,17460,1,18,0,0,0,0,TRUST_RESTORED,18,18
S8-2214,PROFILE_768_65,P3_CONTACT_AWARE_STAGED,R3_SPARSE_LARGE,A2_DELAY_FIRST_TRANSITION_PROOF_ONE_CONTACT,5,48,1,18,2,17460,1,18,0,0,0,0,TRUST_RESTORED,18,18
S8-2215,PROFILE_768_65,P3_CONTACT_AWARE_STAGED,R3_SPARSE_LARGE,A3_STALE_EPOCH_REPLAY_AT_COMMIT,0,12,1,11,2,17460,2,11,0,0,0,0,TRUST_RESTORED,0,11
S8-2216,PROFILE_768_65,P3_CONTACT_AWARE_STAGED,R3_SPARSE_LARGE,A3_STALE_EPOCH_REPLAY_AT_COMMIT,0,24,1,11,2,17460,2,11,0,0,0,0,TRUST_RESTORED,0,11
S8-2217,PROFILE_768_65,P3_CONTACT_AWARE_STAGED,R3_SPARSE_LARGE,A3_STALE_EPOCH_REPLAY_AT_COMMIT,0,48,1,11,2,17460,2,11,0,0,0,0,TRUST_RESTORED,0,11
S8-2218,PROFILE_768_65,P3_CONTACT_AWARE_STAGED,R3_SPARSE_LARGE,A3_STALE_EPOCH_REPLAY_AT_COMMIT,1,12,0,,1,10842,0,12,0,0,0,0,CONTACT_BUDGET_EXHAUSTED,10,
S8-2219,PROFILE_768_65,P3_CONTACT_AWARE_STAGED,R3_SPARSE_LARGE,A3_STALE_EPOCH_REPLAY_AT_COMMIT,1,24,1,22,2,17460,2,22,0,0,0,0,TRUST_RESTORED,10,22
S8-2220,PROFILE_768_65,P3_CONTACT_AWARE_STAGED,R3_SPARSE_LARGE,A3_STALE_EPOCH_REPLAY_AT_COMMIT,1,48,1,22,2,17460,2,22,0,0,0,0,TRUST_RESTORED,10,22
S8-2221,PROFILE_768_65,P3_CONTACT_AWARE_STAGED,R3_SPARSE_LARGE,A3_STALE_EPOCH_REPLAY_AT_COMMIT,2,12,0,,1,10842,0,12,0,0,0,0,CONTACT_BUDGET_EXHAUSTED,9,
S8-2222,PROFILE_768_65,P3_CONTACT_AWARE_STAGED,R3_SPARSE_LARGE,A3_STALE_EPOCH_REPLAY_AT_COMMIT,2,24,1,21,2,17460,2,21,0,0,0,0,TRUST_RESTORED,9,21
S8-2223,PROFILE_768_65,P3_CONTACT_AWARE_STAGED,R3_SPARSE_LARGE,A3_STALE_EPOCH_REPLAY_AT_COMMIT,2,48,1,21,2,17460,2,21,0,0,0,0,TRUST_RESTORED,9,21
S8-2224,PROFILE_768_65,P3_CONTACT_AWARE_STAGED,R3_SPARSE_LARGE,A3_STALE_EPOCH_REPLAY_AT_COMMIT,3,12,0,,1,10842,0,12,0,0,0,0,CONTACT_BUDGET_EXHAUSTED,8,
S8-2225,PROFILE_768_65,P3_CONTACT_AWARE_STAGED,R3_SPARSE_LARGE,A3_STALE_EPOCH_REPLAY_AT_COMMIT,3,24,1,20,2,17460,2,20,0,0,0,0,TRUST_RESTORED,8,20
S8-2226,PROFILE_768_65,P3_CONTACT_AWARE_STAGED,R3_SPARSE_LARGE,A3_STALE_EPOCH_REPLAY_AT_COMMIT,3,48,1,20,2,17460,2,20,0,0,0,0,TRUST_RESTORED,8,20
S8-2227,PROFILE_768_65,P3_CONTACT_AWARE_STAGED,R3_SPARSE_LARGE,A3_STALE_EPOCH_REPLAY_AT_COMMIT,4,12,0,,1,10842,0,12,0,0,0,0,CONTACT_BUDGET_EXHAUSTED,7,
S8-2228,PROFILE_768_65,P3_CONTACT_AWARE_STAGED,R3_SPARSE_LARGE,A3_STALE_EPOCH_REPLAY_AT_COMMIT,4,24,1,19,2,17460,2,19,0,0,0,0,TRUST_RESTORED,7,19
S8-2229,PROFILE_768_65,P3_CONTACT_AWARE_STAGED,R3_SPARSE_LARGE,A3_STALE_EPOCH_REPLAY_AT_COMMIT,4,48,1,19,2,17460,2,19,0,0,0,0,TRUST_RESTORED,7,19
S8-2230,PROFILE_768_65,P3_CONTACT_AWARE_STAGED,R3_SPARSE_LARGE,A3_STALE_EPOCH_REPLAY_AT_COMMIT,5,12,0,,1,10842,0,12,0,0,0,0,CONTACT_BUDGET_EXHAUSTED,6,
S8-2231,PROFILE_768_65,P3_CONTACT_AWARE_STAGED,R3_SPARSE_LARGE,A3_STALE_EPOCH_REPLAY_AT_COMMIT,5,24,1,18,2,17460,2,18,0,0,0,0,TRUST_RESTORED,6,18
S8-2232,PROFILE_768_65,P3_CONTACT_AWARE_STAGED,R3_SPARSE_LARGE,A3_STALE_EPOCH_REPLAY_AT_COMMIT,5,48,1,18,2,17460,2,18,0,0,0,0,TRUST_RESTORED,6,18
S8-2233,PROFILE_768_65,P3_CONTACT_AWARE_STAGED,R4_CLUSTERED_MEDIUM,A0_NONE,0,12,0,,2,10842,0,12,0,0,0,0,CONTACT_BUDGET_EXHAUSTED,1,
S8-2234,PROFILE_768_65,P3_CONTACT_AWARE_STAGED,R4_CLUSTERED_MEDIUM,A0_NONE,0,24,1,13,3,17460,1,1,0,0,0,0,TRUST_RESTORED,1,1
S8-2235,PROFILE_768_65,P3_CONTACT_AWARE_STAGED,R4_CLUSTERED_MEDIUM,A0_NONE,0,48,1,13,3,17460,1,1,0,0,0,0,TRUST_RESTORED,1,1
S8-2236,PROFILE_768_65,P3_CONTACT_AWARE_STAGED,R4_CLUSTERED_MEDIUM,A0_NONE,1,12,0,,1,8192,0,12,0,0,0,0,INSUFFICIENT_MATERIAL_TRANSFER,,
S8-2237,PROFILE_768_65,P3_CONTACT_AWARE_STAGED,R4_CLUSTERED_MEDIUM,A0_NONE,1,24,1,13,3,17460,1,12,0,0,0,0,TRUST_RESTORED,12,12
S8-2238,PROFILE_768_65,P3_CONTACT_AWARE_STAGED,R4_CLUSTERED_MEDIUM,A0_NONE,1,48,1,13,3,17460,1,12,0,0,0,0,TRUST_RESTORED,12,12
S8-2239,PROFILE_768_65,P3_CONTACT_AWARE_STAGED,R4_CLUSTERED_MEDIUM,A0_NONE,2,12,0,,1,8192,0,12,0,0,0,0,INSUFFICIENT_MATERIAL_TRANSFER,,
S8-2240,PROFILE_768_65,P3_CONTACT_AWARE_STAGED,R4_CLUSTERED_MEDIUM,A0_NONE,2,24,0,,2,10842,0,24,0,0,0,0,CONTACT_BUDGET_EXHAUSTED,12,
S8-2241,PROFILE_768_65,P3_CONTACT_AWARE_STAGED,R4_CLUSTERED_MEDIUM,A0_NONE,2,48,1,27,3,17460,1,12,0,0,0,0,TRUST_RESTORED,12,12
S8-2242,PROFILE_768_65,P3_CONTACT_AWARE_STAGED,R4_CLUSTERED_MEDIUM,A0_NONE,3,12,0,,2,10842,0,12,0,0,0,0,CONTACT_BUDGET_EXHAUSTED,11,
S8-2243,PROFILE_768_65,P3_CONTACT_AWARE_STAGED,R4_CLUSTERED_MEDIUM,A0_NONE,3,24,0,,2,10842,0,24,0,0,0,0,CONTACT_BUDGET_EXHAUSTED,11,
S8-2244,PROFILE_768_65,P3_CONTACT_AWARE_STAGED,R4_CLUSTERED_MEDIUM,A0_NONE,3,48,1,26,3,17460,1,11,0,0,0,0,TRUST_RESTORED,11,11
S8-2245,PROFILE_768_65,P3_CONTACT_AWARE_STAGED,R4_CLUSTERED_MEDIUM,A0_NONE,4,12,0,,2,10842,0,12,0,0,0,0,CONTACT_BUDGET_EXHAUSTED,10,
S8-2246,PROFILE_768_65,P3_CONTACT_AWARE_STAGED,R4_CLUSTERED_MEDIUM,A0_NONE,4,24,0,,2,10842,0,24,0,0,0,0,CONTACT_BUDGET_EXHAUSTED,10,
S8-2247,PROFILE_768_65,P3_CONTACT_AWARE_STAGED,R4_CLUSTERED_MEDIUM,A0_NONE,4,48,1,25,3,17460,1,10,0,0,0,0,TRUST_RESTORED,10,10
S8-2248,PROFILE_768_65,P3_CONTACT_AWARE_STAGED,R4_CLUSTERED_MEDIUM,A0_NONE,5,12,0,,2,10842,0,12,0,0,0,0,CONTACT_BUDGET_EXHAUSTED,9,
S8-2249,PROFILE_768_65,P3_CONTACT_AWARE_STAGED,R4_CLUSTERED_MEDIUM,A0_NONE,5,24,0,,2,10842,0,24,0,0,0,0,CONTACT_BUDGET_EXHAUSTED,9,
S8-2250,PROFILE_768_65,P3_CONTACT_AWARE_STAGED,R4_CLUSTERED_MEDIUM,A0_NONE,5,48,1,24,3,17460,1,9,0,0,0,0,TRUST_RESTORED,9,9
S8-2251,PROFILE_768_65,P3_CONTACT_AWARE_STAGED,R4_CLUSTERED_MEDIUM,A1_DROP_FIRST_LARGEST_OBJECT_FRAGMENT,0,12,0,,2,14151,0,12,0,0,0,0,CONTACT_BUDGET_EXHAUSTED,1,
S8-2252,PROFILE_768_65,P3_CONTACT_AWARE_STAGED,R4_CLUSTERED_MEDIUM,A1_DROP_FIRST_LARGEST_OBJECT_FRAGMENT,0,24,1,13,3,20769,1,13,0,0,0,0,TRUST_RESTORED,1,13
S8-2253,PROFILE_768_65,P3_CONTACT_AWARE_STAGED,R4_CLUSTERED_MEDIUM,A1_DROP_FIRST_LARGEST_OBJECT_FRAGMENT,0,48,1,13,3,20769,1,13,0,0,0,0,TRUST_RESTORED,1,13
S8-2254,PROFILE_768_65,P3_CONTACT_AWARE_STAGED,R4_CLUSTERED_MEDIUM,A1_DROP_FIRST_LARGEST_OBJECT_FRAGMENT,1,12,0,,1,8192,0,12,0,0,0,0,INSUFFICIENT_MATERIAL_TRANSFER,,
S8-2255,PROFILE_768_65,P3_CONTACT_AWARE_STAGED,R4_CLUSTERED_MEDIUM,A1_DROP_FIRST_LARGEST_OBJECT_FRAGMENT,1,24,1,13,3,20769,1,13,0,0,0,0,TRUST_RESTORED,12,13
S8-2256,PROFILE_768_65,P3_CONTACT_AWARE_STAGED,R4_CLUSTERED_MEDIUM,A1_DROP_FIRST_LARGEST_OBJECT_FRAGMENT,1,48,1,13,3,20769,1,13,0,0,0,0,TRUST_RESTORED,12,13
S8-2257,PROFILE_768_65,P3_CONTACT_AWARE_STAGED,R4_CLUSTERED_MEDIUM,A1_DROP_FIRST_LARGEST_OBJECT_FRAGMENT,2,12,0,,1,8192,0,12,0,0,0,0,INSUFFICIENT_MATERIAL_TRANSFER,,
S8-2258,PROFILE_768_65,P3_CONTACT_AWARE_STAGED,R4_CLUSTERED_MEDIUM,A1_DROP_FIRST_LARGEST_OBJECT_FRAGMENT,2,24,0,,2,14151,0,24,0,0,0,0,CONTACT_BUDGET_EXHAUSTED,12,
S8-2259,PROFILE_768_65,P3_CONTACT_AWARE_STAGED,R4_CLUSTERED_MEDIUM,A1_DROP_FIRST_LARGEST_OBJECT_FRAGMENT,2,48,1,27,3,20769,1,27,0,0,0,0,TRUST_RESTORED,12,27
S8-2260,PROFILE_768_65,P3_CONTACT_AWARE_STAGED,R4_CLUSTERED_MEDIUM,A1_DROP_FIRST_LARGEST_OBJECT_FRAGMENT,3,12,0,,2,14151,0,12,0,0,0,0,CONTACT_BUDGET_EXHAUSTED,11,
S8-2261,PROFILE_768_65,P3_CONTACT_AWARE_STAGED,R4_CLUSTERED_MEDIUM,A1_DROP_FIRST_LARGEST_OBJECT_FRAGMENT,3,24,0,,2,14151,0,24,0,0,0,0,CONTACT_BUDGET_EXHAUSTED,11,
S8-2262,PROFILE_768_65,P3_CONTACT_AWARE_STAGED,R4_CLUSTERED_MEDIUM,A1_DROP_FIRST_LARGEST_OBJECT_FRAGMENT,3,48,1,26,3,20769,1,26,0,0,0,0,TRUST_RESTORED,11,26
S8-2263,PROFILE_768_65,P3_CONTACT_AWARE_STAGED,R4_CLUSTERED_MEDIUM,A1_DROP_FIRST_LARGEST_OBJECT_FRAGMENT,4,12,0,,2,14151,0,12,0,0,0,0,CONTACT_BUDGET_EXHAUSTED,10,
S8-2264,PROFILE_768_65,P3_CONTACT_AWARE_STAGED,R4_CLUSTERED_MEDIUM,A1_DROP_FIRST_LARGEST_OBJECT_FRAGMENT,4,24,0,,2,14151,0,24,0,0,0,0,CONTACT_BUDGET_EXHAUSTED,10,
S8-2265,PROFILE_768_65,P3_CONTACT_AWARE_STAGED,R4_CLUSTERED_MEDIUM,A1_DROP_FIRST_LARGEST_OBJECT_FRAGMENT,4,48,1,25,3,20769,1,25,0,0,0,0,TRUST_RESTORED,10,25
S8-2266,PROFILE_768_65,P3_CONTACT_AWARE_STAGED,R4_CLUSTERED_MEDIUM,A1_DROP_FIRST_LARGEST_OBJECT_FRAGMENT,5,12,0,,2,14151,0,12,0,0,0,0,CONTACT_BUDGET_EXHAUSTED,9,
S8-2267,PROFILE_768_65,P3_CONTACT_AWARE_STAGED,R4_CLUSTERED_MEDIUM,A1_DROP_FIRST_LARGEST_OBJECT_FRAGMENT,5,24,0,,2,14151,0,24,0,0,0,0,CONTACT_BUDGET_EXHAUSTED,9,
S8-2268,PROFILE_768_65,P3_CONTACT_AWARE_STAGED,R4_CLUSTERED_MEDIUM,A1_DROP_FIRST_LARGEST_OBJECT_FRAGMENT,5,48,1,24,3,20769,1,24,0,0,0,0,TRUST_RESTORED,9,24
S8-2269,PROFILE_768_65,P3_CONTACT_AWARE_STAGED,R4_CLUSTERED_MEDIUM,A2_DELAY_FIRST_TRANSITION_PROOF_ONE_CONTACT,0,12,0,,2,10842,0,12,0,0,0,0,CONTACT_BUDGET_EXHAUSTED,1,
S8-2270,PROFILE_768_65,P3_CONTACT_AWARE_STAGED,R4_CLUSTERED_MEDIUM,A2_DELAY_FIRST_TRANSITION_PROOF_ONE_CONTACT,0,24,1,13,3,17460,1,1,0,0,0,0,TRUST_RESTORED,1,1
S8-2271,PROFILE_768_65,P3_CONTACT_AWARE_STAGED,R4_CLUSTERED_MEDIUM,A2_DELAY_FIRST_TRANSITION_PROOF_ONE_CONTACT,0,48,1,13,3,17460,1,1,0,0,0,0,TRUST_RESTORED,1,1
S8-2272,PROFILE_768_65,P3_CONTACT_AWARE_STAGED,R4_CLUSTERED_MEDIUM,A2_DELAY_FIRST_TRANSITION_PROOF_ONE_CONTACT,1,12,0,,1,7533,0,12,0,0,0,0,INSUFFICIENT_MATERIAL_TRANSFER,,
S8-2273,PROFILE_768_65,P3_CONTACT_AWARE_STAGED,R4_CLUSTERED_MEDIUM,A2_DELAY_FIRST_TRANSITION_PROOF_ONE_CONTACT,1,24,1,13,3,17460,1,12,0,0,0,0,TRUST_RESTORED,12,12
S8-2274,PROFILE_768_65,P3_CONTACT_AWARE_STAGED,R4_CLUSTERED_MEDIUM,A2_DELAY_FIRST_TRANSITION_PROOF_ONE_CONTACT,1,48,1,13,3,17460,1,12,0,0,0,0,TRUST_RESTORED,12,12
S8-2275,PROFILE_768_65,P3_CONTACT_AWARE_STAGED,R4_CLUSTERED_MEDIUM,A2_DELAY_FIRST_TRANSITION_PROOF_ONE_CONTACT,2,12,0,,1,7533,0,12,0,0,0,0,INSUFFICIENT_MATERIAL_TRANSFER,,
S8-2276,PROFILE_768_65,P3_CONTACT_AWARE_STAGED,R4_CLUSTERED_MEDIUM,A2_DELAY_FIRST_TRANSITION_PROOF_ONE_CONTACT,2,24,0,,2,10842,0,24,0,0,0,0,CONTACT_BUDGET_EXHAUSTED,12,
S8-2277,PROFILE_768_65,P3_CONTACT_AWARE_STAGED,R4_CLUSTERED_MEDIUM,A2_DELAY_FIRST_TRANSITION_PROOF_ONE_CONTACT,2,48,1,27,3,17460,1,12,0,0,0,0,TRUST_RESTORED,12,12
S8-2278,PROFILE_768_65,P3_CONTACT_AWARE_STAGED,R4_CLUSTERED_MEDIUM,A2_DELAY_FIRST_TRANSITION_PROOF_ONE_CONTACT,3,12,0,,2,10842,0,12,0,0,0,0,CONTACT_BUDGET_EXHAUSTED,11,
S8-2279,PROFILE_768_65,P3_CONTACT_AWARE_STAGED,R4_CLUSTERED_MEDIUM,A2_DELAY_FIRST_TRANSITION_PROOF_ONE_CONTACT,3,24,0,,2,10842,0,24,0,0,0,0,CONTACT_BUDGET_EXHAUSTED,11,
S8-2280,PROFILE_768_65,P3_CONTACT_AWARE_STAGED,R4_CLUSTERED_MEDIUM,A2_DELAY_FIRST_TRANSITION_PROOF_ONE_CONTACT,3,48,1,26,3,17460,1,11,0,0,0,0,TRUST_RESTORED,11,11
S8-2281,PROFILE_768_65,P3_CONTACT_AWARE_STAGED,R4_CLUSTERED_MEDIUM,A2_DELAY_FIRST_TRANSITION_PROOF_ONE_CONTACT,4,12,0,,2,10842,0,12,0,0,0,0,CONTACT_BUDGET_EXHAUSTED,10,
S8-2282,PROFILE_768_65,P3_CONTACT_AWARE_STAGED,R4_CLUSTERED_MEDIUM,A2_DELAY_FIRST_TRANSITION_PROOF_ONE_CONTACT,4,24,0,,2,10842,0,24,0,0,0,0,CONTACT_BUDGET_EXHAUSTED,10,
S8-2283,PROFILE_768_65,P3_CONTACT_AWARE_STAGED,R4_CLUSTERED_MEDIUM,A2_DELAY_FIRST_TRANSITION_PROOF_ONE_CONTACT,4,48,1,25,3,17460,1,10,0,0,0,0,TRUST_RESTORED,10,10
S8-2284,PROFILE_768_65,P3_CONTACT_AWARE_STAGED,R4_CLUSTERED_MEDIUM,A2_DELAY_FIRST_TRANSITION_PROOF_ONE_CONTACT,5,12,0,,2,10842,0,12,0,0,0,0,CONTACT_BUDGET_EXHAUSTED,9,
S8-2285,PROFILE_768_65,P3_CONTACT_AWARE_STAGED,R4_CLUSTERED_MEDIUM,A2_DELAY_FIRST_TRANSITION_PROOF_ONE_CONTACT,5,24,0,,2,10842,0,24,0,0,0,0,CONTACT_BUDGET_EXHAUSTED,9,
S8-2286,PROFILE_768_65,P3_CONTACT_AWARE_STAGED,R4_CLUSTERED_MEDIUM,A2_DELAY_FIRST_TRANSITION_PROOF_ONE_CONTACT,5,48,1,24,3,17460,1,9,0,0,0,0,TRUST_RESTORED,9,9
S8-2287,PROFILE_768_65,P3_CONTACT_AWARE_STAGED,R4_CLUSTERED_MEDIUM,A3_STALE_EPOCH_REPLAY_AT_COMMIT,0,12,0,,2,10842,0,12,0,0,0,0,CONTACT_BUDGET_EXHAUSTED,1,
S8-2288,PROFILE_768_65,P3_CONTACT_AWARE_STAGED,R4_CLUSTERED_MEDIUM,A3_STALE_EPOCH_REPLAY_AT_COMMIT,0,24,1,13,3,17460,2,13,0,0,0,0,TRUST_RESTORED,1,13
S8-2289,PROFILE_768_65,P3_CONTACT_AWARE_STAGED,R4_CLUSTERED_MEDIUM,A3_STALE_EPOCH_REPLAY_AT_COMMIT,0,48,1,13,3,17460,2,13,0,0,0,0,TRUST_RESTORED,1,13
S8-2290,PROFILE_768_65,P3_CONTACT_AWARE_STAGED,R4_CLUSTERED_MEDIUM,A3_STALE_EPOCH_REPLAY_AT_COMMIT,1,12,0,,1,8192,0,12,0,0,0,0,INSUFFICIENT_MATERIAL_TRANSFER,,
S8-2291,PROFILE_768_65,P3_CONTACT_AWARE_STAGED,R4_CLUSTERED_MEDIUM,A3_STALE_EPOCH_REPLAY_AT_COMMIT,1,24,1,13,3,17460,2,13,0,0,0,0,TRUST_RESTORED,12,13
S8-2292,PROFILE_768_65,P3_CONTACT_AWARE_STAGED,R4_CLUSTERED_MEDIUM,A3_STALE_EPOCH_REPLAY_AT_COMMIT,1,48,1,13,3,17460,2,13,0,0,0,0,TRUST_RESTORED,12,13
S8-2293,PROFILE_768_65,P3_CONTACT_AWARE_STAGED,R4_CLUSTERED_MEDIUM,A3_STALE_EPOCH_REPLAY_AT_COMMIT,2,12,0,,1,8192,0,12,0,0,0,0,INSUFFICIENT_MATERIAL_TRANSFER,,
S8-2294,PROFILE_768_65,P3_CONTACT_AWARE_STAGED,R4_CLUSTERED_MEDIUM,A3_STALE_EPOCH_REPLAY_AT_COMMIT,2,24,0,,2,10842,0,24,0,0,0,0,CONTACT_BUDGET_EXHAUSTED,12,
S8-2295,PROFILE_768_65,P3_CONTACT_AWARE_STAGED,R4_CLUSTERED_MEDIUM,A3_STALE_EPOCH_REPLAY_AT_COMMIT,2,48,1,27,3,17460,2,27,0,0,0,0,TRUST_RESTORED,12,27
S8-2296,PROFILE_768_65,P3_CONTACT_AWARE_STAGED,R4_CLUSTERED_MEDIUM,A3_STALE_EPOCH_REPLAY_AT_COMMIT,3,12,0,,2,10842,0,12,0,0,0,0,CONTACT_BUDGET_EXHAUSTED,11,
S8-2297,PROFILE_768_65,P3_CONTACT_AWARE_STAGED,R4_CLUSTERED_MEDIUM,A3_STALE_EPOCH_REPLAY_AT_COMMIT,3,24,0,,2,10842,0,24,0,0,0,0,CONTACT_BUDGET_EXHAUSTED,11,
S8-2298,PROFILE_768_65,P3_CONTACT_AWARE_STAGED,R4_CLUSTERED_MEDIUM,A3_STALE_EPOCH_REPLAY_AT_COMMIT,3,48,1,26,3,17460,2,26,0,0,0,0,TRUST_RESTORED,11,26
S8-2299,PROFILE_768_65,P3_CONTACT_AWARE_STAGED,R4_CLUSTERED_MEDIUM,A3_STALE_EPOCH_REPLAY_AT_COMMIT,4,12,0,,2,10842,0,12,0,0,0,0,CONTACT_BUDGET_EXHAUSTED,10,
S8-2300,PROFILE_768_65,P3_CONTACT_AWARE_STAGED,R4_CLUSTERED_MEDIUM,A3_STALE_EPOCH_REPLAY_AT_COMMIT,4,24,0,,2,10842,0,24,0,0,0,0,CONTACT_BUDGET_EXHAUSTED,10,
S8-2301,PROFILE_768_65,P3_CONTACT_AWARE_STAGED,R4_CLUSTERED_MEDIUM,A3_STALE_EPOCH_REPLAY_AT_COMMIT,4,48,1,25,3,17460,2,25,0,0,0,0,TRUST_RESTORED,10,25
S8-2302,PROFILE_768_65,P3_CONTACT_AWARE_STAGED,R4_CLUSTERED_MEDIUM,A3_STALE_EPOCH_REPLAY_AT_COMMIT,5,12,0,,2,10842,0,12,0,0,0,0,CONTACT_BUDGET_EXHAUSTED,9,
S8-2303,PROFILE_768_65,P3_CONTACT_AWARE_STAGED,R4_CLUSTERED_MEDIUM,A3_STALE_EPOCH_REPLAY_AT_COMMIT,5,24,0,,2,10842,0,24,0,0,0,0,CONTACT_BUDGET_EXHAUSTED,9,
S8-2304,PROFILE_768_65,P3_CONTACT_AWARE_STAGED,R4_CLUSTERED_MEDIUM,A3_STALE_EPOCH_REPLAY_AT_COMMIT,5,48,1,24,3,17460,2,24,0,0,0,0,TRUST_RESTORED,9,24
S8-2305,PROFILE_1024_87,P0_HARD_CUTOVER,R1_FREQUENT_SMALL,A0_NONE,0,12,0,,5,20480,1,0,11,0,0,0,EPOCH_DIVERGENCE,8,11
S8-2306,PROFILE_1024_87,P0_HARD_CUTOVER,R1_FREQUENT_SMALL,A0_NONE,0,24,1,14,6,24236,1,0,11,0,0,0,TRUST_RESTORED,8,11
S8-2307,PROFILE_1024_87,P0_HARD_CUTOVER,R1_FREQUENT_SMALL,A0_NONE,0,48,1,14,6,24236,1,0,11,0,0,0,TRUST_RESTORED,8,11
S8-2308,PROFILE_1024_87,P0_HARD_CUTOVER,R1_FREQUENT_SMALL,A0_NONE,1,12,0,,4,16384,0,0,12,0,0,0,INSUFFICIENT_MATERIAL_TRANSFER,10,
S8-2309,PROFILE_1024_87,P0_HARD_CUTOVER,R1_FREQUENT_SMALL,A0_NONE,1,24,1,16,6,24236,1,0,13,0,0,0,TRUST_RESTORED,10,13
S8-2310,PROFILE_1024_87,P0_HARD_CUTOVER,R1_FREQUENT_SMALL,A0_NONE,1,48,1,16,6,24236,1,0,13,0,0,0,TRUST_RESTORED,10,13
S8-2311,PROFILE_1024_87,P0_HARD_CUTOVER,R1_FREQUENT_SMALL,A0_NONE,2,12,0,,4,16384,0,0,12,0,0,0,INSUFFICIENT_MATERIAL_TRANSFER,9,
S8-2312,PROFILE_1024_87,P0_HARD_CUTOVER,R1_FREQUENT_SMALL,A0_NONE,2,24,1,15,6,24236,1,0,12,0,0,0,TRUST_RESTORED,9,12
S8-2313,PROFILE_1024_87,P0_HARD_CUTOVER,R1_FREQUENT_SMALL,A0_NONE,2,48,1,15,6,24236,1,0,12,0,0,0,TRUST_RESTORED,9,12
S8-2314,PROFILE_1024_87,P0_HARD_CUTOVER,R1_FREQUENT_SMALL,A0_NONE,3,12,0,,4,16384,0,0,12,0,0,0,INSUFFICIENT_MATERIAL_TRANSFER,11,
S8-2315,PROFILE_1024_87,P0_HARD_CUTOVER,R1_FREQUENT_SMALL,A0_NONE,3,24,1,17,6,24236,1,0,14,0,0,0,TRUST_RESTORED,11,14
S8-2316,PROFILE_1024_87,P0_HARD_CUTOVER,R1_FREQUENT_SMALL,A0_NONE,3,48,1,17,6,24236,1,0,14,0,0,0,TRUST_RESTORED,11,14
S8-2317,PROFILE_1024_87,P0_HARD_CUTOVER,R1_FREQUENT_SMALL,A0_NONE,4,12,0,,4,16384,0,0,12,0,0,0,INSUFFICIENT_MATERIAL_TRANSFER,10,
S8-2318,PROFILE_1024_87,P0_HARD_CUTOVER,R1_FREQUENT_SMALL,A0_NONE,4,24,1,16,6,24236,1,0,13,0,0,0,TRUST_RESTORED,10,13
S8-2319,PROFILE_1024_87,P0_HARD_CUTOVER,R1_FREQUENT_SMALL,A0_NONE,4,48,1,16,6,24236,1,0,13,0,0,0,TRUST_RESTORED,10,13
S8-2320,PROFILE_1024_87,P0_HARD_CUTOVER,R1_FREQUENT_SMALL,A0_NONE,5,12,0,,4,16384,0,0,12,0,0,0,INSUFFICIENT_MATERIAL_TRANSFER,9,
S8-2321,PROFILE_1024_87,P0_HARD_CUTOVER,R1_FREQUENT_SMALL,A0_NONE,5,24,1,15,6,24236,1,0,12,0,0,0,TRUST_RESTORED,9,12
S8-2322,PROFILE_1024_87,P0_HARD_CUTOVER,R1_FREQUENT_SMALL,A0_NONE,5,48,1,15,6,24236,1,0,12,0,0,0,TRUST_RESTORED,9,12
S8-2323,PROFILE_1024_87,P0_HARD_CUTOVER,R1_FREQUENT_SMALL,A1_DROP_FIRST_LARGEST_OBJECT_FRAGMENT,0,12,0,,5,20480,0,0,12,0,0,0,INSUFFICIENT_MATERIAL_TRANSFER,11,
S8-2324,PROFILE_1024_87,P0_HARD_CUTOVER,R1_FREQUENT_SMALL,A1_DROP_FIRST_LARGEST_OBJECT_FRAGMENT,0,24,1,17,7,28332,1,0,14,0,0,0,TRUST_RESTORED,11,14
S8-2325,PROFILE_1024_87,P0_HARD_CUTOVER,R1_FREQUENT_SMALL,A1_DROP_FIRST_LARGEST_OBJECT_FRAGMENT,0,48,1,17,7,28332,1,0,14,0,0,0,TRUST_RESTORED,11,14
S8-2326,PROFILE_1024_87,P0_HARD_CUTOVER,R1_FREQUENT_SMALL,A1_DROP_FIRST_LARGEST_OBJECT_FRAGMENT,1,12,0,,4,16384,0,0,12,0,0,0,INSUFFICIENT_MATERIAL_TRANSFER,,
S8-2327,PROFILE_1024_87,P0_HARD_CUTOVER,R1_FREQUENT_SMALL,A1_DROP_FIRST_LARGEST_OBJECT_FRAGMENT,1,24,1,19,7,28332,1,0,16,0,0,0,TRUST_RESTORED,13,16
S8-2328,PROFILE_1024_87,P0_HARD_CUTOVER,R1_FREQUENT_SMALL,A1_DROP_FIRST_LARGEST_OBJECT_FRAGMENT,1,48,1,19,7,28332,1,0,16,0,0,0,TRUST_RESTORED,13,16
S8-2329,PROFILE_1024_87,P0_HARD_CUTOVER,R1_FREQUENT_SMALL,A1_DROP_FIRST_LARGEST_OBJECT_FRAGMENT,2,12,0,,4,16384,0,0,12,0,0,0,INSUFFICIENT_MATERIAL_TRANSFER,,
S8-2330,PROFILE_1024_87,P0_HARD_CUTOVER,R1_FREQUENT_SMALL,A1_DROP_FIRST_LARGEST_OBJECT_FRAGMENT,2,24,1,18,7,28332,1,0,15,0,0,0,TRUST_RESTORED,12,15
S8-2331,PROFILE_1024_87,P0_HARD_CUTOVER,R1_FREQUENT_SMALL,A1_DROP_FIRST_LARGEST_OBJECT_FRAGMENT,2,48,1,18,7,28332,1,0,15,0,0,0,TRUST_RESTORED,12,15
S8-2332,PROFILE_1024_87,P0_HARD_CUTOVER,R1_FREQUENT_SMALL,A1_DROP_FIRST_LARGEST_OBJECT_FRAGMENT,3,12,0,,4,16384,0,0,12,0,0,0,INSUFFICIENT_MATERIAL_TRANSFER,,
S8-2333,PROFILE_1024_87,P0_HARD_CUTOVER,R1_FREQUENT_SMALL,A1_DROP_FIRST_LARGEST_OBJECT_FRAGMENT,3,24,1,20,7,28332,1,0,17,0,0,0,TRUST_RESTORED,14,17
S8-2334,PROFILE_1024_87,P0_HARD_CUTOVER,R1_FREQUENT_SMALL,A1_DROP_FIRST_LARGEST_OBJECT_FRAGMENT,3,48,1,20,7,28332,1,0,17,0,0,0,TRUST_RESTORED,14,17
S8-2335,PROFILE_1024_87,P0_HARD_CUTOVER,R1_FREQUENT_SMALL,A1_DROP_FIRST_LARGEST_OBJECT_FRAGMENT,4,12,0,,4,16384,0,0,12,0,0,0,INSUFFICIENT_MATERIAL_TRANSFER,,
S8-2336,PROFILE_1024_87,P0_HARD_CUTOVER,R1_FREQUENT_SMALL,A1_DROP_FIRST_LARGEST_OBJECT_FRAGMENT,4,24,1,19,7,28332,1,0,16,0,0,0,TRUST_RESTORED,13,16
S8-2337,PROFILE_1024_87,P0_HARD_CUTOVER,R1_FREQUENT_SMALL,A1_DROP_FIRST_LARGEST_OBJECT_FRAGMENT,4,48,1,19,7,28332,1,0,16,0,0,0,TRUST_RESTORED,13,16
S8-2338,PROFILE_1024_87,P0_HARD_CUTOVER,R1_FREQUENT_SMALL,A1_DROP_FIRST_LARGEST_OBJECT_FRAGMENT,5,12,0,,4,16384,0,0,12,0,0,0,INSUFFICIENT_MATERIAL_TRANSFER,,
S8-2339,PROFILE_1024_87,P0_HARD_CUTOVER,R1_FREQUENT_SMALL,A1_DROP_FIRST_LARGEST_OBJECT_FRAGMENT,5,24,1,18,7,28332,1,0,15,0,0,0,TRUST_RESTORED,12,15
S8-2340,PROFILE_1024_87,P0_HARD_CUTOVER,R1_FREQUENT_SMALL,A1_DROP_FIRST_LARGEST_OBJECT_FRAGMENT,5,48,1,18,7,28332,1,0,15,0,0,0,TRUST_RESTORED,12,15
S8-2341,PROFILE_1024_87,P0_HARD_CUTOVER,R1_FREQUENT_SMALL,A2_DELAY_FIRST_TRANSITION_PROOF_ONE_CONTACT,0,12,0,,5,18547,0,0,12,0,0,0,INSUFFICIENT_MATERIAL_TRANSFER,11,
S8-2342,PROFILE_1024_87,P0_HARD_CUTOVER,R1_FREQUENT_SMALL,A2_DELAY_FIRST_TRANSITION_PROOF_ONE_CONTACT,0,24,1,17,7,24236,1,0,14,0,0,0,TRUST_RESTORED,11,14
S8-2343,PROFILE_1024_87,P0_HARD_CUTOVER,R1_FREQUENT_SMALL,A2_DELAY_FIRST_TRANSITION_PROOF_ONE_CONTACT,0,48,1,17,7,24236,1,0,14,0,0,0,TRUST_RESTORED,11,14
S8-2344,PROFILE_1024_87,P0_HARD_CUTOVER,R1_FREQUENT_SMALL,A2_DELAY_FIRST_TRANSITION_PROOF_ONE_CONTACT,1,12,0,,4,14451,0,0,12,0,0,0,INSUFFICIENT_MATERIAL_TRANSFER,,
S8-2345,PROFILE_1024_87,P0_HARD_CUTOVER,R1_FREQUENT_SMALL,A2_DELAY_FIRST_TRANSITION_PROOF_ONE_CONTACT,1,24,1,19,7,24236,1,0,16,0,0,0,TRUST_RESTORED,13,16
S8-2346,PROFILE_1024_87,P0_HARD_CUTOVER,R1_FREQUENT_SMALL,A2_DELAY_FIRST_TRANSITION_PROOF_ONE_CONTACT,1,48,1,19,7,24236,1,0,16,0,0,0,TRUST_RESTORED,13,16
S8-2347,PROFILE_1024_87,P0_HARD_CUTOVER,R1_FREQUENT_SMALL,A2_DELAY_FIRST_TRANSITION_PROOF_ONE_CONTACT,2,12,0,,4,14451,0,0,12,0,0,0,INSUFFICIENT_MATERIAL_TRANSFER,,
S8-2348,PROFILE_1024_87,P0_HARD_CUTOVER,R1_FREQUENT_SMALL,A2_DELAY_FIRST_TRANSITION_PROOF_ONE_CONTACT,2,24,1,18,7,24236,1,0,15,0,0,0,TRUST_RESTORED,12,15
S8-2349,PROFILE_1024_87,P0_HARD_CUTOVER,R1_FREQUENT_SMALL,A2_DELAY_FIRST_TRANSITION_PROOF_ONE_CONTACT,2,48,1,18,7,24236,1,0,15,0,0,0,TRUST_RESTORED,12,15
S8-2350,PROFILE_1024_87,P0_HARD_CUTOVER,R1_FREQUENT_SMALL,A2_DELAY_FIRST_TRANSITION_PROOF_ONE_CONTACT,3,12,0,,4,14451,0,0,12,0,0,0,INSUFFICIENT_MATERIAL_TRANSFER,,
S8-2351,PROFILE_1024_87,P0_HARD_CUTOVER,R1_FREQUENT_SMALL,A2_DELAY_FIRST_TRANSITION_PROOF_ONE_CONTACT,3,24,1,20,7,24236,1,0,17,0,0,0,TRUST_RESTORED,14,17
S8-2352,PROFILE_1024_87,P0_HARD_CUTOVER,R1_FREQUENT_SMALL,A2_DELAY_FIRST_TRANSITION_PROOF_ONE_CONTACT,3,48,1,20,7,24236,1,0,17,0,0,0,TRUST_RESTORED,14,17
S8-2353,PROFILE_1024_87,P0_HARD_CUTOVER,R1_FREQUENT_SMALL,A2_DELAY_FIRST_TRANSITION_PROOF_ONE_CONTACT,4,12,0,,4,14451,0,0,12,0,0,0,INSUFFICIENT_MATERIAL_TRANSFER,,
S8-2354,PROFILE_1024_87,P0_HARD_CUTOVER,R1_FREQUENT_SMALL,A2_DELAY_FIRST_TRANSITION_PROOF_ONE_CONTACT,4,24,1,19,7,24236,1,0,16,0,0,0,TRUST_RESTORED,13,16
S8-2355,PROFILE_1024_87,P0_HARD_CUTOVER,R1_FREQUENT_SMALL,A2_DELAY_FIRST_TRANSITION_PROOF_ONE_CONTACT,4,48,1,19,7,24236,1,0,16,0,0,0,TRUST_RESTORED,13,16
S8-2356,PROFILE_1024_87,P0_HARD_CUTOVER,R1_FREQUENT_SMALL,A2_DELAY_FIRST_TRANSITION_PROOF_ONE_CONTACT,5,12,0,,4,14451,0,0,12,0,0,0,INSUFFICIENT_MATERIAL_TRANSFER,,
S8-2357,PROFILE_1024_87,P0_HARD_CUTOVER,R1_FREQUENT_SMALL,A2_DELAY_FIRST_TRANSITION_PROOF_ONE_CONTACT,5,24,1,18,7,24236,1,0,15,0,0,0,TRUST_RESTORED,12,15
S8-2358,PROFILE_1024_87,P0_HARD_CUTOVER,R1_FREQUENT_SMALL,A2_DELAY_FIRST_TRANSITION_PROOF_ONE_CONTACT,5,48,1,18,7,24236,1,0,15,0,0,0,TRUST_RESTORED,12,15
S8-2359,PROFILE_1024_87,P0_HARD_CUTOVER,R1_FREQUENT_SMALL,A3_STALE_EPOCH_REPLAY_AT_COMMIT,0,12,0,,5,19078,1,0,12,0,0,0,INSUFFICIENT_MATERIAL_TRANSFER,8,
S8-2360,PROFILE_1024_87,P0_HARD_CUTOVER,R1_FREQUENT_SMALL,A3_STALE_EPOCH_REPLAY_AT_COMMIT,0,24,1,17,7,24236,2,0,14,0,0,0,TRUST_RESTORED,8,14
S8-2361,PROFILE_1024_87,P0_HARD_CUTOVER,R1_FREQUENT_SMALL,A3_STALE_EPOCH_REPLAY_AT_COMMIT,0,48,1,17,7,24236,2,0,14,0,0,0,TRUST_RESTORED,8,14
S8-2362,PROFILE_1024_87,P0_HARD_CUTOVER,R1_FREQUENT_SMALL,A3_STALE_EPOCH_REPLAY_AT_COMMIT,1,12,0,,4,14982,1,0,12,0,0,0,INSUFFICIENT_MATERIAL_TRANSFER,10,
S8-2363,PROFILE_1024_87,P0_HARD_CUTOVER,R1_FREQUENT_SMALL,A3_STALE_EPOCH_REPLAY_AT_COMMIT,1,24,1,19,7,24236,2,0,16,0,0,0,TRUST_RESTORED,10,16
S8-2364,PROFILE_1024_87,P0_HARD_CUTOVER,R1_FREQUENT_SMALL,A3_STALE_EPOCH_REPLAY_AT_COMMIT,1,48,1,19,7,24236,2,0,16,0,0,0,TRUST_RESTORED,10,16
S8-2365,PROFILE_1024_87,P0_HARD_CUTOVER,R1_FREQUENT_SMALL,A3_STALE_EPOCH_REPLAY_AT_COMMIT,2,12,0,,4,14982,1,0,12,0,0,0,INSUFFICIENT_MATERIAL_TRANSFER,9,
S8-2366,PROFILE_1024_87,P0_HARD_CUTOVER,R1_FREQUENT_SMALL,A3_STALE_EPOCH_REPLAY_AT_COMMIT,2,24,1,18,7,24236,2,0,15,0,0,0,TRUST_RESTORED,9,15
S8-2367,PROFILE_1024_87,P0_HARD_CUTOVER,R1_FREQUENT_SMALL,A3_STALE_EPOCH_REPLAY_AT_COMMIT,2,48,1,18,7,24236,2,0,15,0,0,0,TRUST_RESTORED,9,15
S8-2368,PROFILE_1024_87,P0_HARD_CUTOVER,R1_FREQUENT_SMALL,A3_STALE_EPOCH_REPLAY_AT_COMMIT,3,12,0,,4,14982,1,0,12,0,0,0,INSUFFICIENT_MATERIAL_TRANSFER,11,
S8-2369,PROFILE_1024_87,P0_HARD_CUTOVER,R1_FREQUENT_SMALL,A3_STALE_EPOCH_REPLAY_AT_COMMIT,3,24,1,20,7,24236,2,0,17,0,0,0,TRUST_RESTORED,11,17
S8-2370,PROFILE_1024_87,P0_HARD_CUTOVER,R1_FREQUENT_SMALL,A3_STALE_EPOCH_REPLAY_AT_COMMIT,3,48,1,20,7,24236,2,0,17,0,0,0,TRUST_RESTORED,11,17
S8-2371,PROFILE_1024_87,P0_HARD_CUTOVER,R1_FREQUENT_SMALL,A3_STALE_EPOCH_REPLAY_AT_COMMIT,4,12,0,,4,14982,1,0,12,0,0,0,INSUFFICIENT_MATERIAL_TRANSFER,10,
S8-2372,PROFILE_1024_87,P0_HARD_CUTOVER,R1_FREQUENT_SMALL,A3_STALE_EPOCH_REPLAY_AT_COMMIT,4,24,1,19,7,24236,2,0,16,0,0,0,TRUST_RESTORED,10,16
S8-2373,PROFILE_1024_87,P0_HARD_CUTOVER,R1_FREQUENT_SMALL,A3_STALE_EPOCH_REPLAY_AT_COMMIT,4,48,1,19,7,24236,2,0,16,0,0,0,TRUST_RESTORED,10,16
S8-2374,PROFILE_1024_87,P0_HARD_CUTOVER,R1_FREQUENT_SMALL,A3_STALE_EPOCH_REPLAY_AT_COMMIT,5,12,0,,4,14982,1,0,12,0,0,0,INSUFFICIENT_MATERIAL_TRANSFER,9,
S8-2375,PROFILE_1024_87,P0_HARD_CUTOVER,R1_FREQUENT_SMALL,A3_STALE_EPOCH_REPLAY_AT_COMMIT,5,24,1,18,7,24236,2,0,15,0,0,0,TRUST_RESTORED,9,15
S8-2376,PROFILE_1024_87,P0_HARD_CUTOVER,R1_FREQUENT_SMALL,A3_STALE_EPOCH_REPLAY_AT_COMMIT,5,48,1,18,7,24236,2,0,15,0,0,0,TRUST_RESTORED,9,15
S8-2377,PROFILE_1024_87,P0_HARD_CUTOVER,R2_PERIODIC_MEDIUM,A0_NONE,0,12,1,11,3,24236,1,0,11,0,0,0,TRUST_RESTORED,5,11
S8-2378,PROFILE_1024_87,P0_HARD_CUTOVER,R2_PERIODIC_MEDIUM,A0_NONE,0,24,1,11,3,24236,1,0,11,0,0,0,TRUST_RESTORED,5,11
S8-2379,PROFILE_1024_87,P0_HARD_CUTOVER,R2_PERIODIC_MEDIUM,A0_NONE,0,48,1,11,3,24236,1,0,11,0,0,0,TRUST_RESTORED,5,11
S8-2380,PROFILE_1024_87,P0_HARD_CUTOVER,R2_PERIODIC_MEDIUM,A0_NONE,1,12,0,,2,16384,0,0,12,0,0,0,INSUFFICIENT_MATERIAL_TRANSFER,10,
S8-2381,PROFILE_1024_87,P0_HARD_CUTOVER,R2_PERIODIC_MEDIUM,A0_NONE,1,24,1,16,3,24236,1,0,16,0,0,0,TRUST_RESTORED,10,16
S8-2382,PROFILE_1024_87,P0_HARD_CUTOVER,R2_PERIODIC_MEDIUM,A0_NONE,1,48,1,16,3,24236,1,0,16,0,0,0,TRUST_RESTORED,10,16
S8-2383,PROFILE_1024_87,P0_HARD_CUTOVER,R2_PERIODIC_MEDIUM,A0_NONE,2,12,0,,2,16384,0,0,12,0,0,0,INSUFFICIENT_MATERIAL_TRANSFER,9,
S8-2384,PROFILE_1024_87,P0_HARD_CUTOVER,R2_PERIODIC_MEDIUM,A0_NONE,2,24,1,15,3,24236,1,0,15,0,0,0,TRUST_RESTORED,9,15
S8-2385,PROFILE_1024_87,P0_HARD_CUTOVER,R2_PERIODIC_MEDIUM,A0_NONE,2,48,1,15,3,24236,1,0,15,0,0,0,TRUST_RESTORED,9,15
S8-2386,PROFILE_1024_87,P0_HARD_CUTOVER,R2_PERIODIC_MEDIUM,A0_NONE,3,12,0,,2,16384,0,0,12,0,0,0,INSUFFICIENT_MATERIAL_TRANSFER,8,
S8-2387,PROFILE_1024_87,P0_HARD_CUTOVER,R2_PERIODIC_MEDIUM,A0_NONE,3,24,1,14,3,24236,1,0,14,0,0,0,TRUST_RESTORED,8,14
S8-2388,PROFILE_1024_87,P0_HARD_CUTOVER,R2_PERIODIC_MEDIUM,A0_NONE,3,48,1,14,3,24236,1,0,14,0,0,0,TRUST_RESTORED,8,14
S8-2389,PROFILE_1024_87,P0_HARD_CUTOVER,R2_PERIODIC_MEDIUM,A0_NONE,4,12,0,,2,16384,0,0,12,0,0,0,INSUFFICIENT_MATERIAL_TRANSFER,7,
S8-2390,PROFILE_1024_87,P0_HARD_CUTOVER,R2_PERIODIC_MEDIUM,A0_NONE,4,24,1,13,3,24236,1,0,13,0,0,0,TRUST_RESTORED,7,13
S8-2391,PROFILE_1024_87,P0_HARD_CUTOVER,R2_PERIODIC_MEDIUM,A0_NONE,4,48,1,13,3,24236,1,0,13,0,0,0,TRUST_RESTORED,7,13
S8-2392,PROFILE_1024_87,P0_HARD_CUTOVER,R2_PERIODIC_MEDIUM,A0_NONE,5,12,0,,2,16384,0,0,12,0,0,0,INSUFFICIENT_MATERIAL_TRANSFER,6,
S8-2393,PROFILE_1024_87,P0_HARD_CUTOVER,R2_PERIODIC_MEDIUM,A0_NONE,5,24,1,12,3,24236,1,0,12,0,0,0,TRUST_RESTORED,6,12
S8-2394,PROFILE_1024_87,P0_HARD_CUTOVER,R2_PERIODIC_MEDIUM,A0_NONE,5,48,1,12,3,24236,1,0,12,0,0,0,TRUST_RESTORED,6,12
S8-2395,PROFILE_1024_87,P0_HARD_CUTOVER,R2_PERIODIC_MEDIUM,A1_DROP_FIRST_LARGEST_OBJECT_FRAGMENT,0,12,0,,3,24576,1,0,11,0,0,0,EPOCH_DIVERGENCE,11,11
S8-2396,PROFILE_1024_87,P0_HARD_CUTOVER,R2_PERIODIC_MEDIUM,A1_DROP_FIRST_LARGEST_OBJECT_FRAGMENT,0,24,1,17,4,28863,1,0,11,0,0,0,TRUST_RESTORED,11,11
S8-2397,PROFILE_1024_87,P0_HARD_CUTOVER,R2_PERIODIC_MEDIUM,A1_DROP_FIRST_LARGEST_OBJECT_FRAGMENT,0,48,1,17,4,28863,1,0,11,0,0,0,TRUST_RESTORED,11,11
S8-2398,PROFILE_1024_87,P0_HARD_CUTOVER,R2_PERIODIC_MEDIUM,A1_DROP_FIRST_LARGEST_OBJECT_FRAGMENT,1,12,0,,2,16384,0,0,12,0,0,0,INSUFFICIENT_MATERIAL_TRANSFER,,
S8-2399,PROFILE_1024_87,P0_HARD_CUTOVER,R2_PERIODIC_MEDIUM,A1_DROP_FIRST_LARGEST_OBJECT_FRAGMENT,1,24,1,22,4,28863,1,0,16,0,0,0,TRUST_RESTORED,16,16
S8-2400,PROFILE_1024_87,P0_HARD_CUTOVER,R2_PERIODIC_MEDIUM,A1_DROP_FIRST_LARGEST_OBJECT_FRAGMENT,1,48,1,22,4,28863,1,0,16,0,0,0,TRUST_RESTORED,16,16
S8-2401,PROFILE_1024_87,P0_HARD_CUTOVER,R2_PERIODIC_MEDIUM,A1_DROP_FIRST_LARGEST_OBJECT_FRAGMENT,2,12,0,,2,16384,0,0,12,0,0,0,INSUFFICIENT_MATERIAL_TRANSFER,,
S8-2402,PROFILE_1024_87,P0_HARD_CUTOVER,R2_PERIODIC_MEDIUM,A1_DROP_FIRST_LARGEST_OBJECT_FRAGMENT,2,24,1,21,4,28863,1,0,15,0,0,0,TRUST_RESTORED,15,15
S8-2403,PROFILE_1024_87,P0_HARD_CUTOVER,R2_PERIODIC_MEDIUM,A1_DROP_FIRST_LARGEST_OBJECT_FRAGMENT,2,48,1,21,4,28863,1,0,15,0,0,0,TRUST_RESTORED,15,15
S8-2404,PROFILE_1024_87,P0_HARD_CUTOVER,R2_PERIODIC_MEDIUM,A1_DROP_FIRST_LARGEST_OBJECT_FRAGMENT,3,12,0,,2,16384,0,0,12,0,0,0,INSUFFICIENT_MATERIAL_TRANSFER,,
S8-2405,PROFILE_1024_87,P0_HARD_CUTOVER,R2_PERIODIC_MEDIUM,A1_DROP_FIRST_LARGEST_OBJECT_FRAGMENT,3,24,1,20,4,28863,1,0,14,0,0,0,TRUST_RESTORED,14,14
S8-2406,PROFILE_1024_87,P0_HARD_CUTOVER,R2_PERIODIC_MEDIUM,A1_DROP_FIRST_LARGEST_OBJECT_FRAGMENT,3,48,1,20,4,28863,1,0,14,0,0,0,TRUST_RESTORED,14,14
S8-2407,PROFILE_1024_87,P0_HARD_CUTOVER,R2_PERIODIC_MEDIUM,A1_DROP_FIRST_LARGEST_OBJECT_FRAGMENT,4,12,0,,2,16384,0,0,12,0,0,0,INSUFFICIENT_MATERIAL_TRANSFER,,
S8-2408,PROFILE_1024_87,P0_HARD_CUTOVER,R2_PERIODIC_MEDIUM,A1_DROP_FIRST_LARGEST_OBJECT_FRAGMENT,4,24,1,19,4,28863,1,0,13,0,0,0,TRUST_RESTORED,13,13
S8-2409,PROFILE_1024_87,P0_HARD_CUTOVER,R2_PERIODIC_MEDIUM,A1_DROP_FIRST_LARGEST_OBJECT_FRAGMENT,4,48,1,19,4,28863,1,0,13,0,0,0,TRUST_RESTORED,13,13
S8-2410,PROFILE_1024_87,P0_HARD_CUTOVER,R2_PERIODIC_MEDIUM,A1_DROP_FIRST_LARGEST_OBJECT_FRAGMENT,5,12,0,,2,16384,0,0,12,0,0,0,INSUFFICIENT_MATERIAL_TRANSFER,,
S8-2411,PROFILE_1024_87,P0_HARD_CUTOVER,R2_PERIODIC_MEDIUM,A1_DROP_FIRST_LARGEST_OBJECT_FRAGMENT,5,24,1,18,4,28863,1,0,12,0,0,0,TRUST_RESTORED,12,12
S8-2412,PROFILE_1024_87,P0_HARD_CUTOVER,R2_PERIODIC_MEDIUM,A1_DROP_FIRST_LARGEST_OBJECT_FRAGMENT,5,48,1,18,4,28863,1,0,12,0,0,0,TRUST_RESTORED,12,12
S8-2413,PROFILE_1024_87,P0_HARD_CUTOVER,R2_PERIODIC_MEDIUM,A2_DELAY_FIRST_TRANSITION_PROOF_ONE_CONTACT,0,12,0,,3,18547,0,0,12,0,0,0,INSUFFICIENT_MATERIAL_TRANSFER,11,
S8-2414,PROFILE_1024_87,P0_HARD_CUTOVER,R2_PERIODIC_MEDIUM,A2_DELAY_FIRST_TRANSITION_PROOF_ONE_CONTACT,0,24,1,17,4,24236,1,0,17,0,0,0,TRUST_RESTORED,11,17
S8-2415,PROFILE_1024_87,P0_HARD_CUTOVER,R2_PERIODIC_MEDIUM,A2_DELAY_FIRST_TRANSITION_PROOF_ONE_CONTACT,0,48,1,17,4,24236,1,0,17,0,0,0,TRUST_RESTORED,11,17
S8-2416,PROFILE_1024_87,P0_HARD_CUTOVER,R2_PERIODIC_MEDIUM,A2_DELAY_FIRST_TRANSITION_PROOF_ONE_CONTACT,1,12,0,,2,10355,0,0,12,0,0,0,INSUFFICIENT_MATERIAL_TRANSFER,,
S8-2417,PROFILE_1024_87,P0_HARD_CUTOVER,R2_PERIODIC_MEDIUM,A2_DELAY_FIRST_TRANSITION_PROOF_ONE_CONTACT,1,24,1,22,4,24236,1,0,22,0,0,0,TRUST_RESTORED,16,22
S8-2418,PROFILE_1024_87,P0_HARD_CUTOVER,R2_PERIODIC_MEDIUM,A2_DELAY_FIRST_TRANSITION_PROOF_ONE_CONTACT,1,48,1,22,4,24236,1,0,22,0,0,0,TRUST_RESTORED,16,22
S8-2419,PROFILE_1024_87,P0_HARD_CUTOVER,R2_PERIODIC_MEDIUM,A2_DELAY_FIRST_TRANSITION_PROOF_ONE_CONTACT,2,12,0,,2,10355,0,0,12,0,0,0,INSUFFICIENT_MATERIAL_TRANSFER,,
S8-2420,PROFILE_1024_87,P0_HARD_CUTOVER,R2_PERIODIC_MEDIUM,A2_DELAY_FIRST_TRANSITION_PROOF_ONE_CONTACT,2,24,1,21,4,24236,1,0,21,0,0,0,TRUST_RESTORED,15,21
S8-2421,PROFILE_1024_87,P0_HARD_CUTOVER,R2_PERIODIC_MEDIUM,A2_DELAY_FIRST_TRANSITION_PROOF_ONE_CONTACT,2,48,1,21,4,24236,1,0,21,0,0,0,TRUST_RESTORED,15,21
S8-2422,PROFILE_1024_87,P0_HARD_CUTOVER,R2_PERIODIC_MEDIUM,A2_DELAY_FIRST_TRANSITION_PROOF_ONE_CONTACT,3,12,0,,2,10355,0,0,12,0,0,0,INSUFFICIENT_MATERIAL_TRANSFER,,
S8-2423,PROFILE_1024_87,P0_HARD_CUTOVER,R2_PERIODIC_MEDIUM,A2_DELAY_FIRST_TRANSITION_PROOF_ONE_CONTACT,3,24,1,20,4,24236,1,0,20,0,0,0,TRUST_RESTORED,14,20
S8-2424,PROFILE_1024_87,P0_HARD_CUTOVER,R2_PERIODIC_MEDIUM,A2_DELAY_FIRST_TRANSITION_PROOF_ONE_CONTACT,3,48,1,20,4,24236,1,0,20,0,0,0,TRUST_RESTORED,14,20
S8-2425,PROFILE_1024_87,P0_HARD_CUTOVER,R2_PERIODIC_MEDIUM,A2_DELAY_FIRST_TRANSITION_PROOF_ONE_CONTACT,4,12,0,,2,10355,0,0,12,0,0,0,INSUFFICIENT_MATERIAL_TRANSFER,,
S8-2426,PROFILE_1024_87,P0_HARD_CUTOVER,R2_PERIODIC_MEDIUM,A2_DELAY_FIRST_TRANSITION_PROOF_ONE_CONTACT,4,24,1,19,4,24236,1,0,19,0,0,0,TRUST_RESTORED,13,19
S8-2427,PROFILE_1024_87,P0_HARD_CUTOVER,R2_PERIODIC_MEDIUM,A2_DELAY_FIRST_TRANSITION_PROOF_ONE_CONTACT,4,48,1,19,4,24236,1,0,19,0,0,0,TRUST_RESTORED,13,19
S8-2428,PROFILE_1024_87,P0_HARD_CUTOVER,R2_PERIODIC_MEDIUM,A2_DELAY_FIRST_TRANSITION_PROOF_ONE_CONTACT,5,12,0,,2,10355,0,0,12,0,0,0,INSUFFICIENT_MATERIAL_TRANSFER,,
S8-2429,PROFILE_1024_87,P0_HARD_CUTOVER,R2_PERIODIC_MEDIUM,A2_DELAY_FIRST_TRANSITION_PROOF_ONE_CONTACT,5,24,1,18,4,24236,1,0,18,0,0,0,TRUST_RESTORED,12,18
S8-2430,PROFILE_1024_87,P0_HARD_CUTOVER,R2_PERIODIC_MEDIUM,A2_DELAY_FIRST_TRANSITION_PROOF_ONE_CONTACT,5,48,1,18,4,24236,1,0,18,0,0,0,TRUST_RESTORED,12,18
S8-2431,PROFILE_1024_87,P0_HARD_CUTOVER,R2_PERIODIC_MEDIUM,A3_STALE_EPOCH_REPLAY_AT_COMMIT,0,12,0,,3,23174,2,0,11,0,0,0,EPOCH_DIVERGENCE,5,11
S8-2432,PROFILE_1024_87,P0_HARD_CUTOVER,R2_PERIODIC_MEDIUM,A3_STALE_EPOCH_REPLAY_AT_COMMIT,0,24,1,17,4,24236,2,0,11,0,0,0,TRUST_RESTORED,5,11
S8-2433,PROFILE_1024_87,P0_HARD_CUTOVER,R2_PERIODIC_MEDIUM,A3_STALE_EPOCH_REPLAY_AT_COMMIT,0,48,1,17,4,24236,2,0,11,0,0,0,TRUST_RESTORED,5,11
S8-2434,PROFILE_1024_87,P0_HARD_CUTOVER,R2_PERIODIC_MEDIUM,A3_STALE_EPOCH_REPLAY_AT_COMMIT,1,12,0,,2,14982,1,0,12,0,0,0,INSUFFICIENT_MATERIAL_TRANSFER,10,
S8-2435,PROFILE_1024_87,P0_HARD_CUTOVER,R2_PERIODIC_MEDIUM,A3_STALE_EPOCH_REPLAY_AT_COMMIT,1,24,1,22,4,24236,2,0,16,0,0,0,TRUST_RESTORED,10,16
S8-2436,PROFILE_1024_87,P0_HARD_CUTOVER,R2_PERIODIC_MEDIUM,A3_STALE_EPOCH_REPLAY_AT_COMMIT,1,48,1,22,4,24236,2,0,16,0,0,0,TRUST_RESTORED,10,16
S8-2437,PROFILE_1024_87,P0_HARD_CUTOVER,R2_PERIODIC_MEDIUM,A3_STALE_EPOCH_REPLAY_AT_COMMIT,2,12,0,,2,14982,1,0,12,0,0,0,INSUFFICIENT_MATERIAL_TRANSFER,9,
S8-2438,PROFILE_1024_87,P0_HARD_CUTOVER,R2_PERIODIC_MEDIUM,A3_STALE_EPOCH_REPLAY_AT_COMMIT,2,24,1,21,4,24236,2,0,15,0,0,0,TRUST_RESTORED,9,15
S8-2439,PROFILE_1024_87,P0_HARD_CUTOVER,R2_PERIODIC_MEDIUM,A3_STALE_EPOCH_REPLAY_AT_COMMIT,2,48,1,21,4,24236,2,0,15,0,0,0,TRUST_RESTORED,9,15
S8-2440,PROFILE_1024_87,P0_HARD_CUTOVER,R2_PERIODIC_MEDIUM,A3_STALE_EPOCH_REPLAY_AT_COMMIT,3,12,0,,2,14982,1,0,12,0,0,0,INSUFFICIENT_MATERIAL_TRANSFER,8,
S8-2441,PROFILE_1024_87,P0_HARD_CUTOVER,R2_PERIODIC_MEDIUM,A3_STALE_EPOCH_REPLAY_AT_COMMIT,3,24,1,20,4,24236,2,0,14,0,0,0,TRUST_RESTORED,8,14
S8-2442,PROFILE_1024_87,P0_HARD_CUTOVER,R2_PERIODIC_MEDIUM,A3_STALE_EPOCH_REPLAY_AT_COMMIT,3,48,1,20,4,24236,2,0,14,0,0,0,TRUST_RESTORED,8,14
S8-2443,PROFILE_1024_87,P0_HARD_CUTOVER,R2_PERIODIC_MEDIUM,A3_STALE_EPOCH_REPLAY_AT_COMMIT,4,12,0,,2,14982,1,0,12,0,0,0,INSUFFICIENT_MATERIAL_TRANSFER,7,
S8-2444,PROFILE_1024_87,P0_HARD_CUTOVER,R2_PERIODIC_MEDIUM,A3_STALE_EPOCH_REPLAY_AT_COMMIT,4,24,1,19,4,24236,2,0,13,0,0,0,TRUST_RESTORED,7,13
S8-2445,PROFILE_1024_87,P0_HARD_CUTOVER,R2_PERIODIC_MEDIUM,A3_STALE_EPOCH_REPLAY_AT_COMMIT,4,48,1,19,4,24236,2,0,13,0,0,0,TRUST_RESTORED,7,13
S8-2446,PROFILE_1024_87,P0_HARD_CUTOVER,R2_PERIODIC_MEDIUM,A3_STALE_EPOCH_REPLAY_AT_COMMIT,5,12,0,,2,14982,1,0,12,0,0,0,INSUFFICIENT_MATERIAL_TRANSFER,6,
S8-2447,PROFILE_1024_87,P0_HARD_CUTOVER,R2_PERIODIC_MEDIUM,A3_STALE_EPOCH_REPLAY_AT_COMMIT,5,24,1,18,4,24236,2,0,12,0,0,0,TRUST_RESTORED,6,12
S8-2448,PROFILE_1024_87,P0_HARD_CUTOVER,R2_PERIODIC_MEDIUM,A3_STALE_EPOCH_REPLAY_AT_COMMIT,5,48,1,18,4,24236,2,0,12,0,0,0,TRUST_RESTORED,6,12
S8-2449,PROFILE_1024_87,P0_HARD_CUTOVER,R3_SPARSE_LARGE,A0_NONE,0,12,1,11,2,24236,1,0,11,0,0,0,TRUST_RESTORED,0,11
S8-2450,PROFILE_1024_87,P0_HARD_CUTOVER,R3_SPARSE_LARGE,A0_NONE,0,24,1,11,2,24236,1,0,11,0,0,0,TRUST_RESTORED,0,11
S8-2451,PROFILE_1024_87,P0_HARD_CUTOVER,R3_SPARSE_LARGE,A0_NONE,0,48,1,11,2,24236,1,0,11,0,0,0,TRUST_RESTORED,0,11
S8-2452,PROFILE_1024_87,P0_HARD_CUTOVER,R3_SPARSE_LARGE,A0_NONE,1,12,0,,1,16384,0,0,12,0,0,0,INSUFFICIENT_MATERIAL_TRANSFER,10,
S8-2453,PROFILE_1024_87,P0_HARD_CUTOVER,R3_SPARSE_LARGE,A0_NONE,1,24,1,22,2,24236,1,0,22,0,0,0,TRUST_RESTORED,10,22
S8-2454,PROFILE_1024_87,P0_HARD_CUTOVER,R3_SPARSE_LARGE,A0_NONE,1,48,1,22,2,24236,1,0,22,0,0,0,TRUST_RESTORED,10,22
S8-2455,PROFILE_1024_87,P0_HARD_CUTOVER,R3_SPARSE_LARGE,A0_NONE,2,12,0,,1,16384,0,0,12,0,0,0,INSUFFICIENT_MATERIAL_TRANSFER,9,
S8-2456,PROFILE_1024_87,P0_HARD_CUTOVER,R3_SPARSE_LARGE,A0_NONE,2,24,1,21,2,24236,1,0,21,0,0,0,TRUST_RESTORED,9,21
S8-2457,PROFILE_1024_87,P0_HARD_CUTOVER,R3_SPARSE_LARGE,A0_NONE,2,48,1,21,2,24236,1,0,21,0,0,0,TRUST_RESTORED,9,21
S8-2458,PROFILE_1024_87,P0_HARD_CUTOVER,R3_SPARSE_LARGE,A0_NONE,3,12,0,,1,16384,0,0,12,0,0,0,INSUFFICIENT_MATERIAL_TRANSFER,8,
S8-2459,PROFILE_1024_87,P0_HARD_CUTOVER,R3_SPARSE_LARGE,A0_NONE,3,24,1,20,2,24236,1,0,20,0,0,0,TRUST_RESTORED,8,20
S8-2460,PROFILE_1024_87,P0_HARD_CUTOVER,R3_SPARSE_LARGE,A0_NONE,3,48,1,20,2,24236,1,0,20,0,0,0,TRUST_RESTORED,8,20
S8-2461,PROFILE_1024_87,P0_HARD_CUTOVER,R3_SPARSE_LARGE,A0_NONE,4,12,0,,1,16384,0,0,12,0,0,0,INSUFFICIENT_MATERIAL_TRANSFER,7,
S8-2462,PROFILE_1024_87,P0_HARD_CUTOVER,R3_SPARSE_LARGE,A0_NONE,4,24,1,19,2,24236,1,0,19,0,0,0,TRUST_RESTORED,7,19
S8-2463,PROFILE_1024_87,P0_HARD_CUTOVER,R3_SPARSE_LARGE,A0_NONE,4,48,1,19,2,24236,1,0,19,0,0,0,TRUST_RESTORED,7,19
S8-2464,PROFILE_1024_87,P0_HARD_CUTOVER,R3_SPARSE_LARGE,A0_NONE,5,12,0,,1,16384,0,0,12,0,0,0,INSUFFICIENT_MATERIAL_TRANSFER,6,
S8-2465,PROFILE_1024_87,P0_HARD_CUTOVER,R3_SPARSE_LARGE,A0_NONE,5,24,1,18,2,24236,1,0,18,0,0,0,TRUST_RESTORED,6,18
S8-2466,PROFILE_1024_87,P0_HARD_CUTOVER,R3_SPARSE_LARGE,A0_NONE,5,48,1,18,2,24236,1,0,18,0,0,0,TRUST_RESTORED,6,18
S8-2467,PROFILE_1024_87,P0_HARD_CUTOVER,R3_SPARSE_LARGE,A1_DROP_FIRST_LARGEST_OBJECT_FRAGMENT,0,12,1,11,2,28863,1,0,11,0,0,0,TRUST_RESTORED,11,11
S8-2468,PROFILE_1024_87,P0_HARD_CUTOVER,R3_SPARSE_LARGE,A1_DROP_FIRST_LARGEST_OBJECT_FRAGMENT,0,24,1,11,2,28863,1,0,11,0,0,0,TRUST_RESTORED,11,11
S8-2469,PROFILE_1024_87,P0_HARD_CUTOVER,R3_SPARSE_LARGE,A1_DROP_FIRST_LARGEST_OBJECT_FRAGMENT,0,48,1,11,2,28863,1,0,11,0,0,0,TRUST_RESTORED,11,11
S8-2470,PROFILE_1024_87,P0_HARD_CUTOVER,R3_SPARSE_LARGE,A1_DROP_FIRST_LARGEST_OBJECT_FRAGMENT,1,12,0,,1,16384,0,0,12,0,0,0,INSUFFICIENT_MATERIAL_TRANSFER,,
S8-2471,PROFILE_1024_87,P0_HARD_CUTOVER,R3_SPARSE_LARGE,A1_DROP_FIRST_LARGEST_OBJECT_FRAGMENT,1,24,1,22,2,28863,1,0,22,0,0,0,TRUST_RESTORED,22,22
S8-2472,PROFILE_1024_87,P0_HARD_CUTOVER,R3_SPARSE_LARGE,A1_DROP_FIRST_LARGEST_OBJECT_FRAGMENT,1,48,1,22,2,28863,1,0,22,0,0,0,TRUST_RESTORED,22,22
S8-2473,PROFILE_1024_87,P0_HARD_CUTOVER,R3_SPARSE_LARGE,A1_DROP_FIRST_LARGEST_OBJECT_FRAGMENT,2,12,0,,1,16384,0,0,12,0,0,0,INSUFFICIENT_MATERIAL_TRANSFER,,
S8-2474,PROFILE_1024_87,P0_HARD_CUTOVER,R3_SPARSE_LARGE,A1_DROP_FIRST_LARGEST_OBJECT_FRAGMENT,2,24,1,21,2,28863,1,0,21,0,0,0,TRUST_RESTORED,21,21
S8-2475,PROFILE_1024_87,P0_HARD_CUTOVER,R3_SPARSE_LARGE,A1_DROP_FIRST_LARGEST_OBJECT_FRAGMENT,2,48,1,21,2,28863,1,0,21,0,0,0,TRUST_RESTORED,21,21
S8-2476,PROFILE_1024_87,P0_HARD_CUTOVER,R3_SPARSE_LARGE,A1_DROP_FIRST_LARGEST_OBJECT_FRAGMENT,3,12,0,,1,16384,0,0,12,0,0,0,INSUFFICIENT_MATERIAL_TRANSFER,,
S8-2477,PROFILE_1024_87,P0_HARD_CUTOVER,R3_SPARSE_LARGE,A1_DROP_FIRST_LARGEST_OBJECT_FRAGMENT,3,24,1,20,2,28863,1,0,20,0,0,0,TRUST_RESTORED,20,20
S8-2478,PROFILE_1024_87,P0_HARD_CUTOVER,R3_SPARSE_LARGE,A1_DROP_FIRST_LARGEST_OBJECT_FRAGMENT,3,48,1,20,2,28863,1,0,20,0,0,0,TRUST_RESTORED,20,20
S8-2479,PROFILE_1024_87,P0_HARD_CUTOVER,R3_SPARSE_LARGE,A1_DROP_FIRST_LARGEST_OBJECT_FRAGMENT,4,12,0,,1,16384,0,0,12,0,0,0,INSUFFICIENT_MATERIAL_TRANSFER,,
S8-2480,PROFILE_1024_87,P0_HARD_CUTOVER,R3_SPARSE_LARGE,A1_DROP_FIRST_LARGEST_OBJECT_FRAGMENT,4,24,1,19,2,28863,1,0,19,0,0,0,TRUST_RESTORED,19,19
S8-2481,PROFILE_1024_87,P0_HARD_CUTOVER,R3_SPARSE_LARGE,A1_DROP_FIRST_LARGEST_OBJECT_FRAGMENT,4,48,1,19,2,28863,1,0,19,0,0,0,TRUST_RESTORED,19,19
S8-2482,PROFILE_1024_87,P0_HARD_CUTOVER,R3_SPARSE_LARGE,A1_DROP_FIRST_LARGEST_OBJECT_FRAGMENT,5,12,0,,1,16384,0,0,12,0,0,0,INSUFFICIENT_MATERIAL_TRANSFER,,
S8-2483,PROFILE_1024_87,P0_HARD_CUTOVER,R3_SPARSE_LARGE,A1_DROP_FIRST_LARGEST_OBJECT_FRAGMENT,5,24,1,18,2,28863,1,0,18,0,0,0,TRUST_RESTORED,18,18
S8-2484,PROFILE_1024_87,P0_HARD_CUTOVER,R3_SPARSE_LARGE,A1_DROP_FIRST_LARGEST_OBJECT_FRAGMENT,5,48,1,18,2,28863,1,0,18,0,0,0,TRUST_RESTORED,18,18
S8-2485,PROFILE_1024_87,P0_HARD_CUTOVER,R3_SPARSE_LARGE,A2_DELAY_FIRST_TRANSITION_PROOF_ONE_CONTACT,0,12,1,11,2,24236,1,0,11,0,0,0,TRUST_RESTORED,11,11
S8-2486,PROFILE_1024_87,P0_HARD_CUTOVER,R3_SPARSE_LARGE,A2_DELAY_FIRST_TRANSITION_PROOF_ONE_CONTACT,0,24,1,11,2,24236,1,0,11,0,0,0,TRUST_RESTORED,11,11
S8-2487,PROFILE_1024_87,P0_HARD_CUTOVER,R3_SPARSE_LARGE,A2_DELAY_FIRST_TRANSITION_PROOF_ONE_CONTACT,0,48,1,11,2,24236,1,0,11,0,0,0,TRUST_RESTORED,11,11
S8-2488,PROFILE_1024_87,P0_HARD_CUTOVER,R3_SPARSE_LARGE,A2_DELAY_FIRST_TRANSITION_PROOF_ONE_CONTACT,1,12,0,,1,10355,0,0,12,0,0,0,INSUFFICIENT_MATERIAL_TRANSFER,,
S8-2489,PROFILE_1024_87,P0_HARD_CUTOVER,R3_SPARSE_LARGE,A2_DELAY_FIRST_TRANSITION_PROOF_ONE_CONTACT,1,24,1,22,2,24236,1,0,22,0,0,0,TRUST_RESTORED,22,22
S8-2490,PROFILE_1024_87,P0_HARD_CUTOVER,R3_SPARSE_LARGE,A2_DELAY_FIRST_TRANSITION_PROOF_ONE_CONTACT,1,48,1,22,2,24236,1,0,22,0,0,0,TRUST_RESTORED,22,22
S8-2491,PROFILE_1024_87,P0_HARD_CUTOVER,R3_SPARSE_LARGE,A2_DELAY_FIRST_TRANSITION_PROOF_ONE_CONTACT,2,12,0,,1,10355,0,0,12,0,0,0,INSUFFICIENT_MATERIAL_TRANSFER,,
S8-2492,PROFILE_1024_87,P0_HARD_CUTOVER,R3_SPARSE_LARGE,A2_DELAY_FIRST_TRANSITION_PROOF_ONE_CONTACT,2,24,1,21,2,24236,1,0,21,0,0,0,TRUST_RESTORED,21,21
S8-2493,PROFILE_1024_87,P0_HARD_CUTOVER,R3_SPARSE_LARGE,A2_DELAY_FIRST_TRANSITION_PROOF_ONE_CONTACT,2,48,1,21,2,24236,1,0,21,0,0,0,TRUST_RESTORED,21,21
S8-2494,PROFILE_1024_87,P0_HARD_CUTOVER,R3_SPARSE_LARGE,A2_DELAY_FIRST_TRANSITION_PROOF_ONE_CONTACT,3,12,0,,1,10355,0,0,12,0,0,0,INSUFFICIENT_MATERIAL_TRANSFER,,
S8-2495,PROFILE_1024_87,P0_HARD_CUTOVER,R3_SPARSE_LARGE,A2_DELAY_FIRST_TRANSITION_PROOF_ONE_CONTACT,3,24,1,20,2,24236,1,0,20,0,0,0,TRUST_RESTORED,20,20
S8-2496,PROFILE_1024_87,P0_HARD_CUTOVER,R3_SPARSE_LARGE,A2_DELAY_FIRST_TRANSITION_PROOF_ONE_CONTACT,3,48,1,20,2,24236,1,0,20,0,0,0,TRUST_RESTORED,20,20
S8-2497,PROFILE_1024_87,P0_HARD_CUTOVER,R3_SPARSE_LARGE,A2_DELAY_FIRST_TRANSITION_PROOF_ONE_CONTACT,4,12,0,,1,10355,0,0,12,0,0,0,INSUFFICIENT_MATERIAL_TRANSFER,,
S8-2498,PROFILE_1024_87,P0_HARD_CUTOVER,R3_SPARSE_LARGE,A2_DELAY_FIRST_TRANSITION_PROOF_ONE_CONTACT,4,24,1,19,2,24236,1,0,19,0,0,0,TRUST_RESTORED,19,19
S8-2499,PROFILE_1024_87,P0_HARD_CUTOVER,R3_SPARSE_LARGE,A2_DELAY_FIRST_TRANSITION_PROOF_ONE_CONTACT,4,48,1,19,2,24236,1,0,19,0,0,0,TRUST_RESTORED,19,19
S8-2500,PROFILE_1024_87,P0_HARD_CUTOVER,R3_SPARSE_LARGE,A2_DELAY_FIRST_TRANSITION_PROOF_ONE_CONTACT,5,12,0,,1,10355,0,0,12,0,0,0,INSUFFICIENT_MATERIAL_TRANSFER,,
S8-2501,PROFILE_1024_87,P0_HARD_CUTOVER,R3_SPARSE_LARGE,A2_DELAY_FIRST_TRANSITION_PROOF_ONE_CONTACT,5,24,1,18,2,24236,1,0,18,0,0,0,TRUST_RESTORED,18,18
S8-2502,PROFILE_1024_87,P0_HARD_CUTOVER,R3_SPARSE_LARGE,A2_DELAY_FIRST_TRANSITION_PROOF_ONE_CONTACT,5,48,1,18,2,24236,1,0,18,0,0,0,TRUST_RESTORED,18,18
S8-2503,PROFILE_1024_87,P0_HARD_CUTOVER,R3_SPARSE_LARGE,A3_STALE_EPOCH_REPLAY_AT_COMMIT,0,12,1,11,2,24236,2,0,11,0,0,0,TRUST_RESTORED,0,11
S8-2504,PROFILE_1024_87,P0_HARD_CUTOVER,R3_SPARSE_LARGE,A3_STALE_EPOCH_REPLAY_AT_COMMIT,0,24,1,11,2,24236,2,0,11,0,0,0,TRUST_RESTORED,0,11
S8-2505,PROFILE_1024_87,P0_HARD_CUTOVER,R3_SPARSE_LARGE,A3_STALE_EPOCH_REPLAY_AT_COMMIT,0,48,1,11,2,24236,2,0,11,0,0,0,TRUST_RESTORED,0,11
S8-2506,PROFILE_1024_87,P0_HARD_CUTOVER,R3_SPARSE_LARGE,A3_STALE_EPOCH_REPLAY_AT_COMMIT,1,12,0,,1,14982,1,0,12,0,0,0,INSUFFICIENT_MATERIAL_TRANSFER,10,
S8-2507,PROFILE_1024_87,P0_HARD_CUTOVER,R3_SPARSE_LARGE,A3_STALE_EPOCH_REPLAY_AT_COMMIT,1,24,1,22,2,24236,2,0,22,0,0,0,TRUST_RESTORED,10,22
S8-2508,PROFILE_1024_87,P0_HARD_CUTOVER,R3_SPARSE_LARGE,A3_STALE_EPOCH_REPLAY_AT_COMMIT,1,48,1,22,2,24236,2,0,22,0,0,0,TRUST_RESTORED,10,22
S8-2509,PROFILE_1024_87,P0_HARD_CUTOVER,R3_SPARSE_LARGE,A3_STALE_EPOCH_REPLAY_AT_COMMIT,2,12,0,,1,14982,1,0,12,0,0,0,INSUFFICIENT_MATERIAL_TRANSFER,9,
S8-2510,PROFILE_1024_87,P0_HARD_CUTOVER,R3_SPARSE_LARGE,A3_STALE_EPOCH_REPLAY_AT_COMMIT,2,24,1,21,2,24236,2,0,21,0,0,0,TRUST_RESTORED,9,21
S8-2511,PROFILE_1024_87,P0_HARD_CUTOVER,R3_SPARSE_LARGE,A3_STALE_EPOCH_REPLAY_AT_COMMIT,2,48,1,21,2,24236,2,0,21,0,0,0,TRUST_RESTORED,9,21
S8-2512,PROFILE_1024_87,P0_HARD_CUTOVER,R3_SPARSE_LARGE,A3_STALE_EPOCH_REPLAY_AT_COMMIT,3,12,0,,1,14982,1,0,12,0,0,0,INSUFFICIENT_MATERIAL_TRANSFER,8,
S8-2513,PROFILE_1024_87,P0_HARD_CUTOVER,R3_SPARSE_LARGE,A3_STALE_EPOCH_REPLAY_AT_COMMIT,3,24,1,20,2,24236,2,0,20,0,0,0,TRUST_RESTORED,8,20
S8-2514,PROFILE_1024_87,P0_HARD_CUTOVER,R3_SPARSE_LARGE,A3_STALE_EPOCH_REPLAY_AT_COMMIT,3,48,1,20,2,24236,2,0,20,0,0,0,TRUST_RESTORED,8,20
S8-2515,PROFILE_1024_87,P0_HARD_CUTOVER,R3_SPARSE_LARGE,A3_STALE_EPOCH_REPLAY_AT_COMMIT,4,12,0,,1,14982,1,0,12,0,0,0,INSUFFICIENT_MATERIAL_TRANSFER,7,
S8-2516,PROFILE_1024_87,P0_HARD_CUTOVER,R3_SPARSE_LARGE,A3_STALE_EPOCH_REPLAY_AT_COMMIT,4,24,1,19,2,24236,2,0,19,0,0,0,TRUST_RESTORED,7,19
S8-2517,PROFILE_1024_87,P0_HARD_CUTOVER,R3_SPARSE_LARGE,A3_STALE_EPOCH_REPLAY_AT_COMMIT,4,48,1,19,2,24236,2,0,19,0,0,0,TRUST_RESTORED,7,19
S8-2518,PROFILE_1024_87,P0_HARD_CUTOVER,R3_SPARSE_LARGE,A3_STALE_EPOCH_REPLAY_AT_COMMIT,5,12,0,,1,14982,1,0,12,0,0,0,INSUFFICIENT_MATERIAL_TRANSFER,6,
S8-2519,PROFILE_1024_87,P0_HARD_CUTOVER,R3_SPARSE_LARGE,A3_STALE_EPOCH_REPLAY_AT_COMMIT,5,24,1,18,2,24236,2,0,18,0,0,0,TRUST_RESTORED,6,18
S8-2520,PROFILE_1024_87,P0_HARD_CUTOVER,R3_SPARSE_LARGE,A3_STALE_EPOCH_REPLAY_AT_COMMIT,5,48,1,18,2,24236,2,0,18,0,0,0,TRUST_RESTORED,6,18
S8-2521,PROFILE_1024_87,P0_HARD_CUTOVER,R4_CLUSTERED_MEDIUM,A0_NONE,0,12,0,,2,16384,0,0,12,0,0,0,INSUFFICIENT_MATERIAL_TRANSFER,1,
S8-2522,PROFILE_1024_87,P0_HARD_CUTOVER,R4_CLUSTERED_MEDIUM,A0_NONE,0,24,1,13,3,24236,1,0,13,0,0,0,TRUST_RESTORED,1,13
S8-2523,PROFILE_1024_87,P0_HARD_CUTOVER,R4_CLUSTERED_MEDIUM,A0_NONE,0,48,1,13,3,24236,1,0,13,0,0,0,TRUST_RESTORED,1,13
S8-2524,PROFILE_1024_87,P0_HARD_CUTOVER,R4_CLUSTERED_MEDIUM,A0_NONE,1,12,0,,1,8192,0,0,12,0,0,0,INSUFFICIENT_MATERIAL_TRANSFER,,
S8-2525,PROFILE_1024_87,P0_HARD_CUTOVER,R4_CLUSTERED_MEDIUM,A0_NONE,1,24,1,13,3,24236,1,0,13,0,0,0,TRUST_RESTORED,12,13
S8-2526,PROFILE_1024_87,P0_HARD_CUTOVER,R4_CLUSTERED_MEDIUM,A0_NONE,1,48,1,13,3,24236,1,0,13,0,0,0,TRUST_RESTORED,12,13
S8-2527,PROFILE_1024_87,P0_HARD_CUTOVER,R4_CLUSTERED_MEDIUM,A0_NONE,2,12,0,,1,8192,0,0,12,0,0,0,INSUFFICIENT_MATERIAL_TRANSFER,,
S8-2528,PROFILE_1024_87,P0_HARD_CUTOVER,R4_CLUSTERED_MEDIUM,A0_NONE,2,24,0,,2,16384,0,0,24,0,0,0,INSUFFICIENT_MATERIAL_TRANSFER,12,
S8-2529,PROFILE_1024_87,P0_HARD_CUTOVER,R4_CLUSTERED_MEDIUM,A0_NONE,2,48,1,27,3,24236,1,0,27,0,0,0,TRUST_RESTORED,12,27
S8-2530,PROFILE_1024_87,P0_HARD_CUTOVER,R4_CLUSTERED_MEDIUM,A0_NONE,3,12,0,,2,16384,0,0,12,0,0,0,INSUFFICIENT_MATERIAL_TRANSFER,11,
S8-2531,PROFILE_1024_87,P0_HARD_CUTOVER,R4_CLUSTERED_MEDIUM,A0_NONE,3,24,0,,2,16384,0,0,24,0,0,0,INSUFFICIENT_MATERIAL_TRANSFER,11,
S8-2532,PROFILE_1024_87,P0_HARD_CUTOVER,R4_CLUSTERED_MEDIUM,A0_NONE,3,48,1,26,3,24236,1,0,26,0,0,0,TRUST_RESTORED,11,26
S8-2533,PROFILE_1024_87,P0_HARD_CUTOVER,R4_CLUSTERED_MEDIUM,A0_NONE,4,12,0,,2,16384,0,0,12,0,0,0,INSUFFICIENT_MATERIAL_TRANSFER,10,
S8-2534,PROFILE_1024_87,P0_HARD_CUTOVER,R4_CLUSTERED_MEDIUM,A0_NONE,4,24,0,,2,16384,0,0,24,0,0,0,INSUFFICIENT_MATERIAL_TRANSFER,10,
S8-2535,PROFILE_1024_87,P0_HARD_CUTOVER,R4_CLUSTERED_MEDIUM,A0_NONE,4,48,1,25,3,24236,1,0,25,0,0,0,TRUST_RESTORED,10,25
S8-2536,PROFILE_1024_87,P0_HARD_CUTOVER,R4_CLUSTERED_MEDIUM,A0_NONE,5,12,0,,2,16384,0,0,12,0,0,0,INSUFFICIENT_MATERIAL_TRANSFER,9,
S8-2537,PROFILE_1024_87,P0_HARD_CUTOVER,R4_CLUSTERED_MEDIUM,A0_NONE,5,24,0,,2,16384,0,0,24,0,0,0,INSUFFICIENT_MATERIAL_TRANSFER,9,
S8-2538,PROFILE_1024_87,P0_HARD_CUTOVER,R4_CLUSTERED_MEDIUM,A0_NONE,5,48,1,24,3,24236,1,0,24,0,0,0,TRUST_RESTORED,9,24
S8-2539,PROFILE_1024_87,P0_HARD_CUTOVER,R4_CLUSTERED_MEDIUM,A1_DROP_FIRST_LARGEST_OBJECT_FRAGMENT,0,12,0,,2,16384,0,0,12,0,0,0,INSUFFICIENT_MATERIAL_TRANSFER,,
S8-2540,PROFILE_1024_87,P0_HARD_CUTOVER,R4_CLUSTERED_MEDIUM,A1_DROP_FIRST_LARGEST_OBJECT_FRAGMENT,0,24,1,14,4,28863,1,0,13,0,0,0,TRUST_RESTORED,13,13
S8-2541,PROFILE_1024_87,P0_HARD_CUTOVER,R4_CLUSTERED_MEDIUM,A1_DROP_FIRST_LARGEST_OBJECT_FRAGMENT,0,48,1,14,4,28863,1,0,13,0,0,0,TRUST_RESTORED,13,13
S8-2542,PROFILE_1024_87,P0_HARD_CUTOVER,R4_CLUSTERED_MEDIUM,A1_DROP_FIRST_LARGEST_OBJECT_FRAGMENT,1,12,0,,1,8192,0,0,12,0,0,0,INSUFFICIENT_MATERIAL_TRANSFER,,
S8-2543,PROFILE_1024_87,P0_HARD_CUTOVER,R4_CLUSTERED_MEDIUM,A1_DROP_FIRST_LARGEST_OBJECT_FRAGMENT,1,24,0,,3,24576,1,0,13,0,0,0,EPOCH_DIVERGENCE,13,13
S8-2544,PROFILE_1024_87,P0_HARD_CUTOVER,R4_CLUSTERED_MEDIUM,A1_DROP_FIRST_LARGEST_OBJECT_FRAGMENT,1,48,1,28,4,28863,1,0,13,0,0,0,TRUST_RESTORED,13,13
S8-2545,PROFILE_1024_87,P0_HARD_CUTOVER,R4_CLUSTERED_MEDIUM,A1_DROP_FIRST_LARGEST_OBJECT_FRAGMENT,2,12,0,,1,8192,0,0,12,0,0,0,INSUFFICIENT_MATERIAL_TRANSFER,,
S8-2546,PROFILE_1024_87,P0_HARD_CUTOVER,R4_CLUSTERED_MEDIUM,A1_DROP_FIRST_LARGEST_OBJECT_FRAGMENT,2,24,0,,2,16384,0,0,24,0,0,0,INSUFFICIENT_MATERIAL_TRANSFER,,
S8-2547,PROFILE_1024_87,P0_HARD_CUTOVER,R4_CLUSTERED_MEDIUM,A1_DROP_FIRST_LARGEST_OBJECT_FRAGMENT,2,48,1,28,4,28863,1,0,27,0,0,0,TRUST_RESTORED,27,27
S8-2548,PROFILE_1024_87,P0_HARD_CUTOVER,R4_CLUSTERED_MEDIUM,A1_DROP_FIRST_LARGEST_OBJECT_FRAGMENT,3,12,0,,2,16384,0,0,12,0,0,0,INSUFFICIENT_MATERIAL_TRANSFER,,
S8-2549,PROFILE_1024_87,P0_HARD_CUTOVER,R4_CLUSTERED_MEDIUM,A1_DROP_FIRST_LARGEST_OBJECT_FRAGMENT,3,24,0,,2,16384,0,0,24,0,0,0,INSUFFICIENT_MATERIAL_TRANSFER,,
S8-2550,PROFILE_1024_87,P0_HARD_CUTOVER,R4_CLUSTERED_MEDIUM,A1_DROP_FIRST_LARGEST_OBJECT_FRAGMENT,3,48,1,27,4,28863,1,0,26,0,0,0,TRUST_RESTORED,26,26
S8-2551,PROFILE_1024_87,P0_HARD_CUTOVER,R4_CLUSTERED_MEDIUM,A1_DROP_FIRST_LARGEST_OBJECT_FRAGMENT,4,12,0,,2,16384,0,0,12,0,0,0,INSUFFICIENT_MATERIAL_TRANSFER,,
S8-2552,PROFILE_1024_87,P0_HARD_CUTOVER,R4_CLUSTERED_MEDIUM,A1_DROP_FIRST_LARGEST_OBJECT_FRAGMENT,4,24,0,,2,16384,0,0,24,0,0,0,INSUFFICIENT_MATERIAL_TRANSFER,,
S8-2553,PROFILE_1024_87,P0_HARD_CUTOVER,R4_CLUSTERED_MEDIUM,A1_DROP_FIRST_LARGEST_OBJECT_FRAGMENT,4,48,1,26,4,28863,1,0,25,0,0,0,TRUST_RESTORED,25,25
S8-2554,PROFILE_1024_87,P0_HARD_CUTOVER,R4_CLUSTERED_MEDIUM,A1_DROP_FIRST_LARGEST_OBJECT_FRAGMENT,5,12,0,,2,16384,0,0,12,0,0,0,INSUFFICIENT_MATERIAL_TRANSFER,,
S8-2555,PROFILE_1024_87,P0_HARD_CUTOVER,R4_CLUSTERED_MEDIUM,A1_DROP_FIRST_LARGEST_OBJECT_FRAGMENT,5,24,0,,2,16384,0,0,24,0,0,0,INSUFFICIENT_MATERIAL_TRANSFER,,
S8-2556,PROFILE_1024_87,P0_HARD_CUTOVER,R4_CLUSTERED_MEDIUM,A1_DROP_FIRST_LARGEST_OBJECT_FRAGMENT,5,48,1,25,4,28863,1,0,24,0,0,0,TRUST_RESTORED,24,24
S8-2557,PROFILE_1024_87,P0_HARD_CUTOVER,R4_CLUSTERED_MEDIUM,A2_DELAY_FIRST_TRANSITION_PROOF_ONE_CONTACT,0,12,0,,2,10355,0,0,12,0,0,0,INSUFFICIENT_MATERIAL_TRANSFER,,
S8-2558,PROFILE_1024_87,P0_HARD_CUTOVER,R4_CLUSTERED_MEDIUM,A2_DELAY_FIRST_TRANSITION_PROOF_ONE_CONTACT,0,24,1,14,4,24236,1,0,14,0,0,0,TRUST_RESTORED,13,14
S8-2559,PROFILE_1024_87,P0_HARD_CUTOVER,R4_CLUSTERED_MEDIUM,A2_DELAY_FIRST_TRANSITION_PROOF_ONE_CONTACT,0,48,1,14,4,24236,1,0,14,0,0,0,TRUST_RESTORED,13,14
S8-2560,PROFILE_1024_87,P0_HARD_CUTOVER,R4_CLUSTERED_MEDIUM,A2_DELAY_FIRST_TRANSITION_PROOF_ONE_CONTACT,1,12,0,,1,8192,0,0,12,0,0,0,INSUFFICIENT_MATERIAL_TRANSFER,,
S8-2561,PROFILE_1024_87,P0_HARD_CUTOVER,R4_CLUSTERED_MEDIUM,A2_DELAY_FIRST_TRANSITION_PROOF_ONE_CONTACT,1,24,0,,3,18547,0,0,24,0,0,0,INSUFFICIENT_MATERIAL_TRANSFER,13,
S8-2562,PROFILE_1024_87,P0_HARD_CUTOVER,R4_CLUSTERED_MEDIUM,A2_DELAY_FIRST_TRANSITION_PROOF_ONE_CONTACT,1,48,1,28,4,24236,1,0,28,0,0,0,TRUST_RESTORED,13,28
S8-2563,PROFILE_1024_87,P0_HARD_CUTOVER,R4_CLUSTERED_MEDIUM,A2_DELAY_FIRST_TRANSITION_PROOF_ONE_CONTACT,2,12,0,,1,8192,0,0,12,0,0,0,INSUFFICIENT_MATERIAL_TRANSFER,,
S8-2564,PROFILE_1024_87,P0_HARD_CUTOVER,R4_CLUSTERED_MEDIUM,A2_DELAY_FIRST_TRANSITION_PROOF_ONE_CONTACT,2,24,0,,2,10355,0,0,24,0,0,0,INSUFFICIENT_MATERIAL_TRANSFER,,
S8-2565,PROFILE_1024_87,P0_HARD_CUTOVER,R4_CLUSTERED_MEDIUM,A2_DELAY_FIRST_TRANSITION_PROOF_ONE_CONTACT,2,48,1,28,4,24236,1,0,28,0,0,0,TRUST_RESTORED,27,28
S8-2566,PROFILE_1024_87,P0_HARD_CUTOVER,R4_CLUSTERED_MEDIUM,A2_DELAY_FIRST_TRANSITION_PROOF_ONE_CONTACT,3,12,0,,2,10355,0,0,12,0,0,0,INSUFFICIENT_MATERIAL_TRANSFER,,
S8-2567,PROFILE_1024_87,P0_HARD_CUTOVER,R4_CLUSTERED_MEDIUM,A2_DELAY_FIRST_TRANSITION_PROOF_ONE_CONTACT,3,24,0,,2,10355,0,0,24,0,0,0,INSUFFICIENT_MATERIAL_TRANSFER,,
S8-2568,PROFILE_1024_87,P0_HARD_CUTOVER,R4_CLUSTERED_MEDIUM,A2_DELAY_FIRST_TRANSITION_PROOF_ONE_CONTACT,3,48,1,27,4,24236,1,0,27,0,0,0,TRUST_RESTORED,26,27
S8-2569,PROFILE_1024_87,P0_HARD_CUTOVER,R4_CLUSTERED_MEDIUM,A2_DELAY_FIRST_TRANSITION_PROOF_ONE_CONTACT,4,12,0,,2,10355,0,0,12,0,0,0,INSUFFICIENT_MATERIAL_TRANSFER,,
S8-2570,PROFILE_1024_87,P0_HARD_CUTOVER,R4_CLUSTERED_MEDIUM,A2_DELAY_FIRST_TRANSITION_PROOF_ONE_CONTACT,4,24,0,,2,10355,0,0,24,0,0,0,INSUFFICIENT_MATERIAL_TRANSFER,,
S8-2571,PROFILE_1024_87,P0_HARD_CUTOVER,R4_CLUSTERED_MEDIUM,A2_DELAY_FIRST_TRANSITION_PROOF_ONE_CONTACT,4,48,1,26,4,24236,1,0,26,0,0,0,TRUST_RESTORED,25,26
S8-2572,PROFILE_1024_87,P0_HARD_CUTOVER,R4_CLUSTERED_MEDIUM,A2_DELAY_FIRST_TRANSITION_PROOF_ONE_CONTACT,5,12,0,,2,10355,0,0,12,0,0,0,INSUFFICIENT_MATERIAL_TRANSFER,,
S8-2573,PROFILE_1024_87,P0_HARD_CUTOVER,R4_CLUSTERED_MEDIUM,A2_DELAY_FIRST_TRANSITION_PROOF_ONE_CONTACT,5,24,0,,2,10355,0,0,24,0,0,0,INSUFFICIENT_MATERIAL_TRANSFER,,
S8-2574,PROFILE_1024_87,P0_HARD_CUTOVER,R4_CLUSTERED_MEDIUM,A2_DELAY_FIRST_TRANSITION_PROOF_ONE_CONTACT,5,48,1,25,4,24236,1,0,25,0,0,0,TRUST_RESTORED,24,25
S8-2575,PROFILE_1024_87,P0_HARD_CUTOVER,R4_CLUSTERED_MEDIUM,A3_STALE_EPOCH_REPLAY_AT_COMMIT,0,12,0,,2,14982,1,0,12,0,0,0,INSUFFICIENT_MATERIAL_TRANSFER,1,
S8-2576,PROFILE_1024_87,P0_HARD_CUTOVER,R4_CLUSTERED_MEDIUM,A3_STALE_EPOCH_REPLAY_AT_COMMIT,0,24,1,14,4,24236,2,0,13,0,0,0,TRUST_RESTORED,1,13
S8-2577,PROFILE_1024_87,P0_HARD_CUTOVER,R4_CLUSTERED_MEDIUM,A3_STALE_EPOCH_REPLAY_AT_COMMIT,0,48,1,14,4,24236,2,0,13,0,0,0,TRUST_RESTORED,1,13
S8-2578,PROFILE_1024_87,P0_HARD_CUTOVER,R4_CLUSTERED_MEDIUM,A3_STALE_EPOCH_REPLAY_AT_COMMIT,1,12,0,,1,8192,0,0,12,0,0,0,INSUFFICIENT_MATERIAL_TRANSFER,,
S8-2579,PROFILE_1024_87,P0_HARD_CUTOVER,R4_CLUSTERED_MEDIUM,A3_STALE_EPOCH_REPLAY_AT_COMMIT,1,24,0,,3,23174,2,0,13,0,0,0,EPOCH_DIVERGENCE,12,13
S8-2580,PROFILE_1024_87,P0_HARD_CUTOVER,R4_CLUSTERED_MEDIUM,A3_STALE_EPOCH_REPLAY_AT_COMMIT,1,48,1,28,4,24236,2,0,13,0,0,0,TRUST_RESTORED,12,13
S8-2581,PROFILE_1024_87,P0_HARD_CUTOVER,R4_CLUSTERED_MEDIUM,A3_STALE_EPOCH_REPLAY_AT_COMMIT,2,12,0,,1,8192,0,0,12,0,0,0,INSUFFICIENT_MATERIAL_TRANSFER,,
S8-2582,PROFILE_1024_87,P0_HARD_CUTOVER,R4_CLUSTERED_MEDIUM,A3_STALE_EPOCH_REPLAY_AT_COMMIT,2,24,0,,2,14982,1,0,24,0,0,0,INSUFFICIENT_MATERIAL_TRANSFER,12,
S8-2583,PROFILE_1024_87,P0_HARD_CUTOVER,R4_CLUSTERED_MEDIUM,A3_STALE_EPOCH_REPLAY_AT_COMMIT,2,48,1,28,4,24236,2,0,27,0,0,0,TRUST_RESTORED,12,27
S8-2584,PROFILE_1024_87,P0_HARD_CUTOVER,R4_CLUSTERED_MEDIUM,A3_STALE_EPOCH_REPLAY_AT_COMMIT,3,12,0,,2,14982,1,0,12,0,0,0,INSUFFICIENT_MATERIAL_TRANSFER,11,
S8-2585,PROFILE_1024_87,P0_HARD_CUTOVER,R4_CLUSTERED_MEDIUM,A3_STALE_EPOCH_REPLAY_AT_COMMIT,3,24,0,,2,14982,1,0,24,0,0,0,INSUFFICIENT_MATERIAL_TRANSFER,11,
S8-2586,PROFILE_1024_87,P0_HARD_CUTOVER,R4_CLUSTERED_MEDIUM,A3_STALE_EPOCH_REPLAY_AT_COMMIT,3,48,1,27,4,24236,2,0,26,0,0,0,TRUST_RESTORED,11,26
S8-2587,PROFILE_1024_87,P0_HARD_CUTOVER,R4_CLUSTERED_MEDIUM,A3_STALE_EPOCH_REPLAY_AT_COMMIT,4,12,0,,2,14982,1,0,12,0,0,0,INSUFFICIENT_MATERIAL_TRANSFER,10,
S8-2588,PROFILE_1024_87,P0_HARD_CUTOVER,R4_CLUSTERED_MEDIUM,A3_STALE_EPOCH_REPLAY_AT_COMMIT,4,24,0,,2,14982,1,0,24,0,0,0,INSUFFICIENT_MATERIAL_TRANSFER,10,
S8-2589,PROFILE_1024_87,P0_HARD_CUTOVER,R4_CLUSTERED_MEDIUM,A3_STALE_EPOCH_REPLAY_AT_COMMIT,4,48,1,26,4,24236,2,0,25,0,0,0,TRUST_RESTORED,10,25
S8-2590,PROFILE_1024_87,P0_HARD_CUTOVER,R4_CLUSTERED_MEDIUM,A3_STALE_EPOCH_REPLAY_AT_COMMIT,5,12,0,,2,14982,1,0,12,0,0,0,INSUFFICIENT_MATERIAL_TRANSFER,9,
S8-2591,PROFILE_1024_87,P0_HARD_CUTOVER,R4_CLUSTERED_MEDIUM,A3_STALE_EPOCH_REPLAY_AT_COMMIT,5,24,0,,2,14982,1,0,24,0,0,0,INSUFFICIENT_MATERIAL_TRANSFER,9,
S8-2592,PROFILE_1024_87,P0_HARD_CUTOVER,R4_CLUSTERED_MEDIUM,A3_STALE_EPOCH_REPLAY_AT_COMMIT,5,48,1,25,4,24236,2,0,24,0,0,0,TRUST_RESTORED,9,24
S8-2593,PROFILE_1024_87,P1_STAGED_CUTOVER,R1_FREQUENT_SMALL,A0_NONE,0,12,0,,5,20480,1,11,0,0,0,0,EPOCH_DIVERGENCE,8,11
S8-2594,PROFILE_1024_87,P1_STAGED_CUTOVER,R1_FREQUENT_SMALL,A0_NONE,0,24,1,14,6,24236,1,11,0,0,0,0,TRUST_RESTORED,8,11
S8-2595,PROFILE_1024_87,P1_STAGED_CUTOVER,R1_FREQUENT_SMALL,A0_NONE,0,48,1,14,6,24236,1,11,0,0,0,0,TRUST_RESTORED,8,11
S8-2596,PROFILE_1024_87,P1_STAGED_CUTOVER,R1_FREQUENT_SMALL,A0_NONE,1,12,0,,4,16384,0,12,0,0,0,0,INSUFFICIENT_MATERIAL_TRANSFER,10,
S8-2597,PROFILE_1024_87,P1_STAGED_CUTOVER,R1_FREQUENT_SMALL,A0_NONE,1,24,1,16,6,24236,1,13,0,0,0,0,TRUST_RESTORED,10,13
S8-2598,PROFILE_1024_87,P1_STAGED_CUTOVER,R1_FREQUENT_SMALL,A0_NONE,1,48,1,16,6,24236,1,13,0,0,0,0,TRUST_RESTORED,10,13
S8-2599,PROFILE_1024_87,P1_STAGED_CUTOVER,R1_FREQUENT_SMALL,A0_NONE,2,12,0,,4,16384,0,12,0,0,0,0,INSUFFICIENT_MATERIAL_TRANSFER,9,
S8-2600,PROFILE_1024_87,P1_STAGED_CUTOVER,R1_FREQUENT_SMALL,A0_NONE,2,24,1,15,6,24236,1,12,0,0,0,0,TRUST_RESTORED,9,12
S8-2601,PROFILE_1024_87,P1_STAGED_CUTOVER,R1_FREQUENT_SMALL,A0_NONE,2,48,1,15,6,24236,1,12,0,0,0,0,TRUST_RESTORED,9,12
S8-2602,PROFILE_1024_87,P1_STAGED_CUTOVER,R1_FREQUENT_SMALL,A0_NONE,3,12,0,,4,16384,0,12,0,0,0,0,INSUFFICIENT_MATERIAL_TRANSFER,11,
S8-2603,PROFILE_1024_87,P1_STAGED_CUTOVER,R1_FREQUENT_SMALL,A0_NONE,3,24,1,17,6,24236,1,14,0,0,0,0,TRUST_RESTORED,11,14
S8-2604,PROFILE_1024_87,P1_STAGED_CUTOVER,R1_FREQUENT_SMALL,A0_NONE,3,48,1,17,6,24236,1,14,0,0,0,0,TRUST_RESTORED,11,14
S8-2605,PROFILE_1024_87,P1_STAGED_CUTOVER,R1_FREQUENT_SMALL,A0_NONE,4,12,0,,4,16384,0,12,0,0,0,0,INSUFFICIENT_MATERIAL_TRANSFER,10,
S8-2606,PROFILE_1024_87,P1_STAGED_CUTOVER,R1_FREQUENT_SMALL,A0_NONE,4,24,1,16,6,24236,1,13,0,0,0,0,TRUST_RESTORED,10,13
S8-2607,PROFILE_1024_87,P1_STAGED_CUTOVER,R1_FREQUENT_SMALL,A0_NONE,4,48,1,16,6,24236,1,13,0,0,0,0,TRUST_RESTORED,10,13
S8-2608,PROFILE_1024_87,P1_STAGED_CUTOVER,R1_FREQUENT_SMALL,A0_NONE,5,12,0,,4,16384,0,12,0,0,0,0,INSUFFICIENT_MATERIAL_TRANSFER,9,
S8-2609,PROFILE_1024_87,P1_STAGED_CUTOVER,R1_FREQUENT_SMALL,A0_NONE,5,24,1,15,6,24236,1,12,0,0,0,0,TRUST_RESTORED,9,12
S8-2610,PROFILE_1024_87,P1_STAGED_CUTOVER,R1_FREQUENT_SMALL,A0_NONE,5,48,1,15,6,24236,1,12,0,0,0,0,TRUST_RESTORED,9,12
S8-2611,PROFILE_1024_87,P1_STAGED_CUTOVER,R1_FREQUENT_SMALL,A1_DROP_FIRST_LARGEST_OBJECT_FRAGMENT,0,12,0,,5,20480,0,12,0,0,0,0,INSUFFICIENT_MATERIAL_TRANSFER,11,
S8-2612,PROFILE_1024_87,P1_STAGED_CUTOVER,R1_FREQUENT_SMALL,A1_DROP_FIRST_LARGEST_OBJECT_FRAGMENT,0,24,1,17,7,28332,1,14,0,0,0,0,TRUST_RESTORED,11,14
S8-2613,PROFILE_1024_87,P1_STAGED_CUTOVER,R1_FREQUENT_SMALL,A1_DROP_FIRST_LARGEST_OBJECT_FRAGMENT,0,48,1,17,7,28332,1,14,0,0,0,0,TRUST_RESTORED,11,14
S8-2614,PROFILE_1024_87,P1_STAGED_CUTOVER,R1_FREQUENT_SMALL,A1_DROP_FIRST_LARGEST_OBJECT_FRAGMENT,1,12,0,,4,16384,0,12,0,0,0,0,INSUFFICIENT_MATERIAL_TRANSFER,,
S8-2615,PROFILE_1024_87,P1_STAGED_CUTOVER,R1_FREQUENT_SMALL,A1_DROP_FIRST_LARGEST_OBJECT_FRAGMENT,1,24,1,19,7,28332,1,16,0,0,0,0,TRUST_RESTORED,13,16
S8-2616,PROFILE_1024_87,P1_STAGED_CUTOVER,R1_FREQUENT_SMALL,A1_DROP_FIRST_LARGEST_OBJECT_FRAGMENT,1,48,1,19,7,28332,1,16,0,0,0,0,TRUST_RESTORED,13,16
S8-2617,PROFILE_1024_87,P1_STAGED_CUTOVER,R1_FREQUENT_SMALL,A1_DROP_FIRST_LARGEST_OBJECT_FRAGMENT,2,12,0,,4,16384,0,12,0,0,0,0,INSUFFICIENT_MATERIAL_TRANSFER,,
S8-2618,PROFILE_1024_87,P1_STAGED_CUTOVER,R1_FREQUENT_SMALL,A1_DROP_FIRST_LARGEST_OBJECT_FRAGMENT,2,24,1,18,7,28332,1,15,0,0,0,0,TRUST_RESTORED,12,15
S8-2619,PROFILE_1024_87,P1_STAGED_CUTOVER,R1_FREQUENT_SMALL,A1_DROP_FIRST_LARGEST_OBJECT_FRAGMENT,2,48,1,18,7,28332,1,15,0,0,0,0,TRUST_RESTORED,12,15
S8-2620,PROFILE_1024_87,P1_STAGED_CUTOVER,R1_FREQUENT_SMALL,A1_DROP_FIRST_LARGEST_OBJECT_FRAGMENT,3,12,0,,4,16384,0,12,0,0,0,0,INSUFFICIENT_MATERIAL_TRANSFER,,
S8-2621,PROFILE_1024_87,P1_STAGED_CUTOVER,R1_FREQUENT_SMALL,A1_DROP_FIRST_LARGEST_OBJECT_FRAGMENT,3,24,1,20,7,28332,1,17,0,0,0,0,TRUST_RESTORED,14,17
S8-2622,PROFILE_1024_87,P1_STAGED_CUTOVER,R1_FREQUENT_SMALL,A1_DROP_FIRST_LARGEST_OBJECT_FRAGMENT,3,48,1,20,7,28332,1,17,0,0,0,0,TRUST_RESTORED,14,17
S8-2623,PROFILE_1024_87,P1_STAGED_CUTOVER,R1_FREQUENT_SMALL,A1_DROP_FIRST_LARGEST_OBJECT_FRAGMENT,4,12,0,,4,16384,0,12,0,0,0,0,INSUFFICIENT_MATERIAL_TRANSFER,,
S8-2624,PROFILE_1024_87,P1_STAGED_CUTOVER,R1_FREQUENT_SMALL,A1_DROP_FIRST_LARGEST_OBJECT_FRAGMENT,4,24,1,19,7,28332,1,16,0,0,0,0,TRUST_RESTORED,13,16
S8-2625,PROFILE_1024_87,P1_STAGED_CUTOVER,R1_FREQUENT_SMALL,A1_DROP_FIRST_LARGEST_OBJECT_FRAGMENT,4,48,1,19,7,28332,1,16,0,0,0,0,TRUST_RESTORED,13,16
S8-2626,PROFILE_1024_87,P1_STAGED_CUTOVER,R1_FREQUENT_SMALL,A1_DROP_FIRST_LARGEST_OBJECT_FRAGMENT,5,12,0,,4,16384,0,12,0,0,0,0,INSUFFICIENT_MATERIAL_TRANSFER,,
S8-2627,PROFILE_1024_87,P1_STAGED_CUTOVER,R1_FREQUENT_SMALL,A1_DROP_FIRST_LARGEST_OBJECT_FRAGMENT,5,24,1,18,7,28332,1,15,0,0,0,0,TRUST_RESTORED,12,15
S8-2628,PROFILE_1024_87,P1_STAGED_CUTOVER,R1_FREQUENT_SMALL,A1_DROP_FIRST_LARGEST_OBJECT_FRAGMENT,5,48,1,18,7,28332,1,15,0,0,0,0,TRUST_RESTORED,12,15
S8-2629,PROFILE_1024_87,P1_STAGED_CUTOVER,R1_FREQUENT_SMALL,A2_DELAY_FIRST_TRANSITION_PROOF_ONE_CONTACT,0,12,0,,5,18547,0,12,0,0,0,0,INSUFFICIENT_MATERIAL_TRANSFER,11,
S8-2630,PROFILE_1024_87,P1_STAGED_CUTOVER,R1_FREQUENT_SMALL,A2_DELAY_FIRST_TRANSITION_PROOF_ONE_CONTACT,0,24,1,17,7,24236,1,14,0,0,0,0,TRUST_RESTORED,11,14
S8-2631,PROFILE_1024_87,P1_STAGED_CUTOVER,R1_FREQUENT_SMALL,A2_DELAY_FIRST_TRANSITION_PROOF_ONE_CONTACT,0,48,1,17,7,24236,1,14,0,0,0,0,TRUST_RESTORED,11,14
S8-2632,PROFILE_1024_87,P1_STAGED_CUTOVER,R1_FREQUENT_SMALL,A2_DELAY_FIRST_TRANSITION_PROOF_ONE_CONTACT,1,12,0,,4,14451,0,12,0,0,0,0,INSUFFICIENT_MATERIAL_TRANSFER,,
S8-2633,PROFILE_1024_87,P1_STAGED_CUTOVER,R1_FREQUENT_SMALL,A2_DELAY_FIRST_TRANSITION_PROOF_ONE_CONTACT,1,24,1,19,7,24236,1,16,0,0,0,0,TRUST_RESTORED,13,16
S8-2634,PROFILE_1024_87,P1_STAGED_CUTOVER,R1_FREQUENT_SMALL,A2_DELAY_FIRST_TRANSITION_PROOF_ONE_CONTACT,1,48,1,19,7,24236,1,16,0,0,0,0,TRUST_RESTORED,13,16
S8-2635,PROFILE_1024_87,P1_STAGED_CUTOVER,R1_FREQUENT_SMALL,A2_DELAY_FIRST_TRANSITION_PROOF_ONE_CONTACT,2,12,0,,4,14451,0,12,0,0,0,0,INSUFFICIENT_MATERIAL_TRANSFER,,
S8-2636,PROFILE_1024_87,P1_STAGED_CUTOVER,R1_FREQUENT_SMALL,A2_DELAY_FIRST_TRANSITION_PROOF_ONE_CONTACT,2,24,1,18,7,24236,1,15,0,0,0,0,TRUST_RESTORED,12,15
S8-2637,PROFILE_1024_87,P1_STAGED_CUTOVER,R1_FREQUENT_SMALL,A2_DELAY_FIRST_TRANSITION_PROOF_ONE_CONTACT,2,48,1,18,7,24236,1,15,0,0,0,0,TRUST_RESTORED,12,15
S8-2638,PROFILE_1024_87,P1_STAGED_CUTOVER,R1_FREQUENT_SMALL,A2_DELAY_FIRST_TRANSITION_PROOF_ONE_CONTACT,3,12,0,,4,14451,0,12,0,0,0,0,INSUFFICIENT_MATERIAL_TRANSFER,,
S8-2639,PROFILE_1024_87,P1_STAGED_CUTOVER,R1_FREQUENT_SMALL,A2_DELAY_FIRST_TRANSITION_PROOF_ONE_CONTACT,3,24,1,20,7,24236,1,17,0,0,0,0,TRUST_RESTORED,14,17
S8-2640,PROFILE_1024_87,P1_STAGED_CUTOVER,R1_FREQUENT_SMALL,A2_DELAY_FIRST_TRANSITION_PROOF_ONE_CONTACT,3,48,1,20,7,24236,1,17,0,0,0,0,TRUST_RESTORED,14,17
S8-2641,PROFILE_1024_87,P1_STAGED_CUTOVER,R1_FREQUENT_SMALL,A2_DELAY_FIRST_TRANSITION_PROOF_ONE_CONTACT,4,12,0,,4,14451,0,12,0,0,0,0,INSUFFICIENT_MATERIAL_TRANSFER,,
S8-2642,PROFILE_1024_87,P1_STAGED_CUTOVER,R1_FREQUENT_SMALL,A2_DELAY_FIRST_TRANSITION_PROOF_ONE_CONTACT,4,24,1,19,7,24236,1,16,0,0,0,0,TRUST_RESTORED,13,16
S8-2643,PROFILE_1024_87,P1_STAGED_CUTOVER,R1_FREQUENT_SMALL,A2_DELAY_FIRST_TRANSITION_PROOF_ONE_CONTACT,4,48,1,19,7,24236,1,16,0,0,0,0,TRUST_RESTORED,13,16
S8-2644,PROFILE_1024_87,P1_STAGED_CUTOVER,R1_FREQUENT_SMALL,A2_DELAY_FIRST_TRANSITION_PROOF_ONE_CONTACT,5,12,0,,4,14451,0,12,0,0,0,0,INSUFFICIENT_MATERIAL_TRANSFER,,
S8-2645,PROFILE_1024_87,P1_STAGED_CUTOVER,R1_FREQUENT_SMALL,A2_DELAY_FIRST_TRANSITION_PROOF_ONE_CONTACT,5,24,1,18,7,24236,1,15,0,0,0,0,TRUST_RESTORED,12,15
S8-2646,PROFILE_1024_87,P1_STAGED_CUTOVER,R1_FREQUENT_SMALL,A2_DELAY_FIRST_TRANSITION_PROOF_ONE_CONTACT,5,48,1,18,7,24236,1,15,0,0,0,0,TRUST_RESTORED,12,15
S8-2647,PROFILE_1024_87,P1_STAGED_CUTOVER,R1_FREQUENT_SMALL,A3_STALE_EPOCH_REPLAY_AT_COMMIT,0,12,0,,5,19078,1,12,0,0,0,0,INSUFFICIENT_MATERIAL_TRANSFER,8,
S8-2648,PROFILE_1024_87,P1_STAGED_CUTOVER,R1_FREQUENT_SMALL,A3_STALE_EPOCH_REPLAY_AT_COMMIT,0,24,1,17,7,24236,2,14,0,0,0,0,TRUST_RESTORED,8,14
S8-2649,PROFILE_1024_87,P1_STAGED_CUTOVER,R1_FREQUENT_SMALL,A3_STALE_EPOCH_REPLAY_AT_COMMIT,0,48,1,17,7,24236,2,14,0,0,0,0,TRUST_RESTORED,8,14
S8-2650,PROFILE_1024_87,P1_STAGED_CUTOVER,R1_FREQUENT_SMALL,A3_STALE_EPOCH_REPLAY_AT_COMMIT,1,12,0,,4,14982,1,12,0,0,0,0,INSUFFICIENT_MATERIAL_TRANSFER,10,
S8-2651,PROFILE_1024_87,P1_STAGED_CUTOVER,R1_FREQUENT_SMALL,A3_STALE_EPOCH_REPLAY_AT_COMMIT,1,24,1,19,7,24236,2,16,0,0,0,0,TRUST_RESTORED,10,16
S8-2652,PROFILE_1024_87,P1_STAGED_CUTOVER,R1_FREQUENT_SMALL,A3_STALE_EPOCH_REPLAY_AT_COMMIT,1,48,1,19,7,24236,2,16,0,0,0,0,TRUST_RESTORED,10,16
S8-2653,PROFILE_1024_87,P1_STAGED_CUTOVER,R1_FREQUENT_SMALL,A3_STALE_EPOCH_REPLAY_AT_COMMIT,2,12,0,,4,14982,1,12,0,0,0,0,INSUFFICIENT_MATERIAL_TRANSFER,9,
S8-2654,PROFILE_1024_87,P1_STAGED_CUTOVER,R1_FREQUENT_SMALL,A3_STALE_EPOCH_REPLAY_AT_COMMIT,2,24,1,18,7,24236,2,15,0,0,0,0,TRUST_RESTORED,9,15
S8-2655,PROFILE_1024_87,P1_STAGED_CUTOVER,R1_FREQUENT_SMALL,A3_STALE_EPOCH_REPLAY_AT_COMMIT,2,48,1,18,7,24236,2,15,0,0,0,0,TRUST_RESTORED,9,15
S8-2656,PROFILE_1024_87,P1_STAGED_CUTOVER,R1_FREQUENT_SMALL,A3_STALE_EPOCH_REPLAY_AT_COMMIT,3,12,0,,4,14982,1,12,0,0,0,0,INSUFFICIENT_MATERIAL_TRANSFER,11,
S8-2657,PROFILE_1024_87,P1_STAGED_CUTOVER,R1_FREQUENT_SMALL,A3_STALE_EPOCH_REPLAY_AT_COMMIT,3,24,1,20,7,24236,2,17,0,0,0,0,TRUST_RESTORED,11,17
S8-2658,PROFILE_1024_87,P1_STAGED_CUTOVER,R1_FREQUENT_SMALL,A3_STALE_EPOCH_REPLAY_AT_COMMIT,3,48,1,20,7,24236,2,17,0,0,0,0,TRUST_RESTORED,11,17
S8-2659,PROFILE_1024_87,P1_STAGED_CUTOVER,R1_FREQUENT_SMALL,A3_STALE_EPOCH_REPLAY_AT_COMMIT,4,12,0,,4,14982,1,12,0,0,0,0,INSUFFICIENT_MATERIAL_TRANSFER,10,
S8-2660,PROFILE_1024_87,P1_STAGED_CUTOVER,R1_FREQUENT_SMALL,A3_STALE_EPOCH_REPLAY_AT_COMMIT,4,24,1,19,7,24236,2,16,0,0,0,0,TRUST_RESTORED,10,16
S8-2661,PROFILE_1024_87,P1_STAGED_CUTOVER,R1_FREQUENT_SMALL,A3_STALE_EPOCH_REPLAY_AT_COMMIT,4,48,1,19,7,24236,2,16,0,0,0,0,TRUST_RESTORED,10,16
S8-2662,PROFILE_1024_87,P1_STAGED_CUTOVER,R1_FREQUENT_SMALL,A3_STALE_EPOCH_REPLAY_AT_COMMIT,5,12,0,,4,14982,1,12,0,0,0,0,INSUFFICIENT_MATERIAL_TRANSFER,9,
S8-2663,PROFILE_1024_87,P1_STAGED_CUTOVER,R1_FREQUENT_SMALL,A3_STALE_EPOCH_REPLAY_AT_COMMIT,5,24,1,18,7,24236,2,15,0,0,0,0,TRUST_RESTORED,9,15
S8-2664,PROFILE_1024_87,P1_STAGED_CUTOVER,R1_FREQUENT_SMALL,A3_STALE_EPOCH_REPLAY_AT_COMMIT,5,48,1,18,7,24236,2,15,0,0,0,0,TRUST_RESTORED,9,15
S8-2665,PROFILE_1024_87,P1_STAGED_CUTOVER,R2_PERIODIC_MEDIUM,A0_NONE,0,12,1,11,3,24236,1,11,0,0,0,0,TRUST_RESTORED,5,11
S8-2666,PROFILE_1024_87,P1_STAGED_CUTOVER,R2_PERIODIC_MEDIUM,A0_NONE,0,24,1,11,3,24236,1,11,0,0,0,0,TRUST_RESTORED,5,11
S8-2667,PROFILE_1024_87,P1_STAGED_CUTOVER,R2_PERIODIC_MEDIUM,A0_NONE,0,48,1,11,3,24236,1,11,0,0,0,0,TRUST_RESTORED,5,11
S8-2668,PROFILE_1024_87,P1_STAGED_CUTOVER,R2_PERIODIC_MEDIUM,A0_NONE,1,12,0,,2,16384,0,12,0,0,0,0,INSUFFICIENT_MATERIAL_TRANSFER,10,
S8-2669,PROFILE_1024_87,P1_STAGED_CUTOVER,R2_PERIODIC_MEDIUM,A0_NONE,1,24,1,16,3,24236,1,16,0,0,0,0,TRUST_RESTORED,10,16
S8-2670,PROFILE_1024_87,P1_STAGED_CUTOVER,R2_PERIODIC_MEDIUM,A0_NONE,1,48,1,16,3,24236,1,16,0,0,0,0,TRUST_RESTORED,10,16
S8-2671,PROFILE_1024_87,P1_STAGED_CUTOVER,R2_PERIODIC_MEDIUM,A0_NONE,2,12,0,,2,16384,0,12,0,0,0,0,INSUFFICIENT_MATERIAL_TRANSFER,9,
S8-2672,PROFILE_1024_87,P1_STAGED_CUTOVER,R2_PERIODIC_MEDIUM,A0_NONE,2,24,1,15,3,24236,1,15,0,0,0,0,TRUST_RESTORED,9,15
S8-2673,PROFILE_1024_87,P1_STAGED_CUTOVER,R2_PERIODIC_MEDIUM,A0_NONE,2,48,1,15,3,24236,1,15,0,0,0,0,TRUST_RESTORED,9,15
S8-2674,PROFILE_1024_87,P1_STAGED_CUTOVER,R2_PERIODIC_MEDIUM,A0_NONE,3,12,0,,2,16384,0,12,0,0,0,0,INSUFFICIENT_MATERIAL_TRANSFER,8,
S8-2675,PROFILE_1024_87,P1_STAGED_CUTOVER,R2_PERIODIC_MEDIUM,A0_NONE,3,24,1,14,3,24236,1,14,0,0,0,0,TRUST_RESTORED,8,14
S8-2676,PROFILE_1024_87,P1_STAGED_CUTOVER,R2_PERIODIC_MEDIUM,A0_NONE,3,48,1,14,3,24236,1,14,0,0,0,0,TRUST_RESTORED,8,14
S8-2677,PROFILE_1024_87,P1_STAGED_CUTOVER,R2_PERIODIC_MEDIUM,A0_NONE,4,12,0,,2,16384,0,12,0,0,0,0,INSUFFICIENT_MATERIAL_TRANSFER,7,
S8-2678,PROFILE_1024_87,P1_STAGED_CUTOVER,R2_PERIODIC_MEDIUM,A0_NONE,4,24,1,13,3,24236,1,13,0,0,0,0,TRUST_RESTORED,7,13
S8-2679,PROFILE_1024_87,P1_STAGED_CUTOVER,R2_PERIODIC_MEDIUM,A0_NONE,4,48,1,13,3,24236,1,13,0,0,0,0,TRUST_RESTORED,7,13
S8-2680,PROFILE_1024_87,P1_STAGED_CUTOVER,R2_PERIODIC_MEDIUM,A0_NONE,5,12,0,,2,16384,0,12,0,0,0,0,INSUFFICIENT_MATERIAL_TRANSFER,6,
S8-2681,PROFILE_1024_87,P1_STAGED_CUTOVER,R2_PERIODIC_MEDIUM,A0_NONE,5,24,1,12,3,24236,1,12,0,0,0,0,TRUST_RESTORED,6,12
S8-2682,PROFILE_1024_87,P1_STAGED_CUTOVER,R2_PERIODIC_MEDIUM,A0_NONE,5,48,1,12,3,24236,1,12,0,0,0,0,TRUST_RESTORED,6,12
S8-2683,PROFILE_1024_87,P1_STAGED_CUTOVER,R2_PERIODIC_MEDIUM,A1_DROP_FIRST_LARGEST_OBJECT_FRAGMENT,0,12,0,,3,24576,1,11,0,0,0,0,EPOCH_DIVERGENCE,11,11
S8-2684,PROFILE_1024_87,P1_STAGED_CUTOVER,R2_PERIODIC_MEDIUM,A1_DROP_FIRST_LARGEST_OBJECT_FRAGMENT,0,24,1,17,4,28863,1,11,0,0,0,0,TRUST_RESTORED,11,11
S8-2685,PROFILE_1024_87,P1_STAGED_CUTOVER,R2_PERIODIC_MEDIUM,A1_DROP_FIRST_LARGEST_OBJECT_FRAGMENT,0,48,1,17,4,28863,1,11,0,0,0,0,TRUST_RESTORED,11,11
S8-2686,PROFILE_1024_87,P1_STAGED_CUTOVER,R2_PERIODIC_MEDIUM,A1_DROP_FIRST_LARGEST_OBJECT_FRAGMENT,1,12,0,,2,16384,0,12,0,0,0,0,INSUFFICIENT_MATERIAL_TRANSFER,,
S8-2687,PROFILE_1024_87,P1_STAGED_CUTOVER,R2_PERIODIC_MEDIUM,A1_DROP_FIRST_LARGEST_OBJECT_FRAGMENT,1,24,1,22,4,28863,1,16,0,0,0,0,TRUST_RESTORED,16,16
S8-2688,PROFILE_1024_87,P1_STAGED_CUTOVER,R2_PERIODIC_MEDIUM,A1_DROP_FIRST_LARGEST_OBJECT_FRAGMENT,1,48,1,22,4,28863,1,16,0,0,0,0,TRUST_RESTORED,16,16
S8-2689,PROFILE_1024_87,P1_STAGED_CUTOVER,R2_PERIODIC_MEDIUM,A1_DROP_FIRST_LARGEST_OBJECT_FRAGMENT,2,12,0,,2,16384,0,12,0,0,0,0,INSUFFICIENT_MATERIAL_TRANSFER,,
S8-2690,PROFILE_1024_87,P1_STAGED_CUTOVER,R2_PERIODIC_MEDIUM,A1_DROP_FIRST_LARGEST_OBJECT_FRAGMENT,2,24,1,21,4,28863,1,15,0,0,0,0,TRUST_RESTORED,15,15
S8-2691,PROFILE_1024_87,P1_STAGED_CUTOVER,R2_PERIODIC_MEDIUM,A1_DROP_FIRST_LARGEST_OBJECT_FRAGMENT,2,48,1,21,4,28863,1,15,0,0,0,0,TRUST_RESTORED,15,15
S8-2692,PROFILE_1024_87,P1_STAGED_CUTOVER,R2_PERIODIC_MEDIUM,A1_DROP_FIRST_LARGEST_OBJECT_FRAGMENT,3,12,0,,2,16384,0,12,0,0,0,0,INSUFFICIENT_MATERIAL_TRANSFER,,
S8-2693,PROFILE_1024_87,P1_STAGED_CUTOVER,R2_PERIODIC_MEDIUM,A1_DROP_FIRST_LARGEST_OBJECT_FRAGMENT,3,24,1,20,4,28863,1,14,0,0,0,0,TRUST_RESTORED,14,14
S8-2694,PROFILE_1024_87,P1_STAGED_CUTOVER,R2_PERIODIC_MEDIUM,A1_DROP_FIRST_LARGEST_OBJECT_FRAGMENT,3,48,1,20,4,28863,1,14,0,0,0,0,TRUST_RESTORED,14,14
S8-2695,PROFILE_1024_87,P1_STAGED_CUTOVER,R2_PERIODIC_MEDIUM,A1_DROP_FIRST_LARGEST_OBJECT_FRAGMENT,4,12,0,,2,16384,0,12,0,0,0,0,INSUFFICIENT_MATERIAL_TRANSFER,,
S8-2696,PROFILE_1024_87,P1_STAGED_CUTOVER,R2_PERIODIC_MEDIUM,A1_DROP_FIRST_LARGEST_OBJECT_FRAGMENT,4,24,1,19,4,28863,1,13,0,0,0,0,TRUST_RESTORED,13,13
S8-2697,PROFILE_1024_87,P1_STAGED_CUTOVER,R2_PERIODIC_MEDIUM,A1_DROP_FIRST_LARGEST_OBJECT_FRAGMENT,4,48,1,19,4,28863,1,13,0,0,0,0,TRUST_RESTORED,13,13
S8-2698,PROFILE_1024_87,P1_STAGED_CUTOVER,R2_PERIODIC_MEDIUM,A1_DROP_FIRST_LARGEST_OBJECT_FRAGMENT,5,12,0,,2,16384,0,12,0,0,0,0,INSUFFICIENT_MATERIAL_TRANSFER,,
S8-2699,PROFILE_1024_87,P1_STAGED_CUTOVER,R2_PERIODIC_MEDIUM,A1_DROP_FIRST_LARGEST_OBJECT_FRAGMENT,5,24,1,18,4,28863,1,12,0,0,0,0,TRUST_RESTORED,12,12
S8-2700,PROFILE_1024_87,P1_STAGED_CUTOVER,R2_PERIODIC_MEDIUM,A1_DROP_FIRST_LARGEST_OBJECT_FRAGMENT,5,48,1,18,4,28863,1,12,0,0,0,0,TRUST_RESTORED,12,12
S8-2701,PROFILE_1024_87,P1_STAGED_CUTOVER,R2_PERIODIC_MEDIUM,A2_DELAY_FIRST_TRANSITION_PROOF_ONE_CONTACT,0,12,0,,3,18547,0,12,0,0,0,0,INSUFFICIENT_MATERIAL_TRANSFER,11,
S8-2702,PROFILE_1024_87,P1_STAGED_CUTOVER,R2_PERIODIC_MEDIUM,A2_DELAY_FIRST_TRANSITION_PROOF_ONE_CONTACT,0,24,1,17,4,24236,1,17,0,0,0,0,TRUST_RESTORED,11,17
S8-2703,PROFILE_1024_87,P1_STAGED_CUTOVER,R2_PERIODIC_MEDIUM,A2_DELAY_FIRST_TRANSITION_PROOF_ONE_CONTACT,0,48,1,17,4,24236,1,17,0,0,0,0,TRUST_RESTORED,11,17
S8-2704,PROFILE_1024_87,P1_STAGED_CUTOVER,R2_PERIODIC_MEDIUM,A2_DELAY_FIRST_TRANSITION_PROOF_ONE_CONTACT,1,12,0,,2,10355,0,12,0,0,0,0,INSUFFICIENT_MATERIAL_TRANSFER,,
S8-2705,PROFILE_1024_87,P1_STAGED_CUTOVER,R2_PERIODIC_MEDIUM,A2_DELAY_FIRST_TRANSITION_PROOF_ONE_CONTACT,1,24,1,22,4,24236,1,22,0,0,0,0,TRUST_RESTORED,16,22
S8-2706,PROFILE_1024_87,P1_STAGED_CUTOVER,R2_PERIODIC_MEDIUM,A2_DELAY_FIRST_TRANSITION_PROOF_ONE_CONTACT,1,48,1,22,4,24236,1,22,0,0,0,0,TRUST_RESTORED,16,22
S8-2707,PROFILE_1024_87,P1_STAGED_CUTOVER,R2_PERIODIC_MEDIUM,A2_DELAY_FIRST_TRANSITION_PROOF_ONE_CONTACT,2,12,0,,2,10355,0,12,0,0,0,0,INSUFFICIENT_MATERIAL_TRANSFER,,
S8-2708,PROFILE_1024_87,P1_STAGED_CUTOVER,R2_PERIODIC_MEDIUM,A2_DELAY_FIRST_TRANSITION_PROOF_ONE_CONTACT,2,24,1,21,4,24236,1,21,0,0,0,0,TRUST_RESTORED,15,21
S8-2709,PROFILE_1024_87,P1_STAGED_CUTOVER,R2_PERIODIC_MEDIUM,A2_DELAY_FIRST_TRANSITION_PROOF_ONE_CONTACT,2,48,1,21,4,24236,1,21,0,0,0,0,TRUST_RESTORED,15,21
S8-2710,PROFILE_1024_87,P1_STAGED_CUTOVER,R2_PERIODIC_MEDIUM,A2_DELAY_FIRST_TRANSITION_PROOF_ONE_CONTACT,3,12,0,,2,10355,0,12,0,0,0,0,INSUFFICIENT_MATERIAL_TRANSFER,,
S8-2711,PROFILE_1024_87,P1_STAGED_CUTOVER,R2_PERIODIC_MEDIUM,A2_DELAY_FIRST_TRANSITION_PROOF_ONE_CONTACT,3,24,1,20,4,24236,1,20,0,0,0,0,TRUST_RESTORED,14,20
S8-2712,PROFILE_1024_87,P1_STAGED_CUTOVER,R2_PERIODIC_MEDIUM,A2_DELAY_FIRST_TRANSITION_PROOF_ONE_CONTACT,3,48,1,20,4,24236,1,20,0,0,0,0,TRUST_RESTORED,14,20
S8-2713,PROFILE_1024_87,P1_STAGED_CUTOVER,R2_PERIODIC_MEDIUM,A2_DELAY_FIRST_TRANSITION_PROOF_ONE_CONTACT,4,12,0,,2,10355,0,12,0,0,0,0,INSUFFICIENT_MATERIAL_TRANSFER,,
S8-2714,PROFILE_1024_87,P1_STAGED_CUTOVER,R2_PERIODIC_MEDIUM,A2_DELAY_FIRST_TRANSITION_PROOF_ONE_CONTACT,4,24,1,19,4,24236,1,19,0,0,0,0,TRUST_RESTORED,13,19
S8-2715,PROFILE_1024_87,P1_STAGED_CUTOVER,R2_PERIODIC_MEDIUM,A2_DELAY_FIRST_TRANSITION_PROOF_ONE_CONTACT,4,48,1,19,4,24236,1,19,0,0,0,0,TRUST_RESTORED,13,19
S8-2716,PROFILE_1024_87,P1_STAGED_CUTOVER,R2_PERIODIC_MEDIUM,A2_DELAY_FIRST_TRANSITION_PROOF_ONE_CONTACT,5,12,0,,2,10355,0,12,0,0,0,0,INSUFFICIENT_MATERIAL_TRANSFER,,
S8-2717,PROFILE_1024_87,P1_STAGED_CUTOVER,R2_PERIODIC_MEDIUM,A2_DELAY_FIRST_TRANSITION_PROOF_ONE_CONTACT,5,24,1,18,4,24236,1,18,0,0,0,0,TRUST_RESTORED,12,18
S8-2718,PROFILE_1024_87,P1_STAGED_CUTOVER,R2_PERIODIC_MEDIUM,A2_DELAY_FIRST_TRANSITION_PROOF_ONE_CONTACT,5,48,1,18,4,24236,1,18,0,0,0,0,TRUST_RESTORED,12,18
S8-2719,PROFILE_1024_87,P1_STAGED_CUTOVER,R2_PERIODIC_MEDIUM,A3_STALE_EPOCH_REPLAY_AT_COMMIT,0,12,0,,3,23174,2,11,0,0,0,0,EPOCH_DIVERGENCE,5,11
S8-2720,PROFILE_1024_87,P1_STAGED_CUTOVER,R2_PERIODIC_MEDIUM,A3_STALE_EPOCH_REPLAY_AT_COMMIT,0,24,1,17,4,24236,2,11,0,0,0,0,TRUST_RESTORED,5,11
S8-2721,PROFILE_1024_87,P1_STAGED_CUTOVER,R2_PERIODIC_MEDIUM,A3_STALE_EPOCH_REPLAY_AT_COMMIT,0,48,1,17,4,24236,2,11,0,0,0,0,TRUST_RESTORED,5,11
S8-2722,PROFILE_1024_87,P1_STAGED_CUTOVER,R2_PERIODIC_MEDIUM,A3_STALE_EPOCH_REPLAY_AT_COMMIT,1,12,0,,2,14982,1,12,0,0,0,0,INSUFFICIENT_MATERIAL_TRANSFER,10,
S8-2723,PROFILE_1024_87,P1_STAGED_CUTOVER,R2_PERIODIC_MEDIUM,A3_STALE_EPOCH_REPLAY_AT_COMMIT,1,24,1,22,4,24236,2,16,0,0,0,0,TRUST_RESTORED,10,16
S8-2724,PROFILE_1024_87,P1_STAGED_CUTOVER,R2_PERIODIC_MEDIUM,A3_STALE_EPOCH_REPLAY_AT_COMMIT,1,48,1,22,4,24236,2,16,0,0,0,0,TRUST_RESTORED,10,16
S8-2725,PROFILE_1024_87,P1_STAGED_CUTOVER,R2_PERIODIC_MEDIUM,A3_STALE_EPOCH_REPLAY_AT_COMMIT,2,12,0,,2,14982,1,12,0,0,0,0,INSUFFICIENT_MATERIAL_TRANSFER,9,
S8-2726,PROFILE_1024_87,P1_STAGED_CUTOVER,R2_PERIODIC_MEDIUM,A3_STALE_EPOCH_REPLAY_AT_COMMIT,2,24,1,21,4,24236,2,15,0,0,0,0,TRUST_RESTORED,9,15
S8-2727,PROFILE_1024_87,P1_STAGED_CUTOVER,R2_PERIODIC_MEDIUM,A3_STALE_EPOCH_REPLAY_AT_COMMIT,2,48,1,21,4,24236,2,15,0,0,0,0,TRUST_RESTORED,9,15
S8-2728,PROFILE_1024_87,P1_STAGED_CUTOVER,R2_PERIODIC_MEDIUM,A3_STALE_EPOCH_REPLAY_AT_COMMIT,3,12,0,,2,14982,1,12,0,0,0,0,INSUFFICIENT_MATERIAL_TRANSFER,8,
S8-2729,PROFILE_1024_87,P1_STAGED_CUTOVER,R2_PERIODIC_MEDIUM,A3_STALE_EPOCH_REPLAY_AT_COMMIT,3,24,1,20,4,24236,2,14,0,0,0,0,TRUST_RESTORED,8,14
S8-2730,PROFILE_1024_87,P1_STAGED_CUTOVER,R2_PERIODIC_MEDIUM,A3_STALE_EPOCH_REPLAY_AT_COMMIT,3,48,1,20,4,24236,2,14,0,0,0,0,TRUST_RESTORED,8,14
S8-2731,PROFILE_1024_87,P1_STAGED_CUTOVER,R2_PERIODIC_MEDIUM,A3_STALE_EPOCH_REPLAY_AT_COMMIT,4,12,0,,2,14982,1,12,0,0,0,0,INSUFFICIENT_MATERIAL_TRANSFER,7,
S8-2732,PROFILE_1024_87,P1_STAGED_CUTOVER,R2_PERIODIC_MEDIUM,A3_STALE_EPOCH_REPLAY_AT_COMMIT,4,24,1,19,4,24236,2,13,0,0,0,0,TRUST_RESTORED,7,13
S8-2733,PROFILE_1024_87,P1_STAGED_CUTOVER,R2_PERIODIC_MEDIUM,A3_STALE_EPOCH_REPLAY_AT_COMMIT,4,48,1,19,4,24236,2,13,0,0,0,0,TRUST_RESTORED,7,13
S8-2734,PROFILE_1024_87,P1_STAGED_CUTOVER,R2_PERIODIC_MEDIUM,A3_STALE_EPOCH_REPLAY_AT_COMMIT,5,12,0,,2,14982,1,12,0,0,0,0,INSUFFICIENT_MATERIAL_TRANSFER,6,
S8-2735,PROFILE_1024_87,P1_STAGED_CUTOVER,R2_PERIODIC_MEDIUM,A3_STALE_EPOCH_REPLAY_AT_COMMIT,5,24,1,18,4,24236,2,12,0,0,0,0,TRUST_RESTORED,6,12
S8-2736,PROFILE_1024_87,P1_STAGED_CUTOVER,R2_PERIODIC_MEDIUM,A3_STALE_EPOCH_REPLAY_AT_COMMIT,5,48,1,18,4,24236,2,12,0,0,0,0,TRUST_RESTORED,6,12
S8-2737,PROFILE_1024_87,P1_STAGED_CUTOVER,R3_SPARSE_LARGE,A0_NONE,0,12,1,11,2,24236,1,11,0,0,0,0,TRUST_RESTORED,0,11
S8-2738,PROFILE_1024_87,P1_STAGED_CUTOVER,R3_SPARSE_LARGE,A0_NONE,0,24,1,11,2,24236,1,11,0,0,0,0,TRUST_RESTORED,0,11
S8-2739,PROFILE_1024_87,P1_STAGED_CUTOVER,R3_SPARSE_LARGE,A0_NONE,0,48,1,11,2,24236,1,11,0,0,0,0,TRUST_RESTORED,0,11
S8-2740,PROFILE_1024_87,P1_STAGED_CUTOVER,R3_SPARSE_LARGE,A0_NONE,1,12,0,,1,16384,0,12,0,0,0,0,INSUFFICIENT_MATERIAL_TRANSFER,10,
S8-2741,PROFILE_1024_87,P1_STAGED_CUTOVER,R3_SPARSE_LARGE,A0_NONE,1,24,1,22,2,24236,1,22,0,0,0,0,TRUST_RESTORED,10,22
S8-2742,PROFILE_1024_87,P1_STAGED_CUTOVER,R3_SPARSE_LARGE,A0_NONE,1,48,1,22,2,24236,1,22,0,0,0,0,TRUST_RESTORED,10,22
S8-2743,PROFILE_1024_87,P1_STAGED_CUTOVER,R3_SPARSE_LARGE,A0_NONE,2,12,0,,1,16384,0,12,0,0,0,0,INSUFFICIENT_MATERIAL_TRANSFER,9,
S8-2744,PROFILE_1024_87,P1_STAGED_CUTOVER,R3_SPARSE_LARGE,A0_NONE,2,24,1,21,2,24236,1,21,0,0,0,0,TRUST_RESTORED,9,21
S8-2745,PROFILE_1024_87,P1_STAGED_CUTOVER,R3_SPARSE_LARGE,A0_NONE,2,48,1,21,2,24236,1,21,0,0,0,0,TRUST_RESTORED,9,21
S8-2746,PROFILE_1024_87,P1_STAGED_CUTOVER,R3_SPARSE_LARGE,A0_NONE,3,12,0,,1,16384,0,12,0,0,0,0,INSUFFICIENT_MATERIAL_TRANSFER,8,
S8-2747,PROFILE_1024_87,P1_STAGED_CUTOVER,R3_SPARSE_LARGE,A0_NONE,3,24,1,20,2,24236,1,20,0,0,0,0,TRUST_RESTORED,8,20
S8-2748,PROFILE_1024_87,P1_STAGED_CUTOVER,R3_SPARSE_LARGE,A0_NONE,3,48,1,20,2,24236,1,20,0,0,0,0,TRUST_RESTORED,8,20
S8-2749,PROFILE_1024_87,P1_STAGED_CUTOVER,R3_SPARSE_LARGE,A0_NONE,4,12,0,,1,16384,0,12,0,0,0,0,INSUFFICIENT_MATERIAL_TRANSFER,7,
S8-2750,PROFILE_1024_87,P1_STAGED_CUTOVER,R3_SPARSE_LARGE,A0_NONE,4,24,1,19,2,24236,1,19,0,0,0,0,TRUST_RESTORED,7,19
S8-2751,PROFILE_1024_87,P1_STAGED_CUTOVER,R3_SPARSE_LARGE,A0_NONE,4,48,1,19,2,24236,1,19,0,0,0,0,TRUST_RESTORED,7,19
S8-2752,PROFILE_1024_87,P1_STAGED_CUTOVER,R3_SPARSE_LARGE,A0_NONE,5,12,0,,1,16384,0,12,0,0,0,0,INSUFFICIENT_MATERIAL_TRANSFER,6,
S8-2753,PROFILE_1024_87,P1_STAGED_CUTOVER,R3_SPARSE_LARGE,A0_NONE,5,24,1,18,2,24236,1,18,0,0,0,0,TRUST_RESTORED,6,18
S8-2754,PROFILE_1024_87,P1_STAGED_CUTOVER,R3_SPARSE_LARGE,A0_NONE,5,48,1,18,2,24236,1,18,0,0,0,0,TRUST_RESTORED,6,18
S8-2755,PROFILE_1024_87,P1_STAGED_CUTOVER,R3_SPARSE_LARGE,A1_DROP_FIRST_LARGEST_OBJECT_FRAGMENT,0,12,1,11,2,28863,1,11,0,0,0,0,TRUST_RESTORED,11,11
S8-2756,PROFILE_1024_87,P1_STAGED_CUTOVER,R3_SPARSE_LARGE,A1_DROP_FIRST_LARGEST_OBJECT_FRAGMENT,0,24,1,11,2,28863,1,11,0,0,0,0,TRUST_RESTORED,11,11
S8-2757,PROFILE_1024_87,P1_STAGED_CUTOVER,R3_SPARSE_LARGE,A1_DROP_FIRST_LARGEST_OBJECT_FRAGMENT,0,48,1,11,2,28863,1,11,0,0,0,0,TRUST_RESTORED,11,11
S8-2758,PROFILE_1024_87,P1_STAGED_CUTOVER,R3_SPARSE_LARGE,A1_DROP_FIRST_LARGEST_OBJECT_FRAGMENT,1,12,0,,1,16384,0,12,0,0,0,0,INSUFFICIENT_MATERIAL_TRANSFER,,
S8-2759,PROFILE_1024_87,P1_STAGED_CUTOVER,R3_SPARSE_LARGE,A1_DROP_FIRST_LARGEST_OBJECT_FRAGMENT,1,24,1,22,2,28863,1,22,0,0,0,0,TRUST_RESTORED,22,22
S8-2760,PROFILE_1024_87,P1_STAGED_CUTOVER,R3_SPARSE_LARGE,A1_DROP_FIRST_LARGEST_OBJECT_FRAGMENT,1,48,1,22,2,28863,1,22,0,0,0,0,TRUST_RESTORED,22,22
S8-2761,PROFILE_1024_87,P1_STAGED_CUTOVER,R3_SPARSE_LARGE,A1_DROP_FIRST_LARGEST_OBJECT_FRAGMENT,2,12,0,,1,16384,0,12,0,0,0,0,INSUFFICIENT_MATERIAL_TRANSFER,,
S8-2762,PROFILE_1024_87,P1_STAGED_CUTOVER,R3_SPARSE_LARGE,A1_DROP_FIRST_LARGEST_OBJECT_FRAGMENT,2,24,1,21,2,28863,1,21,0,0,0,0,TRUST_RESTORED,21,21
S8-2763,PROFILE_1024_87,P1_STAGED_CUTOVER,R3_SPARSE_LARGE,A1_DROP_FIRST_LARGEST_OBJECT_FRAGMENT,2,48,1,21,2,28863,1,21,0,0,0,0,TRUST_RESTORED,21,21
S8-2764,PROFILE_1024_87,P1_STAGED_CUTOVER,R3_SPARSE_LARGE,A1_DROP_FIRST_LARGEST_OBJECT_FRAGMENT,3,12,0,,1,16384,0,12,0,0,0,0,INSUFFICIENT_MATERIAL_TRANSFER,,
S8-2765,PROFILE_1024_87,P1_STAGED_CUTOVER,R3_SPARSE_LARGE,A1_DROP_FIRST_LARGEST_OBJECT_FRAGMENT,3,24,1,20,2,28863,1,20,0,0,0,0,TRUST_RESTORED,20,20
S8-2766,PROFILE_1024_87,P1_STAGED_CUTOVER,R3_SPARSE_LARGE,A1_DROP_FIRST_LARGEST_OBJECT_FRAGMENT,3,48,1,20,2,28863,1,20,0,0,0,0,TRUST_RESTORED,20,20
S8-2767,PROFILE_1024_87,P1_STAGED_CUTOVER,R3_SPARSE_LARGE,A1_DROP_FIRST_LARGEST_OBJECT_FRAGMENT,4,12,0,,1,16384,0,12,0,0,0,0,INSUFFICIENT_MATERIAL_TRANSFER,,
S8-2768,PROFILE_1024_87,P1_STAGED_CUTOVER,R3_SPARSE_LARGE,A1_DROP_FIRST_LARGEST_OBJECT_FRAGMENT,4,24,1,19,2,28863,1,19,0,0,0,0,TRUST_RESTORED,19,19
S8-2769,PROFILE_1024_87,P1_STAGED_CUTOVER,R3_SPARSE_LARGE,A1_DROP_FIRST_LARGEST_OBJECT_FRAGMENT,4,48,1,19,2,28863,1,19,0,0,0,0,TRUST_RESTORED,19,19
S8-2770,PROFILE_1024_87,P1_STAGED_CUTOVER,R3_SPARSE_LARGE,A1_DROP_FIRST_LARGEST_OBJECT_FRAGMENT,5,12,0,,1,16384,0,12,0,0,0,0,INSUFFICIENT_MATERIAL_TRANSFER,,
S8-2771,PROFILE_1024_87,P1_STAGED_CUTOVER,R3_SPARSE_LARGE,A1_DROP_FIRST_LARGEST_OBJECT_FRAGMENT,5,24,1,18,2,28863,1,18,0,0,0,0,TRUST_RESTORED,18,18
S8-2772,PROFILE_1024_87,P1_STAGED_CUTOVER,R3_SPARSE_LARGE,A1_DROP_FIRST_LARGEST_OBJECT_FRAGMENT,5,48,1,18,2,28863,1,18,0,0,0,0,TRUST_RESTORED,18,18
S8-2773,PROFILE_1024_87,P1_STAGED_CUTOVER,R3_SPARSE_LARGE,A2_DELAY_FIRST_TRANSITION_PROOF_ONE_CONTACT,0,12,1,11,2,24236,1,11,0,0,0,0,TRUST_RESTORED,11,11
S8-2774,PROFILE_1024_87,P1_STAGED_CUTOVER,R3_SPARSE_LARGE,A2_DELAY_FIRST_TRANSITION_PROOF_ONE_CONTACT,0,24,1,11,2,24236,1,11,0,0,0,0,TRUST_RESTORED,11,11
S8-2775,PROFILE_1024_87,P1_STAGED_CUTOVER,R3_SPARSE_LARGE,A2_DELAY_FIRST_TRANSITION_PROOF_ONE_CONTACT,0,48,1,11,2,24236,1,11,0,0,0,0,TRUST_RESTORED,11,11
S8-2776,PROFILE_1024_87,P1_STAGED_CUTOVER,R3_SPARSE_LARGE,A2_DELAY_FIRST_TRANSITION_PROOF_ONE_CONTACT,1,12,0,,1,10355,0,12,0,0,0,0,INSUFFICIENT_MATERIAL_TRANSFER,,
S8-2777,PROFILE_1024_87,P1_STAGED_CUTOVER,R3_SPARSE_LARGE,A2_DELAY_FIRST_TRANSITION_PROOF_ONE_CONTACT,1,24,1,22,2,24236,1,22,0,0,0,0,TRUST_RESTORED,22,22
S8-2778,PROFILE_1024_87,P1_STAGED_CUTOVER,R3_SPARSE_LARGE,A2_DELAY_FIRST_TRANSITION_PROOF_ONE_CONTACT,1,48,1,22,2,24236,1,22,0,0,0,0,TRUST_RESTORED,22,22
S8-2779,PROFILE_1024_87,P1_STAGED_CUTOVER,R3_SPARSE_LARGE,A2_DELAY_FIRST_TRANSITION_PROOF_ONE_CONTACT,2,12,0,,1,10355,0,12,0,0,0,0,INSUFFICIENT_MATERIAL_TRANSFER,,
S8-2780,PROFILE_1024_87,P1_STAGED_CUTOVER,R3_SPARSE_LARGE,A2_DELAY_FIRST_TRANSITION_PROOF_ONE_CONTACT,2,24,1,21,2,24236,1,21,0,0,0,0,TRUST_RESTORED,21,21
S8-2781,PROFILE_1024_87,P1_STAGED_CUTOVER,R3_SPARSE_LARGE,A2_DELAY_FIRST_TRANSITION_PROOF_ONE_CONTACT,2,48,1,21,2,24236,1,21,0,0,0,0,TRUST_RESTORED,21,21
S8-2782,PROFILE_1024_87,P1_STAGED_CUTOVER,R3_SPARSE_LARGE,A2_DELAY_FIRST_TRANSITION_PROOF_ONE_CONTACT,3,12,0,,1,10355,0,12,0,0,0,0,INSUFFICIENT_MATERIAL_TRANSFER,,
S8-2783,PROFILE_1024_87,P1_STAGED_CUTOVER,R3_SPARSE_LARGE,A2_DELAY_FIRST_TRANSITION_PROOF_ONE_CONTACT,3,24,1,20,2,24236,1,20,0,0,0,0,TRUST_RESTORED,20,20
S8-2784,PROFILE_1024_87,P1_STAGED_CUTOVER,R3_SPARSE_LARGE,A2_DELAY_FIRST_TRANSITION_PROOF_ONE_CONTACT,3,48,1,20,2,24236,1,20,0,0,0,0,TRUST_RESTORED,20,20
S8-2785,PROFILE_1024_87,P1_STAGED_CUTOVER,R3_SPARSE_LARGE,A2_DELAY_FIRST_TRANSITION_PROOF_ONE_CONTACT,4,12,0,,1,10355,0,12,0,0,0,0,INSUFFICIENT_MATERIAL_TRANSFER,,
S8-2786,PROFILE_1024_87,P1_STAGED_CUTOVER,R3_SPARSE_LARGE,A2_DELAY_FIRST_TRANSITION_PROOF_ONE_CONTACT,4,24,1,19,2,24236,1,19,0,0,0,0,TRUST_RESTORED,19,19
S8-2787,PROFILE_1024_87,P1_STAGED_CUTOVER,R3_SPARSE_LARGE,A2_DELAY_FIRST_TRANSITION_PROOF_ONE_CONTACT,4,48,1,19,2,24236,1,19,0,0,0,0,TRUST_RESTORED,19,19
S8-2788,PROFILE_1024_87,P1_STAGED_CUTOVER,R3_SPARSE_LARGE,A2_DELAY_FIRST_TRANSITION_PROOF_ONE_CONTACT,5,12,0,,1,10355,0,12,0,0,0,0,INSUFFICIENT_MATERIAL_TRANSFER,,
S8-2789,PROFILE_1024_87,P1_STAGED_CUTOVER,R3_SPARSE_LARGE,A2_DELAY_FIRST_TRANSITION_PROOF_ONE_CONTACT,5,24,1,18,2,24236,1,18,0,0,0,0,TRUST_RESTORED,18,18
S8-2790,PROFILE_1024_87,P1_STAGED_CUTOVER,R3_SPARSE_LARGE,A2_DELAY_FIRST_TRANSITION_PROOF_ONE_CONTACT,5,48,1,18,2,24236,1,18,0,0,0,0,TRUST_RESTORED,18,18
S8-2791,PROFILE_1024_87,P1_STAGED_CUTOVER,R3_SPARSE_LARGE,A3_STALE_EPOCH_REPLAY_AT_COMMIT,0,12,1,11,2,24236,2,11,0,0,0,0,TRUST_RESTORED,0,11
S8-2792,PROFILE_1024_87,P1_STAGED_CUTOVER,R3_SPARSE_LARGE,A3_STALE_EPOCH_REPLAY_AT_COMMIT,0,24,1,11,2,24236,2,11,0,0,0,0,TRUST_RESTORED,0,11
S8-2793,PROFILE_1024_87,P1_STAGED_CUTOVER,R3_SPARSE_LARGE,A3_STALE_EPOCH_REPLAY_AT_COMMIT,0,48,1,11,2,24236,2,11,0,0,0,0,TRUST_RESTORED,0,11
S8-2794,PROFILE_1024_87,P1_STAGED_CUTOVER,R3_SPARSE_LARGE,A3_STALE_EPOCH_REPLAY_AT_COMMIT,1,12,0,,1,14982,1,12,0,0,0,0,INSUFFICIENT_MATERIAL_TRANSFER,10,
S8-2795,PROFILE_1024_87,P1_STAGED_CUTOVER,R3_SPARSE_LARGE,A3_STALE_EPOCH_REPLAY_AT_COMMIT,1,24,1,22,2,24236,2,22,0,0,0,0,TRUST_RESTORED,10,22
S8-2796,PROFILE_1024_87,P1_STAGED_CUTOVER,R3_SPARSE_LARGE,A3_STALE_EPOCH_REPLAY_AT_COMMIT,1,48,1,22,2,24236,2,22,0,0,0,0,TRUST_RESTORED,10,22
S8-2797,PROFILE_1024_87,P1_STAGED_CUTOVER,R3_SPARSE_LARGE,A3_STALE_EPOCH_REPLAY_AT_COMMIT,2,12,0,,1,14982,1,12,0,0,0,0,INSUFFICIENT_MATERIAL_TRANSFER,9,
S8-2798,PROFILE_1024_87,P1_STAGED_CUTOVER,R3_SPARSE_LARGE,A3_STALE_EPOCH_REPLAY_AT_COMMIT,2,24,1,21,2,24236,2,21,0,0,0,0,TRUST_RESTORED,9,21
S8-2799,PROFILE_1024_87,P1_STAGED_CUTOVER,R3_SPARSE_LARGE,A3_STALE_EPOCH_REPLAY_AT_COMMIT,2,48,1,21,2,24236,2,21,0,0,0,0,TRUST_RESTORED,9,21
S8-2800,PROFILE_1024_87,P1_STAGED_CUTOVER,R3_SPARSE_LARGE,A3_STALE_EPOCH_REPLAY_AT_COMMIT,3,12,0,,1,14982,1,12,0,0,0,0,INSUFFICIENT_MATERIAL_TRANSFER,8,
S8-2801,PROFILE_1024_87,P1_STAGED_CUTOVER,R3_SPARSE_LARGE,A3_STALE_EPOCH_REPLAY_AT_COMMIT,3,24,1,20,2,24236,2,20,0,0,0,0,TRUST_RESTORED,8,20
S8-2802,PROFILE_1024_87,P1_STAGED_CUTOVER,R3_SPARSE_LARGE,A3_STALE_EPOCH_REPLAY_AT_COMMIT,3,48,1,20,2,24236,2,20,0,0,0,0,TRUST_RESTORED,8,20
S8-2803,PROFILE_1024_87,P1_STAGED_CUTOVER,R3_SPARSE_LARGE,A3_STALE_EPOCH_REPLAY_AT_COMMIT,4,12,0,,1,14982,1,12,0,0,0,0,INSUFFICIENT_MATERIAL_TRANSFER,7,
S8-2804,PROFILE_1024_87,P1_STAGED_CUTOVER,R3_SPARSE_LARGE,A3_STALE_EPOCH_REPLAY_AT_COMMIT,4,24,1,19,2,24236,2,19,0,0,0,0,TRUST_RESTORED,7,19
S8-2805,PROFILE_1024_87,P1_STAGED_CUTOVER,R3_SPARSE_LARGE,A3_STALE_EPOCH_REPLAY_AT_COMMIT,4,48,1,19,2,24236,2,19,0,0,0,0,TRUST_RESTORED,7,19
S8-2806,PROFILE_1024_87,P1_STAGED_CUTOVER,R3_SPARSE_LARGE,A3_STALE_EPOCH_REPLAY_AT_COMMIT,5,12,0,,1,14982,1,12,0,0,0,0,INSUFFICIENT_MATERIAL_TRANSFER,6,
S8-2807,PROFILE_1024_87,P1_STAGED_CUTOVER,R3_SPARSE_LARGE,A3_STALE_EPOCH_REPLAY_AT_COMMIT,5,24,1,18,2,24236,2,18,0,0,0,0,TRUST_RESTORED,6,18
S8-2808,PROFILE_1024_87,P1_STAGED_CUTOVER,R3_SPARSE_LARGE,A3_STALE_EPOCH_REPLAY_AT_COMMIT,5,48,1,18,2,24236,2,18,0,0,0,0,TRUST_RESTORED,6,18
S8-2809,PROFILE_1024_87,P1_STAGED_CUTOVER,R4_CLUSTERED_MEDIUM,A0_NONE,0,12,0,,2,16384,0,12,0,0,0,0,INSUFFICIENT_MATERIAL_TRANSFER,1,
S8-2810,PROFILE_1024_87,P1_STAGED_CUTOVER,R4_CLUSTERED_MEDIUM,A0_NONE,0,24,1,13,3,24236,1,13,0,0,0,0,TRUST_RESTORED,1,13
S8-2811,PROFILE_1024_87,P1_STAGED_CUTOVER,R4_CLUSTERED_MEDIUM,A0_NONE,0,48,1,13,3,24236,1,13,0,0,0,0,TRUST_RESTORED,1,13
S8-2812,PROFILE_1024_87,P1_STAGED_CUTOVER,R4_CLUSTERED_MEDIUM,A0_NONE,1,12,0,,1,8192,0,12,0,0,0,0,INSUFFICIENT_MATERIAL_TRANSFER,,
S8-2813,PROFILE_1024_87,P1_STAGED_CUTOVER,R4_CLUSTERED_MEDIUM,A0_NONE,1,24,1,13,3,24236,1,13,0,0,0,0,TRUST_RESTORED,12,13
S8-2814,PROFILE_1024_87,P1_STAGED_CUTOVER,R4_CLUSTERED_MEDIUM,A0_NONE,1,48,1,13,3,24236,1,13,0,0,0,0,TRUST_RESTORED,12,13
S8-2815,PROFILE_1024_87,P1_STAGED_CUTOVER,R4_CLUSTERED_MEDIUM,A0_NONE,2,12,0,,1,8192,0,12,0,0,0,0,INSUFFICIENT_MATERIAL_TRANSFER,,
S8-2816,PROFILE_1024_87,P1_STAGED_CUTOVER,R4_CLUSTERED_MEDIUM,A0_NONE,2,24,0,,2,16384,0,24,0,0,0,0,INSUFFICIENT_MATERIAL_TRANSFER,12,
S8-2817,PROFILE_1024_87,P1_STAGED_CUTOVER,R4_CLUSTERED_MEDIUM,A0_NONE,2,48,1,27,3,24236,1,27,0,0,0,0,TRUST_RESTORED,12,27
S8-2818,PROFILE_1024_87,P1_STAGED_CUTOVER,R4_CLUSTERED_MEDIUM,A0_NONE,3,12,0,,2,16384,0,12,0,0,0,0,INSUFFICIENT_MATERIAL_TRANSFER,11,
S8-2819,PROFILE_1024_87,P1_STAGED_CUTOVER,R4_CLUSTERED_MEDIUM,A0_NONE,3,24,0,,2,16384,0,24,0,0,0,0,INSUFFICIENT_MATERIAL_TRANSFER,11,
S8-2820,PROFILE_1024_87,P1_STAGED_CUTOVER,R4_CLUSTERED_MEDIUM,A0_NONE,3,48,1,26,3,24236,1,26,0,0,0,0,TRUST_RESTORED,11,26
S8-2821,PROFILE_1024_87,P1_STAGED_CUTOVER,R4_CLUSTERED_MEDIUM,A0_NONE,4,12,0,,2,16384,0,12,0,0,0,0,INSUFFICIENT_MATERIAL_TRANSFER,10,
S8-2822,PROFILE_1024_87,P1_STAGED_CUTOVER,R4_CLUSTERED_MEDIUM,A0_NONE,4,24,0,,2,16384,0,24,0,0,0,0,INSUFFICIENT_MATERIAL_TRANSFER,10,
S8-2823,PROFILE_1024_87,P1_STAGED_CUTOVER,R4_CLUSTERED_MEDIUM,A0_NONE,4,48,1,25,3,24236,1,25,0,0,0,0,TRUST_RESTORED,10,25
S8-2824,PROFILE_1024_87,P1_STAGED_CUTOVER,R4_CLUSTERED_MEDIUM,A0_NONE,5,12,0,,2,16384,0,12,0,0,0,0,INSUFFICIENT_MATERIAL_TRANSFER,9,
S8-2825,PROFILE_1024_87,P1_STAGED_CUTOVER,R4_CLUSTERED_MEDIUM,A0_NONE,5,24,0,,2,16384,0,24,0,0,0,0,INSUFFICIENT_MATERIAL_TRANSFER,9,
S8-2826,PROFILE_1024_87,P1_STAGED_CUTOVER,R4_CLUSTERED_MEDIUM,A0_NONE,5,48,1,24,3,24236,1,24,0,0,0,0,TRUST_RESTORED,9,24
S8-2827,PROFILE_1024_87,P1_STAGED_CUTOVER,R4_CLUSTERED_MEDIUM,A1_DROP_FIRST_LARGEST_OBJECT_FRAGMENT,0,12,0,,2,16384,0,12,0,0,0,0,INSUFFICIENT_MATERIAL_TRANSFER,,
S8-2828,PROFILE_1024_87,P1_STAGED_CUTOVER,R4_CLUSTERED_MEDIUM,A1_DROP_FIRST_LARGEST_OBJECT_FRAGMENT,0,24,1,14,4,28863,1,13,0,0,0,0,TRUST_RESTORED,13,13
S8-2829,PROFILE_1024_87,P1_STAGED_CUTOVER,R4_CLUSTERED_MEDIUM,A1_DROP_FIRST_LARGEST_OBJECT_FRAGMENT,0,48,1,14,4,28863,1,13,0,0,0,0,TRUST_RESTORED,13,13
S8-2830,PROFILE_1024_87,P1_STAGED_CUTOVER,R4_CLUSTERED_MEDIUM,A1_DROP_FIRST_LARGEST_OBJECT_FRAGMENT,1,12,0,,1,8192,0,12,0,0,0,0,INSUFFICIENT_MATERIAL_TRANSFER,,
S8-2831,PROFILE_1024_87,P1_STAGED_CUTOVER,R4_CLUSTERED_MEDIUM,A1_DROP_FIRST_LARGEST_OBJECT_FRAGMENT,1,24,0,,3,24576,1,13,0,0,0,0,EPOCH_DIVERGENCE,13,13
S8-2832,PROFILE_1024_87,P1_STAGED_CUTOVER,R4_CLUSTERED_MEDIUM,A1_DROP_FIRST_LARGEST_OBJECT_FRAGMENT,1,48,1,28,4,28863,1,13,0,0,0,0,TRUST_RESTORED,13,13
S8-2833,PROFILE_1024_87,P1_STAGED_CUTOVER,R4_CLUSTERED_MEDIUM,A1_DROP_FIRST_LARGEST_OBJECT_FRAGMENT,2,12,0,,1,8192,0,12,0,0,0,0,INSUFFICIENT_MATERIAL_TRANSFER,,
S8-2834,PROFILE_1024_87,P1_STAGED_CUTOVER,R4_CLUSTERED_MEDIUM,A1_DROP_FIRST_LARGEST_OBJECT_FRAGMENT,2,24,0,,2,16384,0,24,0,0,0,0,INSUFFICIENT_MATERIAL_TRANSFER,,
S8-2835,PROFILE_1024_87,P1_STAGED_CUTOVER,R4_CLUSTERED_MEDIUM,A1_DROP_FIRST_LARGEST_OBJECT_FRAGMENT,2,48,1,28,4,28863,1,27,0,0,0,0,TRUST_RESTORED,27,27
S8-2836,PROFILE_1024_87,P1_STAGED_CUTOVER,R4_CLUSTERED_MEDIUM,A1_DROP_FIRST_LARGEST_OBJECT_FRAGMENT,3,12,0,,2,16384,0,12,0,0,0,0,INSUFFICIENT_MATERIAL_TRANSFER,,
S8-2837,PROFILE_1024_87,P1_STAGED_CUTOVER,R4_CLUSTERED_MEDIUM,A1_DROP_FIRST_LARGEST_OBJECT_FRAGMENT,3,24,0,,2,16384,0,24,0,0,0,0,INSUFFICIENT_MATERIAL_TRANSFER,,
S8-2838,PROFILE_1024_87,P1_STAGED_CUTOVER,R4_CLUSTERED_MEDIUM,A1_DROP_FIRST_LARGEST_OBJECT_FRAGMENT,3,48,1,27,4,28863,1,26,0,0,0,0,TRUST_RESTORED,26,26
S8-2839,PROFILE_1024_87,P1_STAGED_CUTOVER,R4_CLUSTERED_MEDIUM,A1_DROP_FIRST_LARGEST_OBJECT_FRAGMENT,4,12,0,,2,16384,0,12,0,0,0,0,INSUFFICIENT_MATERIAL_TRANSFER,,
S8-2840,PROFILE_1024_87,P1_STAGED_CUTOVER,R4_CLUSTERED_MEDIUM,A1_DROP_FIRST_LARGEST_OBJECT_FRAGMENT,4,24,0,,2,16384,0,24,0,0,0,0,INSUFFICIENT_MATERIAL_TRANSFER,,
S8-2841,PROFILE_1024_87,P1_STAGED_CUTOVER,R4_CLUSTERED_MEDIUM,A1_DROP_FIRST_LARGEST_OBJECT_FRAGMENT,4,48,1,26,4,28863,1,25,0,0,0,0,TRUST_RESTORED,25,25
S8-2842,PROFILE_1024_87,P1_STAGED_CUTOVER,R4_CLUSTERED_MEDIUM,A1_DROP_FIRST_LARGEST_OBJECT_FRAGMENT,5,12,0,,2,16384,0,12,0,0,0,0,INSUFFICIENT_MATERIAL_TRANSFER,,
S8-2843,PROFILE_1024_87,P1_STAGED_CUTOVER,R4_CLUSTERED_MEDIUM,A1_DROP_FIRST_LARGEST_OBJECT_FRAGMENT,5,24,0,,2,16384,0,24,0,0,0,0,INSUFFICIENT_MATERIAL_TRANSFER,,
S8-2844,PROFILE_1024_87,P1_STAGED_CUTOVER,R4_CLUSTERED_MEDIUM,A1_DROP_FIRST_LARGEST_OBJECT_FRAGMENT,5,48,1,25,4,28863,1,24,0,0,0,0,TRUST_RESTORED,24,24
S8-2845,PROFILE_1024_87,P1_STAGED_CUTOVER,R4_CLUSTERED_MEDIUM,A2_DELAY_FIRST_TRANSITION_PROOF_ONE_CONTACT,0,12,0,,2,10355,0,12,0,0,0,0,INSUFFICIENT_MATERIAL_TRANSFER,,
S8-2846,PROFILE_1024_87,P1_STAGED_CUTOVER,R4_CLUSTERED_MEDIUM,A2_DELAY_FIRST_TRANSITION_PROOF_ONE_CONTACT,0,24,1,14,4,24236,1,14,0,0,0,0,TRUST_RESTORED,13,14
S8-2847,PROFILE_1024_87,P1_STAGED_CUTOVER,R4_CLUSTERED_MEDIUM,A2_DELAY_FIRST_TRANSITION_PROOF_ONE_CONTACT,0,48,1,14,4,24236,1,14,0,0,0,0,TRUST_RESTORED,13,14
S8-2848,PROFILE_1024_87,P1_STAGED_CUTOVER,R4_CLUSTERED_MEDIUM,A2_DELAY_FIRST_TRANSITION_PROOF_ONE_CONTACT,1,12,0,,1,8192,0,12,0,0,0,0,INSUFFICIENT_MATERIAL_TRANSFER,,
S8-2849,PROFILE_1024_87,P1_STAGED_CUTOVER,R4_CLUSTERED_MEDIUM,A2_DELAY_FIRST_TRANSITION_PROOF_ONE_CONTACT,1,24,0,,3,18547,0,24,0,0,0,0,INSUFFICIENT_MATERIAL_TRANSFER,13,
S8-2850,PROFILE_1024_87,P1_STAGED_CUTOVER,R4_CLUSTERED_MEDIUM,A2_DELAY_FIRST_TRANSITION_PROOF_ONE_CONTACT,1,48,1,28,4,24236,1,28,0,0,0,0,TRUST_RESTORED,13,28
S8-2851,PROFILE_1024_87,P1_STAGED_CUTOVER,R4_CLUSTERED_MEDIUM,A2_DELAY_FIRST_TRANSITION_PROOF_ONE_CONTACT,2,12,0,,1,8192,0,12,0,0,0,0,INSUFFICIENT_MATERIAL_TRANSFER,,
S8-2852,PROFILE_1024_87,P1_STAGED_CUTOVER,R4_CLUSTERED_MEDIUM,A2_DELAY_FIRST_TRANSITION_PROOF_ONE_CONTACT,2,24,0,,2,10355,0,24,0,0,0,0,INSUFFICIENT_MATERIAL_TRANSFER,,
S8-2853,PROFILE_1024_87,P1_STAGED_CUTOVER,R4_CLUSTERED_MEDIUM,A2_DELAY_FIRST_TRANSITION_PROOF_ONE_CONTACT,2,48,1,28,4,24236,1,28,0,0,0,0,TRUST_RESTORED,27,28
S8-2854,PROFILE_1024_87,P1_STAGED_CUTOVER,R4_CLUSTERED_MEDIUM,A2_DELAY_FIRST_TRANSITION_PROOF_ONE_CONTACT,3,12,0,,2,10355,0,12,0,0,0,0,INSUFFICIENT_MATERIAL_TRANSFER,,
S8-2855,PROFILE_1024_87,P1_STAGED_CUTOVER,R4_CLUSTERED_MEDIUM,A2_DELAY_FIRST_TRANSITION_PROOF_ONE_CONTACT,3,24,0,,2,10355,0,24,0,0,0,0,INSUFFICIENT_MATERIAL_TRANSFER,,
S8-2856,PROFILE_1024_87,P1_STAGED_CUTOVER,R4_CLUSTERED_MEDIUM,A2_DELAY_FIRST_TRANSITION_PROOF_ONE_CONTACT,3,48,1,27,4,24236,1,27,0,0,0,0,TRUST_RESTORED,26,27
S8-2857,PROFILE_1024_87,P1_STAGED_CUTOVER,R4_CLUSTERED_MEDIUM,A2_DELAY_FIRST_TRANSITION_PROOF_ONE_CONTACT,4,12,0,,2,10355,0,12,0,0,0,0,INSUFFICIENT_MATERIAL_TRANSFER,,
S8-2858,PROFILE_1024_87,P1_STAGED_CUTOVER,R4_CLUSTERED_MEDIUM,A2_DELAY_FIRST_TRANSITION_PROOF_ONE_CONTACT,4,24,0,,2,10355,0,24,0,0,0,0,INSUFFICIENT_MATERIAL_TRANSFER,,
S8-2859,PROFILE_1024_87,P1_STAGED_CUTOVER,R4_CLUSTERED_MEDIUM,A2_DELAY_FIRST_TRANSITION_PROOF_ONE_CONTACT,4,48,1,26,4,24236,1,26,0,0,0,0,TRUST_RESTORED,25,26
S8-2860,PROFILE_1024_87,P1_STAGED_CUTOVER,R4_CLUSTERED_MEDIUM,A2_DELAY_FIRST_TRANSITION_PROOF_ONE_CONTACT,5,12,0,,2,10355,0,12,0,0,0,0,INSUFFICIENT_MATERIAL_TRANSFER,,
S8-2861,PROFILE_1024_87,P1_STAGED_CUTOVER,R4_CLUSTERED_MEDIUM,A2_DELAY_FIRST_TRANSITION_PROOF_ONE_CONTACT,5,24,0,,2,10355,0,24,0,0,0,0,INSUFFICIENT_MATERIAL_TRANSFER,,
S8-2862,PROFILE_1024_87,P1_STAGED_CUTOVER,R4_CLUSTERED_MEDIUM,A2_DELAY_FIRST_TRANSITION_PROOF_ONE_CONTACT,5,48,1,25,4,24236,1,25,0,0,0,0,TRUST_RESTORED,24,25
S8-2863,PROFILE_1024_87,P1_STAGED_CUTOVER,R4_CLUSTERED_MEDIUM,A3_STALE_EPOCH_REPLAY_AT_COMMIT,0,12,0,,2,14982,1,12,0,0,0,0,INSUFFICIENT_MATERIAL_TRANSFER,1,
S8-2864,PROFILE_1024_87,P1_STAGED_CUTOVER,R4_CLUSTERED_MEDIUM,A3_STALE_EPOCH_REPLAY_AT_COMMIT,0,24,1,14,4,24236,2,13,0,0,0,0,TRUST_RESTORED,1,13
S8-2865,PROFILE_1024_87,P1_STAGED_CUTOVER,R4_CLUSTERED_MEDIUM,A3_STALE_EPOCH_REPLAY_AT_COMMIT,0,48,1,14,4,24236,2,13,0,0,0,0,TRUST_RESTORED,1,13
S8-2866,PROFILE_1024_87,P1_STAGED_CUTOVER,R4_CLUSTERED_MEDIUM,A3_STALE_EPOCH_REPLAY_AT_COMMIT,1,12,0,,1,8192,0,12,0,0,0,0,INSUFFICIENT_MATERIAL_TRANSFER,,
S8-2867,PROFILE_1024_87,P1_STAGED_CUTOVER,R4_CLUSTERED_MEDIUM,A3_STALE_EPOCH_REPLAY_AT_COMMIT,1,24,0,,3,23174,2,13,0,0,0,0,EPOCH_DIVERGENCE,12,13
S8-2868,PROFILE_1024_87,P1_STAGED_CUTOVER,R4_CLUSTERED_MEDIUM,A3_STALE_EPOCH_REPLAY_AT_COMMIT,1,48,1,28,4,24236,2,13,0,0,0,0,TRUST_RESTORED,12,13
S8-2869,PROFILE_1024_87,P1_STAGED_CUTOVER,R4_CLUSTERED_MEDIUM,A3_STALE_EPOCH_REPLAY_AT_COMMIT,2,12,0,,1,8192,0,12,0,0,0,0,INSUFFICIENT_MATERIAL_TRANSFER,,
S8-2870,PROFILE_1024_87,P1_STAGED_CUTOVER,R4_CLUSTERED_MEDIUM,A3_STALE_EPOCH_REPLAY_AT_COMMIT,2,24,0,,2,14982,1,24,0,0,0,0,INSUFFICIENT_MATERIAL_TRANSFER,12,
S8-2871,PROFILE_1024_87,P1_STAGED_CUTOVER,R4_CLUSTERED_MEDIUM,A3_STALE_EPOCH_REPLAY_AT_COMMIT,2,48,1,28,4,24236,2,27,0,0,0,0,TRUST_RESTORED,12,27
S8-2872,PROFILE_1024_87,P1_STAGED_CUTOVER,R4_CLUSTERED_MEDIUM,A3_STALE_EPOCH_REPLAY_AT_COMMIT,3,12,0,,2,14982,1,12,0,0,0,0,INSUFFICIENT_MATERIAL_TRANSFER,11,
S8-2873,PROFILE_1024_87,P1_STAGED_CUTOVER,R4_CLUSTERED_MEDIUM,A3_STALE_EPOCH_REPLAY_AT_COMMIT,3,24,0,,2,14982,1,24,0,0,0,0,INSUFFICIENT_MATERIAL_TRANSFER,11,
S8-2874,PROFILE_1024_87,P1_STAGED_CUTOVER,R4_CLUSTERED_MEDIUM,A3_STALE_EPOCH_REPLAY_AT_COMMIT,3,48,1,27,4,24236,2,26,0,0,0,0,TRUST_RESTORED,11,26
S8-2875,PROFILE_1024_87,P1_STAGED_CUTOVER,R4_CLUSTERED_MEDIUM,A3_STALE_EPOCH_REPLAY_AT_COMMIT,4,12,0,,2,14982,1,12,0,0,0,0,INSUFFICIENT_MATERIAL_TRANSFER,10,
S8-2876,PROFILE_1024_87,P1_STAGED_CUTOVER,R4_CLUSTERED_MEDIUM,A3_STALE_EPOCH_REPLAY_AT_COMMIT,4,24,0,,2,14982,1,24,0,0,0,0,INSUFFICIENT_MATERIAL_TRANSFER,10,
S8-2877,PROFILE_1024_87,P1_STAGED_CUTOVER,R4_CLUSTERED_MEDIUM,A3_STALE_EPOCH_REPLAY_AT_COMMIT,4,48,1,26,4,24236,2,25,0,0,0,0,TRUST_RESTORED,10,25
S8-2878,PROFILE_1024_87,P1_STAGED_CUTOVER,R4_CLUSTERED_MEDIUM,A3_STALE_EPOCH_REPLAY_AT_COMMIT,5,12,0,,2,14982,1,12,0,0,0,0,INSUFFICIENT_MATERIAL_TRANSFER,9,
S8-2879,PROFILE_1024_87,P1_STAGED_CUTOVER,R4_CLUSTERED_MEDIUM,A3_STALE_EPOCH_REPLAY_AT_COMMIT,5,24,0,,2,14982,1,24,0,0,0,0,INSUFFICIENT_MATERIAL_TRANSFER,9,
S8-2880,PROFILE_1024_87,P1_STAGED_CUTOVER,R4_CLUSTERED_MEDIUM,A3_STALE_EPOCH_REPLAY_AT_COMMIT,5,48,1,25,4,24236,2,24,0,0,0,0,TRUST_RESTORED,9,24
S8-2881,PROFILE_1024_87,P2_HYBRID_OVERLAP,R1_FREQUENT_SMALL,A0_NONE,0,12,0,,5,20480,1,11,0,3,0,0,EPOCH_DIVERGENCE,8,11
S8-2882,PROFILE_1024_87,P2_HYBRID_OVERLAP,R1_FREQUENT_SMALL,A0_NONE,0,24,1,14,6,24236,1,11,0,3,0,0,TRUST_RESTORED,8,11
S8-2883,PROFILE_1024_87,P2_HYBRID_OVERLAP,R1_FREQUENT_SMALL,A0_NONE,0,48,1,14,6,24236,1,11,0,3,0,0,TRUST_RESTORED,8,11
S8-2884,PROFILE_1024_87,P2_HYBRID_OVERLAP,R1_FREQUENT_SMALL,A0_NONE,1,12,0,,4,16384,0,12,0,2,0,0,INSUFFICIENT_MATERIAL_TRANSFER,10,
S8-2885,PROFILE_1024_87,P2_HYBRID_OVERLAP,R1_FREQUENT_SMALL,A0_NONE,1,24,1,16,6,24236,1,13,0,3,0,0,TRUST_RESTORED,10,13
S8-2886,PROFILE_1024_87,P2_HYBRID_OVERLAP,R1_FREQUENT_SMALL,A0_NONE,1,48,1,16,6,24236,1,13,0,3,0,0,TRUST_RESTORED,10,13
S8-2887,PROFILE_1024_87,P2_HYBRID_OVERLAP,R1_FREQUENT_SMALL,A0_NONE,2,12,0,,4,16384,0,12,0,3,0,0,INSUFFICIENT_MATERIAL_TRANSFER,9,
S8-2888,PROFILE_1024_87,P2_HYBRID_OVERLAP,R1_FREQUENT_SMALL,A0_NONE,2,24,1,15,6,24236,1,12,0,3,0,0,TRUST_RESTORED,9,12
S8-2889,PROFILE_1024_87,P2_HYBRID_OVERLAP,R1_FREQUENT_SMALL,A0_NONE,2,48,1,15,6,24236,1,12,0,3,0,0,TRUST_RESTORED,9,12
S8-2890,PROFILE_1024_87,P2_HYBRID_OVERLAP,R1_FREQUENT_SMALL,A0_NONE,3,12,0,,4,16384,0,12,0,1,0,0,INSUFFICIENT_MATERIAL_TRANSFER,11,
S8-2891,PROFILE_1024_87,P2_HYBRID_OVERLAP,R1_FREQUENT_SMALL,A0_NONE,3,24,1,17,6,24236,1,14,0,3,0,0,TRUST_RESTORED,11,14
S8-2892,PROFILE_1024_87,P2_HYBRID_OVERLAP,R1_FREQUENT_SMALL,A0_NONE,3,48,1,17,6,24236,1,14,0,3,0,0,TRUST_RESTORED,11,14
S8-2893,PROFILE_1024_87,P2_HYBRID_OVERLAP,R1_FREQUENT_SMALL,A0_NONE,4,12,0,,4,16384,0,12,0,2,0,0,INSUFFICIENT_MATERIAL_TRANSFER,10,
S8-2894,PROFILE_1024_87,P2_HYBRID_OVERLAP,R1_FREQUENT_SMALL,A0_NONE,4,24,1,16,6,24236,1,13,0,3,0,0,TRUST_RESTORED,10,13
S8-2895,PROFILE_1024_87,P2_HYBRID_OVERLAP,R1_FREQUENT_SMALL,A0_NONE,4,48,1,16,6,24236,1,13,0,3,0,0,TRUST_RESTORED,10,13
S8-2896,PROFILE_1024_87,P2_HYBRID_OVERLAP,R1_FREQUENT_SMALL,A0_NONE,5,12,0,,4,16384,0,12,0,3,0,0,INSUFFICIENT_MATERIAL_TRANSFER,9,
S8-2897,PROFILE_1024_87,P2_HYBRID_OVERLAP,R1_FREQUENT_SMALL,A0_NONE,5,24,1,15,6,24236,1,12,0,3,0,0,TRUST_RESTORED,9,12
S8-2898,PROFILE_1024_87,P2_HYBRID_OVERLAP,R1_FREQUENT_SMALL,A0_NONE,5,48,1,15,6,24236,1,12,0,3,0,0,TRUST_RESTORED,9,12
S8-2899,PROFILE_1024_87,P2_HYBRID_OVERLAP,R1_FREQUENT_SMALL,A1_DROP_FIRST_LARGEST_OBJECT_FRAGMENT,0,12,0,,5,20480,0,12,0,1,0,0,INSUFFICIENT_MATERIAL_TRANSFER,11,
S8-2900,PROFILE_1024_87,P2_HYBRID_OVERLAP,R1_FREQUENT_SMALL,A1_DROP_FIRST_LARGEST_OBJECT_FRAGMENT,0,24,1,17,7,28332,1,14,0,3,0,0,TRUST_RESTORED,11,14
S8-2901,PROFILE_1024_87,P2_HYBRID_OVERLAP,R1_FREQUENT_SMALL,A1_DROP_FIRST_LARGEST_OBJECT_FRAGMENT,0,48,1,17,7,28332,1,14,0,3,0,0,TRUST_RESTORED,11,14
S8-2902,PROFILE_1024_87,P2_HYBRID_OVERLAP,R1_FREQUENT_SMALL,A1_DROP_FIRST_LARGEST_OBJECT_FRAGMENT,1,12,0,,4,16384,0,12,0,0,0,0,INSUFFICIENT_MATERIAL_TRANSFER,,
S8-2903,PROFILE_1024_87,P2_HYBRID_OVERLAP,R1_FREQUENT_SMALL,A1_DROP_FIRST_LARGEST_OBJECT_FRAGMENT,1,24,1,19,7,28332,1,16,0,3,0,0,TRUST_RESTORED,13,16
S8-2904,PROFILE_1024_87,P2_HYBRID_OVERLAP,R1_FREQUENT_SMALL,A1_DROP_FIRST_LARGEST_OBJECT_FRAGMENT,1,48,1,19,7,28332,1,16,0,3,0,0,TRUST_RESTORED,13,16
S8-2905,PROFILE_1024_87,P2_HYBRID_OVERLAP,R1_FREQUENT_SMALL,A1_DROP_FIRST_LARGEST_OBJECT_FRAGMENT,2,12,0,,4,16384,0,12,0,0,0,0,INSUFFICIENT_MATERIAL_TRANSFER,,
S8-2906,PROFILE_1024_87,P2_HYBRID_OVERLAP,R1_FREQUENT_SMALL,A1_DROP_FIRST_LARGEST_OBJECT_FRAGMENT,2,24,1,18,7,28332,1,15,0,3,0,0,TRUST_RESTORED,12,15
S8-2907,PROFILE_1024_87,P2_HYBRID_OVERLAP,R1_FREQUENT_SMALL,A1_DROP_FIRST_LARGEST_OBJECT_FRAGMENT,2,48,1,18,7,28332,1,15,0,3,0,0,TRUST_RESTORED,12,15
S8-2908,PROFILE_1024_87,P2_HYBRID_OVERLAP,R1_FREQUENT_SMALL,A1_DROP_FIRST_LARGEST_OBJECT_FRAGMENT,3,12,0,,4,16384,0,12,0,0,0,0,INSUFFICIENT_MATERIAL_TRANSFER,,
S8-2909,PROFILE_1024_87,P2_HYBRID_OVERLAP,R1_FREQUENT_SMALL,A1_DROP_FIRST_LARGEST_OBJECT_FRAGMENT,3,24,1,20,7,28332,1,17,0,3,0,0,TRUST_RESTORED,14,17
S8-2910,PROFILE_1024_87,P2_HYBRID_OVERLAP,R1_FREQUENT_SMALL,A1_DROP_FIRST_LARGEST_OBJECT_FRAGMENT,3,48,1,20,7,28332,1,17,0,3,0,0,TRUST_RESTORED,14,17
S8-2911,PROFILE_1024_87,P2_HYBRID_OVERLAP,R1_FREQUENT_SMALL,A1_DROP_FIRST_LARGEST_OBJECT_FRAGMENT,4,12,0,,4,16384,0,12,0,0,0,0,INSUFFICIENT_MATERIAL_TRANSFER,,
S8-2912,PROFILE_1024_87,P2_HYBRID_OVERLAP,R1_FREQUENT_SMALL,A1_DROP_FIRST_LARGEST_OBJECT_FRAGMENT,4,24,1,19,7,28332,1,16,0,3,0,0,TRUST_RESTORED,13,16
S8-2913,PROFILE_1024_87,P2_HYBRID_OVERLAP,R1_FREQUENT_SMALL,A1_DROP_FIRST_LARGEST_OBJECT_FRAGMENT,4,48,1,19,7,28332,1,16,0,3,0,0,TRUST_RESTORED,13,16
S8-2914,PROFILE_1024_87,P2_HYBRID_OVERLAP,R1_FREQUENT_SMALL,A1_DROP_FIRST_LARGEST_OBJECT_FRAGMENT,5,12,0,,4,16384,0,12,0,0,0,0,INSUFFICIENT_MATERIAL_TRANSFER,,
S8-2915,PROFILE_1024_87,P2_HYBRID_OVERLAP,R1_FREQUENT_SMALL,A1_DROP_FIRST_LARGEST_OBJECT_FRAGMENT,5,24,1,18,7,28332,1,15,0,3,0,0,TRUST_RESTORED,12,15
S8-2916,PROFILE_1024_87,P2_HYBRID_OVERLAP,R1_FREQUENT_SMALL,A1_DROP_FIRST_LARGEST_OBJECT_FRAGMENT,5,48,1,18,7,28332,1,15,0,3,0,0,TRUST_RESTORED,12,15
S8-2917,PROFILE_1024_87,P2_HYBRID_OVERLAP,R1_FREQUENT_SMALL,A2_DELAY_FIRST_TRANSITION_PROOF_ONE_CONTACT,0,12,0,,5,18547,0,12,0,1,0,0,INSUFFICIENT_MATERIAL_TRANSFER,11,
S8-2918,PROFILE_1024_87,P2_HYBRID_OVERLAP,R1_FREQUENT_SMALL,A2_DELAY_FIRST_TRANSITION_PROOF_ONE_CONTACT,0,24,1,17,7,24236,1,14,0,3,0,0,TRUST_RESTORED,11,14
S8-2919,PROFILE_1024_87,P2_HYBRID_OVERLAP,R1_FREQUENT_SMALL,A2_DELAY_FIRST_TRANSITION_PROOF_ONE_CONTACT,0,48,1,17,7,24236,1,14,0,3,0,0,TRUST_RESTORED,11,14
S8-2920,PROFILE_1024_87,P2_HYBRID_OVERLAP,R1_FREQUENT_SMALL,A2_DELAY_FIRST_TRANSITION_PROOF_ONE_CONTACT,1,12,0,,4,14451,0,12,0,0,0,0,INSUFFICIENT_MATERIAL_TRANSFER,,
S8-2921,PROFILE_1024_87,P2_HYBRID_OVERLAP,R1_FREQUENT_SMALL,A2_DELAY_FIRST_TRANSITION_PROOF_ONE_CONTACT,1,24,1,19,7,24236,1,16,0,3,0,0,TRUST_RESTORED,13,16
S8-2922,PROFILE_1024_87,P2_HYBRID_OVERLAP,R1_FREQUENT_SMALL,A2_DELAY_FIRST_TRANSITION_PROOF_ONE_CONTACT,1,48,1,19,7,24236,1,16,0,3,0,0,TRUST_RESTORED,13,16
S8-2923,PROFILE_1024_87,P2_HYBRID_OVERLAP,R1_FREQUENT_SMALL,A2_DELAY_FIRST_TRANSITION_PROOF_ONE_CONTACT,2,12,0,,4,14451,0,12,0,0,0,0,INSUFFICIENT_MATERIAL_TRANSFER,,
S8-2924,PROFILE_1024_87,P2_HYBRID_OVERLAP,R1_FREQUENT_SMALL,A2_DELAY_FIRST_TRANSITION_PROOF_ONE_CONTACT,2,24,1,18,7,24236,1,15,0,3,0,0,TRUST_RESTORED,12,15
S8-2925,PROFILE_1024_87,P2_HYBRID_OVERLAP,R1_FREQUENT_SMALL,A2_DELAY_FIRST_TRANSITION_PROOF_ONE_CONTACT,2,48,1,18,7,24236,1,15,0,3,0,0,TRUST_RESTORED,12,15
S8-2926,PROFILE_1024_87,P2_HYBRID_OVERLAP,R1_FREQUENT_SMALL,A2_DELAY_FIRST_TRANSITION_PROOF_ONE_CONTACT,3,12,0,,4,14451,0,12,0,0,0,0,INSUFFICIENT_MATERIAL_TRANSFER,,
S8-2927,PROFILE_1024_87,P2_HYBRID_OVERLAP,R1_FREQUENT_SMALL,A2_DELAY_FIRST_TRANSITION_PROOF_ONE_CONTACT,3,24,1,20,7,24236,1,17,0,3,0,0,TRUST_RESTORED,14,17
S8-2928,PROFILE_1024_87,P2_HYBRID_OVERLAP,R1_FREQUENT_SMALL,A2_DELAY_FIRST_TRANSITION_PROOF_ONE_CONTACT,3,48,1,20,7,24236,1,17,0,3,0,0,TRUST_RESTORED,14,17
S8-2929,PROFILE_1024_87,P2_HYBRID_OVERLAP,R1_FREQUENT_SMALL,A2_DELAY_FIRST_TRANSITION_PROOF_ONE_CONTACT,4,12,0,,4,14451,0,12,0,0,0,0,INSUFFICIENT_MATERIAL_TRANSFER,,
S8-2930,PROFILE_1024_87,P2_HYBRID_OVERLAP,R1_FREQUENT_SMALL,A2_DELAY_FIRST_TRANSITION_PROOF_ONE_CONTACT,4,24,1,19,7,24236,1,16,0,3,0,0,TRUST_RESTORED,13,16
S8-2931,PROFILE_1024_87,P2_HYBRID_OVERLAP,R1_FREQUENT_SMALL,A2_DELAY_FIRST_TRANSITION_PROOF_ONE_CONTACT,4,48,1,19,7,24236,1,16,0,3,0,0,TRUST_RESTORED,13,16
S8-2932,PROFILE_1024_87,P2_HYBRID_OVERLAP,R1_FREQUENT_SMALL,A2_DELAY_FIRST_TRANSITION_PROOF_ONE_CONTACT,5,12,0,,4,14451,0,12,0,0,0,0,INSUFFICIENT_MATERIAL_TRANSFER,,
S8-2933,PROFILE_1024_87,P2_HYBRID_OVERLAP,R1_FREQUENT_SMALL,A2_DELAY_FIRST_TRANSITION_PROOF_ONE_CONTACT,5,24,1,18,7,24236,1,15,0,3,0,0,TRUST_RESTORED,12,15
S8-2934,PROFILE_1024_87,P2_HYBRID_OVERLAP,R1_FREQUENT_SMALL,A2_DELAY_FIRST_TRANSITION_PROOF_ONE_CONTACT,5,48,1,18,7,24236,1,15,0,3,0,0,TRUST_RESTORED,12,15
S8-2935,PROFILE_1024_87,P2_HYBRID_OVERLAP,R1_FREQUENT_SMALL,A3_STALE_EPOCH_REPLAY_AT_COMMIT,0,12,0,,5,19078,1,12,0,4,0,0,INSUFFICIENT_MATERIAL_TRANSFER,8,
S8-2936,PROFILE_1024_87,P2_HYBRID_OVERLAP,R1_FREQUENT_SMALL,A3_STALE_EPOCH_REPLAY_AT_COMMIT,0,24,1,17,7,24236,2,14,0,6,0,0,TRUST_RESTORED,8,14
S8-2937,PROFILE_1024_87,P2_HYBRID_OVERLAP,R1_FREQUENT_SMALL,A3_STALE_EPOCH_REPLAY_AT_COMMIT,0,48,1,17,7,24236,2,14,0,6,0,0,TRUST_RESTORED,8,14
S8-2938,PROFILE_1024_87,P2_HYBRID_OVERLAP,R1_FREQUENT_SMALL,A3_STALE_EPOCH_REPLAY_AT_COMMIT,1,12,0,,4,14982,1,12,0,2,0,0,INSUFFICIENT_MATERIAL_TRANSFER,10,
S8-2939,PROFILE_1024_87,P2_HYBRID_OVERLAP,R1_FREQUENT_SMALL,A3_STALE_EPOCH_REPLAY_AT_COMMIT,1,24,1,19,7,24236,2,16,0,6,0,0,TRUST_RESTORED,10,16
S8-2940,PROFILE_1024_87,P2_HYBRID_OVERLAP,R1_FREQUENT_SMALL,A3_STALE_EPOCH_REPLAY_AT_COMMIT,1,48,1,19,7,24236,2,16,0,6,0,0,TRUST_RESTORED,10,16
S8-2941,PROFILE_1024_87,P2_HYBRID_OVERLAP,R1_FREQUENT_SMALL,A3_STALE_EPOCH_REPLAY_AT_COMMIT,2,12,0,,4,14982,1,12,0,3,0,0,INSUFFICIENT_MATERIAL_TRANSFER,9,
S8-2942,PROFILE_1024_87,P2_HYBRID_OVERLAP,R1_FREQUENT_SMALL,A3_STALE_EPOCH_REPLAY_AT_COMMIT,2,24,1,18,7,24236,2,15,0,6,0,0,TRUST_RESTORED,9,15
S8-2943,PROFILE_1024_87,P2_HYBRID_OVERLAP,R1_FREQUENT_SMALL,A3_STALE_EPOCH_REPLAY_AT_COMMIT,2,48,1,18,7,24236,2,15,0,6,0,0,TRUST_RESTORED,9,15
S8-2944,PROFILE_1024_87,P2_HYBRID_OVERLAP,R1_FREQUENT_SMALL,A3_STALE_EPOCH_REPLAY_AT_COMMIT,3,12,0,,4,14982,1,12,0,1,0,0,INSUFFICIENT_MATERIAL_TRANSFER,11,
S8-2945,PROFILE_1024_87,P2_HYBRID_OVERLAP,R1_FREQUENT_SMALL,A3_STALE_EPOCH_REPLAY_AT_COMMIT,3,24,1,20,7,24236,2,17,0,6,0,0,TRUST_RESTORED,11,17
S8-2946,PROFILE_1024_87,P2_HYBRID_OVERLAP,R1_FREQUENT_SMALL,A3_STALE_EPOCH_REPLAY_AT_COMMIT,3,48,1,20,7,24236,2,17,0,6,0,0,TRUST_RESTORED,11,17
S8-2947,PROFILE_1024_87,P2_HYBRID_OVERLAP,R1_FREQUENT_SMALL,A3_STALE_EPOCH_REPLAY_AT_COMMIT,4,12,0,,4,14982,1,12,0,2,0,0,INSUFFICIENT_MATERIAL_TRANSFER,10,
S8-2948,PROFILE_1024_87,P2_HYBRID_OVERLAP,R1_FREQUENT_SMALL,A3_STALE_EPOCH_REPLAY_AT_COMMIT,4,24,1,19,7,24236,2,16,0,6,0,0,TRUST_RESTORED,10,16
S8-2949,PROFILE_1024_87,P2_HYBRID_OVERLAP,R1_FREQUENT_SMALL,A3_STALE_EPOCH_REPLAY_AT_COMMIT,4,48,1,19,7,24236,2,16,0,6,0,0,TRUST_RESTORED,10,16
S8-2950,PROFILE_1024_87,P2_HYBRID_OVERLAP,R1_FREQUENT_SMALL,A3_STALE_EPOCH_REPLAY_AT_COMMIT,5,12,0,,4,14982,1,12,0,3,0,0,INSUFFICIENT_MATERIAL_TRANSFER,9,
S8-2951,PROFILE_1024_87,P2_HYBRID_OVERLAP,R1_FREQUENT_SMALL,A3_STALE_EPOCH_REPLAY_AT_COMMIT,5,24,1,18,7,24236,2,15,0,6,0,0,TRUST_RESTORED,9,15
S8-2952,PROFILE_1024_87,P2_HYBRID_OVERLAP,R1_FREQUENT_SMALL,A3_STALE_EPOCH_REPLAY_AT_COMMIT,5,48,1,18,7,24236,2,15,0,6,0,0,TRUST_RESTORED,9,15
S8-2953,PROFILE_1024_87,P2_HYBRID_OVERLAP,R2_PERIODIC_MEDIUM,A0_NONE,0,12,1,11,3,24236,1,11,0,6,0,0,TRUST_RESTORED,5,11
S8-2954,PROFILE_1024_87,P2_HYBRID_OVERLAP,R2_PERIODIC_MEDIUM,A0_NONE,0,24,1,11,3,24236,1,11,0,6,0,0,TRUST_RESTORED,5,11
S8-2955,PROFILE_1024_87,P2_HYBRID_OVERLAP,R2_PERIODIC_MEDIUM,A0_NONE,0,48,1,11,3,24236,1,11,0,6,0,0,TRUST_RESTORED,5,11
S8-2956,PROFILE_1024_87,P2_HYBRID_OVERLAP,R2_PERIODIC_MEDIUM,A0_NONE,1,12,0,,2,16384,0,12,0,2,0,0,INSUFFICIENT_MATERIAL_TRANSFER,10,
S8-2957,PROFILE_1024_87,P2_HYBRID_OVERLAP,R2_PERIODIC_MEDIUM,A0_NONE,1,24,1,16,3,24236,1,16,0,6,0,0,TRUST_RESTORED,10,16
S8-2958,PROFILE_1024_87,P2_HYBRID_OVERLAP,R2_PERIODIC_MEDIUM,A0_NONE,1,48,1,16,3,24236,1,16,0,6,0,0,TRUST_RESTORED,10,16
S8-2959,PROFILE_1024_87,P2_HYBRID_OVERLAP,R2_PERIODIC_MEDIUM,A0_NONE,2,12,0,,2,16384,0,12,0,3,0,0,INSUFFICIENT_MATERIAL_TRANSFER,9,
S8-2960,PROFILE_1024_87,P2_HYBRID_OVERLAP,R2_PERIODIC_MEDIUM,A0_NONE,2,24,1,15,3,24236,1,15,0,6,0,0,TRUST_RESTORED,9,15
S8-2961,PROFILE_1024_87,P2_HYBRID_OVERLAP,R2_PERIODIC_MEDIUM,A0_NONE,2,48,1,15,3,24236,1,15,0,6,0,0,TRUST_RESTORED,9,15
S8-2962,PROFILE_1024_87,P2_HYBRID_OVERLAP,R2_PERIODIC_MEDIUM,A0_NONE,3,12,0,,2,16384,0,12,0,4,0,0,INSUFFICIENT_MATERIAL_TRANSFER,8,
S8-2963,PROFILE_1024_87,P2_HYBRID_OVERLAP,R2_PERIODIC_MEDIUM,A0_NONE,3,24,1,14,3,24236,1,14,0,6,0,0,TRUST_RESTORED,8,14
S8-2964,PROFILE_1024_87,P2_HYBRID_OVERLAP,R2_PERIODIC_MEDIUM,A0_NONE,3,48,1,14,3,24236,1,14,0,6,0,0,TRUST_RESTORED,8,14
S8-2965,PROFILE_1024_87,P2_HYBRID_OVERLAP,R2_PERIODIC_MEDIUM,A0_NONE,4,12,0,,2,16384,0,12,0,5,0,0,INSUFFICIENT_MATERIAL_TRANSFER,7,
S8-2966,PROFILE_1024_87,P2_HYBRID_OVERLAP,R2_PERIODIC_MEDIUM,A0_NONE,4,24,1,13,3,24236,1,13,0,6,0,0,TRUST_RESTORED,7,13
S8-2967,PROFILE_1024_87,P2_HYBRID_OVERLAP,R2_PERIODIC_MEDIUM,A0_NONE,4,48,1,13,3,24236,1,13,0,6,0,0,TRUST_RESTORED,7,13
S8-2968,PROFILE_1024_87,P2_HYBRID_OVERLAP,R2_PERIODIC_MEDIUM,A0_NONE,5,12,0,,2,16384,0,12,0,6,0,0,INSUFFICIENT_MATERIAL_TRANSFER,6,
S8-2969,PROFILE_1024_87,P2_HYBRID_OVERLAP,R2_PERIODIC_MEDIUM,A0_NONE,5,24,1,12,3,24236,1,12,0,6,0,0,TRUST_RESTORED,6,12
S8-2970,PROFILE_1024_87,P2_HYBRID_OVERLAP,R2_PERIODIC_MEDIUM,A0_NONE,5,48,1,12,3,24236,1,12,0,6,0,0,TRUST_RESTORED,6,12
S8-2971,PROFILE_1024_87,P2_HYBRID_OVERLAP,R2_PERIODIC_MEDIUM,A1_DROP_FIRST_LARGEST_OBJECT_FRAGMENT,0,12,0,,3,24576,1,11,0,0,0,0,EPOCH_DIVERGENCE,11,11
S8-2972,PROFILE_1024_87,P2_HYBRID_OVERLAP,R2_PERIODIC_MEDIUM,A1_DROP_FIRST_LARGEST_OBJECT_FRAGMENT,0,24,1,17,4,28863,1,11,0,0,0,0,TRUST_RESTORED,11,11
S8-2973,PROFILE_1024_87,P2_HYBRID_OVERLAP,R2_PERIODIC_MEDIUM,A1_DROP_FIRST_LARGEST_OBJECT_FRAGMENT,0,48,1,17,4,28863,1,11,0,0,0,0,TRUST_RESTORED,11,11
S8-2974,PROFILE_1024_87,P2_HYBRID_OVERLAP,R2_PERIODIC_MEDIUM,A1_DROP_FIRST_LARGEST_OBJECT_FRAGMENT,1,12,0,,2,16384,0,12,0,0,0,0,INSUFFICIENT_MATERIAL_TRANSFER,,
S8-2975,PROFILE_1024_87,P2_HYBRID_OVERLAP,R2_PERIODIC_MEDIUM,A1_DROP_FIRST_LARGEST_OBJECT_FRAGMENT,1,24,1,22,4,28863,1,16,0,0,0,0,TRUST_RESTORED,16,16
S8-2976,PROFILE_1024_87,P2_HYBRID_OVERLAP,R2_PERIODIC_MEDIUM,A1_DROP_FIRST_LARGEST_OBJECT_FRAGMENT,1,48,1,22,4,28863,1,16,0,0,0,0,TRUST_RESTORED,16,16
S8-2977,PROFILE_1024_87,P2_HYBRID_OVERLAP,R2_PERIODIC_MEDIUM,A1_DROP_FIRST_LARGEST_OBJECT_FRAGMENT,2,12,0,,2,16384,0,12,0,0,0,0,INSUFFICIENT_MATERIAL_TRANSFER,,
S8-2978,PROFILE_1024_87,P2_HYBRID_OVERLAP,R2_PERIODIC_MEDIUM,A1_DROP_FIRST_LARGEST_OBJECT_FRAGMENT,2,24,1,21,4,28863,1,15,0,0,0,0,TRUST_RESTORED,15,15
S8-2979,PROFILE_1024_87,P2_HYBRID_OVERLAP,R2_PERIODIC_MEDIUM,A1_DROP_FIRST_LARGEST_OBJECT_FRAGMENT,2,48,1,21,4,28863,1,15,0,0,0,0,TRUST_RESTORED,15,15
S8-2980,PROFILE_1024_87,P2_HYBRID_OVERLAP,R2_PERIODIC_MEDIUM,A1_DROP_FIRST_LARGEST_OBJECT_FRAGMENT,3,12,0,,2,16384,0,12,0,0,0,0,INSUFFICIENT_MATERIAL_TRANSFER,,
S8-2981,PROFILE_1024_87,P2_HYBRID_OVERLAP,R2_PERIODIC_MEDIUM,A1_DROP_FIRST_LARGEST_OBJECT_FRAGMENT,3,24,1,20,4,28863,1,14,0,0,0,0,TRUST_RESTORED,14,14
S8-2982,PROFILE_1024_87,P2_HYBRID_OVERLAP,R2_PERIODIC_MEDIUM,A1_DROP_FIRST_LARGEST_OBJECT_FRAGMENT,3,48,1,20,4,28863,1,14,0,0,0,0,TRUST_RESTORED,14,14
S8-2983,PROFILE_1024_87,P2_HYBRID_OVERLAP,R2_PERIODIC_MEDIUM,A1_DROP_FIRST_LARGEST_OBJECT_FRAGMENT,4,12,0,,2,16384,0,12,0,0,0,0,INSUFFICIENT_MATERIAL_TRANSFER,,
S8-2984,PROFILE_1024_87,P2_HYBRID_OVERLAP,R2_PERIODIC_MEDIUM,A1_DROP_FIRST_LARGEST_OBJECT_FRAGMENT,4,24,1,19,4,28863,1,13,0,0,0,0,TRUST_RESTORED,13,13
S8-2985,PROFILE_1024_87,P2_HYBRID_OVERLAP,R2_PERIODIC_MEDIUM,A1_DROP_FIRST_LARGEST_OBJECT_FRAGMENT,4,48,1,19,4,28863,1,13,0,0,0,0,TRUST_RESTORED,13,13
S8-2986,PROFILE_1024_87,P2_HYBRID_OVERLAP,R2_PERIODIC_MEDIUM,A1_DROP_FIRST_LARGEST_OBJECT_FRAGMENT,5,12,0,,2,16384,0,12,0,0,0,0,INSUFFICIENT_MATERIAL_TRANSFER,,
S8-2987,PROFILE_1024_87,P2_HYBRID_OVERLAP,R2_PERIODIC_MEDIUM,A1_DROP_FIRST_LARGEST_OBJECT_FRAGMENT,5,24,1,18,4,28863,1,12,0,0,0,0,TRUST_RESTORED,12,12
S8-2988,PROFILE_1024_87,P2_HYBRID_OVERLAP,R2_PERIODIC_MEDIUM,A1_DROP_FIRST_LARGEST_OBJECT_FRAGMENT,5,48,1,18,4,28863,1,12,0,0,0,0,TRUST_RESTORED,12,12
S8-2989,PROFILE_1024_87,P2_HYBRID_OVERLAP,R2_PERIODIC_MEDIUM,A2_DELAY_FIRST_TRANSITION_PROOF_ONE_CONTACT,0,12,0,,3,18547,0,12,0,1,0,0,INSUFFICIENT_MATERIAL_TRANSFER,11,
S8-2990,PROFILE_1024_87,P2_HYBRID_OVERLAP,R2_PERIODIC_MEDIUM,A2_DELAY_FIRST_TRANSITION_PROOF_ONE_CONTACT,0,24,1,17,4,24236,1,17,0,6,0,0,TRUST_RESTORED,11,17
S8-2991,PROFILE_1024_87,P2_HYBRID_OVERLAP,R2_PERIODIC_MEDIUM,A2_DELAY_FIRST_TRANSITION_PROOF_ONE_CONTACT,0,48,1,17,4,24236,1,17,0,6,0,0,TRUST_RESTORED,11,17
S8-2992,PROFILE_1024_87,P2_HYBRID_OVERLAP,R2_PERIODIC_MEDIUM,A2_DELAY_FIRST_TRANSITION_PROOF_ONE_CONTACT,1,12,0,,2,10355,0,12,0,0,0,0,INSUFFICIENT_MATERIAL_TRANSFER,,
S8-2993,PROFILE_1024_87,P2_HYBRID_OVERLAP,R2_PERIODIC_MEDIUM,A2_DELAY_FIRST_TRANSITION_PROOF_ONE_CONTACT,1,24,1,22,4,24236,1,22,0,6,0,0,TRUST_RESTORED,16,22
S8-2994,PROFILE_1024_87,P2_HYBRID_OVERLAP,R2_PERIODIC_MEDIUM,A2_DELAY_FIRST_TRANSITION_PROOF_ONE_CONTACT,1,48,1,22,4,24236,1,22,0,6,0,0,TRUST_RESTORED,16,22
S8-2995,PROFILE_1024_87,P2_HYBRID_OVERLAP,R2_PERIODIC_MEDIUM,A2_DELAY_FIRST_TRANSITION_PROOF_ONE_CONTACT,2,12,0,,2,10355,0,12,0,0,0,0,INSUFFICIENT_MATERIAL_TRANSFER,,
S8-2996,PROFILE_1024_87,P2_HYBRID_OVERLAP,R2_PERIODIC_MEDIUM,A2_DELAY_FIRST_TRANSITION_PROOF_ONE_CONTACT,2,24,1,21,4,24236,1,21,0,6,0,0,TRUST_RESTORED,15,21
S8-2997,PROFILE_1024_87,P2_HYBRID_OVERLAP,R2_PERIODIC_MEDIUM,A2_DELAY_FIRST_TRANSITION_PROOF_ONE_CONTACT,2,48,1,21,4,24236,1,21,0,6,0,0,TRUST_RESTORED,15,21
S8-2998,PROFILE_1024_87,P2_HYBRID_OVERLAP,R2_PERIODIC_MEDIUM,A2_DELAY_FIRST_TRANSITION_PROOF_ONE_CONTACT,3,12,0,,2,10355,0,12,0,0,0,0,INSUFFICIENT_MATERIAL_TRANSFER,,
S8-2999,PROFILE_1024_87,P2_HYBRID_OVERLAP,R2_PERIODIC_MEDIUM,A2_DELAY_FIRST_TRANSITION_PROOF_ONE_CONTACT,3,24,1,20,4,24236,1,20,0,6,0,0,TRUST_RESTORED,14,20
S8-3000,PROFILE_1024_87,P2_HYBRID_OVERLAP,R2_PERIODIC_MEDIUM,A2_DELAY_FIRST_TRANSITION_PROOF_ONE_CONTACT,3,48,1,20,4,24236,1,20,0,6,0,0,TRUST_RESTORED,14,20
S8-3001,PROFILE_1024_87,P2_HYBRID_OVERLAP,R2_PERIODIC_MEDIUM,A2_DELAY_FIRST_TRANSITION_PROOF_ONE_CONTACT,4,12,0,,2,10355,0,12,0,0,0,0,INSUFFICIENT_MATERIAL_TRANSFER,,
S8-3002,PROFILE_1024_87,P2_HYBRID_OVERLAP,R2_PERIODIC_MEDIUM,A2_DELAY_FIRST_TRANSITION_PROOF_ONE_CONTACT,4,24,1,19,4,24236,1,19,0,6,0,0,TRUST_RESTORED,13,19
S8-3003,PROFILE_1024_87,P2_HYBRID_OVERLAP,R2_PERIODIC_MEDIUM,A2_DELAY_FIRST_TRANSITION_PROOF_ONE_CONTACT,4,48,1,19,4,24236,1,19,0,6,0,0,TRUST_RESTORED,13,19
S8-3004,PROFILE_1024_87,P2_HYBRID_OVERLAP,R2_PERIODIC_MEDIUM,A2_DELAY_FIRST_TRANSITION_PROOF_ONE_CONTACT,5,12,0,,2,10355,0,12,0,0,0,0,INSUFFICIENT_MATERIAL_TRANSFER,,
S8-3005,PROFILE_1024_87,P2_HYBRID_OVERLAP,R2_PERIODIC_MEDIUM,A2_DELAY_FIRST_TRANSITION_PROOF_ONE_CONTACT,5,24,1,18,4,24236,1,18,0,6,0,0,TRUST_RESTORED,12,18
S8-3006,PROFILE_1024_87,P2_HYBRID_OVERLAP,R2_PERIODIC_MEDIUM,A2_DELAY_FIRST_TRANSITION_PROOF_ONE_CONTACT,5,48,1,18,4,24236,1,18,0,6,0,0,TRUST_RESTORED,12,18
S8-3007,PROFILE_1024_87,P2_HYBRID_OVERLAP,R2_PERIODIC_MEDIUM,A3_STALE_EPOCH_REPLAY_AT_COMMIT,0,12,0,,3,23174,2,11,0,6,0,0,EPOCH_DIVERGENCE,5,11
S8-3008,PROFILE_1024_87,P2_HYBRID_OVERLAP,R2_PERIODIC_MEDIUM,A3_STALE_EPOCH_REPLAY_AT_COMMIT,0,24,1,17,4,24236,2,11,0,6,0,0,TRUST_RESTORED,5,11
S8-3009,PROFILE_1024_87,P2_HYBRID_OVERLAP,R2_PERIODIC_MEDIUM,A3_STALE_EPOCH_REPLAY_AT_COMMIT,0,48,1,17,4,24236,2,11,0,6,0,0,TRUST_RESTORED,5,11
S8-3010,PROFILE_1024_87,P2_HYBRID_OVERLAP,R2_PERIODIC_MEDIUM,A3_STALE_EPOCH_REPLAY_AT_COMMIT,1,12,0,,2,14982,1,12,0,2,0,0,INSUFFICIENT_MATERIAL_TRANSFER,10,
S8-3011,PROFILE_1024_87,P2_HYBRID_OVERLAP,R2_PERIODIC_MEDIUM,A3_STALE_EPOCH_REPLAY_AT_COMMIT,1,24,1,22,4,24236,2,16,0,6,0,0,TRUST_RESTORED,10,16
S8-3012,PROFILE_1024_87,P2_HYBRID_OVERLAP,R2_PERIODIC_MEDIUM,A3_STALE_EPOCH_REPLAY_AT_COMMIT,1,48,1,22,4,24236,2,16,0,6,0,0,TRUST_RESTORED,10,16
S8-3013,PROFILE_1024_87,P2_HYBRID_OVERLAP,R2_PERIODIC_MEDIUM,A3_STALE_EPOCH_REPLAY_AT_COMMIT,2,12,0,,2,14982,1,12,0,3,0,0,INSUFFICIENT_MATERIAL_TRANSFER,9,
S8-3014,PROFILE_1024_87,P2_HYBRID_OVERLAP,R2_PERIODIC_MEDIUM,A3_STALE_EPOCH_REPLAY_AT_COMMIT,2,24,1,21,4,24236,2,15,0,6,0,0,TRUST_RESTORED,9,15
S8-3015,PROFILE_1024_87,P2_HYBRID_OVERLAP,R2_PERIODIC_MEDIUM,A3_STALE_EPOCH_REPLAY_AT_COMMIT,2,48,1,21,4,24236,2,15,0,6,0,0,TRUST_RESTORED,9,15
S8-3016,PROFILE_1024_87,P2_HYBRID_OVERLAP,R2_PERIODIC_MEDIUM,A3_STALE_EPOCH_REPLAY_AT_COMMIT,3,12,0,,2,14982,1,12,0,4,0,0,INSUFFICIENT_MATERIAL_TRANSFER,8,
S8-3017,PROFILE_1024_87,P2_HYBRID_OVERLAP,R2_PERIODIC_MEDIUM,A3_STALE_EPOCH_REPLAY_AT_COMMIT,3,24,1,20,4,24236,2,14,0,6,0,0,TRUST_RESTORED,8,14
S8-3018,PROFILE_1024_87,P2_HYBRID_OVERLAP,R2_PERIODIC_MEDIUM,A3_STALE_EPOCH_REPLAY_AT_COMMIT,3,48,1,20,4,24236,2,14,0,6,0,0,TRUST_RESTORED,8,14
S8-3019,PROFILE_1024_87,P2_HYBRID_OVERLAP,R2_PERIODIC_MEDIUM,A3_STALE_EPOCH_REPLAY_AT_COMMIT,4,12,0,,2,14982,1,12,0,5,0,0,INSUFFICIENT_MATERIAL_TRANSFER,7,
S8-3020,PROFILE_1024_87,P2_HYBRID_OVERLAP,R2_PERIODIC_MEDIUM,A3_STALE_EPOCH_REPLAY_AT_COMMIT,4,24,1,19,4,24236,2,13,0,6,0,0,TRUST_RESTORED,7,13
S8-3021,PROFILE_1024_87,P2_HYBRID_OVERLAP,R2_PERIODIC_MEDIUM,A3_STALE_EPOCH_REPLAY_AT_COMMIT,4,48,1,19,4,24236,2,13,0,6,0,0,TRUST_RESTORED,7,13
S8-3022,PROFILE_1024_87,P2_HYBRID_OVERLAP,R2_PERIODIC_MEDIUM,A3_STALE_EPOCH_REPLAY_AT_COMMIT,5,12,0,,2,14982,1,12,0,6,0,0,INSUFFICIENT_MATERIAL_TRANSFER,6,
S8-3023,PROFILE_1024_87,P2_HYBRID_OVERLAP,R2_PERIODIC_MEDIUM,A3_STALE_EPOCH_REPLAY_AT_COMMIT,5,24,1,18,4,24236,2,12,0,6,0,0,TRUST_RESTORED,6,12
S8-3024,PROFILE_1024_87,P2_HYBRID_OVERLAP,R2_PERIODIC_MEDIUM,A3_STALE_EPOCH_REPLAY_AT_COMMIT,5,48,1,18,4,24236,2,12,0,6,0,0,TRUST_RESTORED,6,12
S8-3025,PROFILE_1024_87,P2_HYBRID_OVERLAP,R3_SPARSE_LARGE,A0_NONE,0,12,1,11,2,24236,1,11,0,11,0,0,TRUST_RESTORED,0,11
S8-3026,PROFILE_1024_87,P2_HYBRID_OVERLAP,R3_SPARSE_LARGE,A0_NONE,0,24,1,11,2,24236,1,11,0,11,0,0,TRUST_RESTORED,0,11
S8-3027,PROFILE_1024_87,P2_HYBRID_OVERLAP,R3_SPARSE_LARGE,A0_NONE,0,48,1,11,2,24236,1,11,0,11,0,0,TRUST_RESTORED,0,11
S8-3028,PROFILE_1024_87,P2_HYBRID_OVERLAP,R3_SPARSE_LARGE,A0_NONE,1,12,0,,1,16384,0,12,0,2,0,0,INSUFFICIENT_MATERIAL_TRANSFER,10,
S8-3029,PROFILE_1024_87,P2_HYBRID_OVERLAP,R3_SPARSE_LARGE,A0_NONE,1,24,1,22,2,24236,1,22,0,12,0,0,TRUST_RESTORED,10,22
S8-3030,PROFILE_1024_87,P2_HYBRID_OVERLAP,R3_SPARSE_LARGE,A0_NONE,1,48,1,22,2,24236,1,22,0,12,0,0,TRUST_RESTORED,10,22
S8-3031,PROFILE_1024_87,P2_HYBRID_OVERLAP,R3_SPARSE_LARGE,A0_NONE,2,12,0,,1,16384,0,12,0,3,0,0,INSUFFICIENT_MATERIAL_TRANSFER,9,
S8-3032,PROFILE_1024_87,P2_HYBRID_OVERLAP,R3_SPARSE_LARGE,A0_NONE,2,24,1,21,2,24236,1,21,0,12,0,0,TRUST_RESTORED,9,21
S8-3033,PROFILE_1024_87,P2_HYBRID_OVERLAP,R3_SPARSE_LARGE,A0_NONE,2,48,1,21,2,24236,1,21,0,12,0,0,TRUST_RESTORED,9,21
S8-3034,PROFILE_1024_87,P2_HYBRID_OVERLAP,R3_SPARSE_LARGE,A0_NONE,3,12,0,,1,16384,0,12,0,4,0,0,INSUFFICIENT_MATERIAL_TRANSFER,8,
S8-3035,PROFILE_1024_87,P2_HYBRID_OVERLAP,R3_SPARSE_LARGE,A0_NONE,3,24,1,20,2,24236,1,20,0,12,0,0,TRUST_RESTORED,8,20
S8-3036,PROFILE_1024_87,P2_HYBRID_OVERLAP,R3_SPARSE_LARGE,A0_NONE,3,48,1,20,2,24236,1,20,0,12,0,0,TRUST_RESTORED,8,20
S8-3037,PROFILE_1024_87,P2_HYBRID_OVERLAP,R3_SPARSE_LARGE,A0_NONE,4,12,0,,1,16384,0,12,0,5,0,0,INSUFFICIENT_MATERIAL_TRANSFER,7,
S8-3038,PROFILE_1024_87,P2_HYBRID_OVERLAP,R3_SPARSE_LARGE,A0_NONE,4,24,1,19,2,24236,1,19,0,12,0,0,TRUST_RESTORED,7,19
S8-3039,PROFILE_1024_87,P2_HYBRID_OVERLAP,R3_SPARSE_LARGE,A0_NONE,4,48,1,19,2,24236,1,19,0,12,0,0,TRUST_RESTORED,7,19
S8-3040,PROFILE_1024_87,P2_HYBRID_OVERLAP,R3_SPARSE_LARGE,A0_NONE,5,12,0,,1,16384,0,12,0,6,0,0,INSUFFICIENT_MATERIAL_TRANSFER,6,
S8-3041,PROFILE_1024_87,P2_HYBRID_OVERLAP,R3_SPARSE_LARGE,A0_NONE,5,24,1,18,2,24236,1,18,0,12,0,0,TRUST_RESTORED,6,18
S8-3042,PROFILE_1024_87,P2_HYBRID_OVERLAP,R3_SPARSE_LARGE,A0_NONE,5,48,1,18,2,24236,1,18,0,12,0,0,TRUST_RESTORED,6,18
S8-3043,PROFILE_1024_87,P2_HYBRID_OVERLAP,R3_SPARSE_LARGE,A1_DROP_FIRST_LARGEST_OBJECT_FRAGMENT,0,12,1,11,2,28863,1,11,0,0,0,0,TRUST_RESTORED,11,11
S8-3044,PROFILE_1024_87,P2_HYBRID_OVERLAP,R3_SPARSE_LARGE,A1_DROP_FIRST_LARGEST_OBJECT_FRAGMENT,0,24,1,11,2,28863,1,11,0,0,0,0,TRUST_RESTORED,11,11
S8-3045,PROFILE_1024_87,P2_HYBRID_OVERLAP,R3_SPARSE_LARGE,A1_DROP_FIRST_LARGEST_OBJECT_FRAGMENT,0,48,1,11,2,28863,1,11,0,0,0,0,TRUST_RESTORED,11,11
S8-3046,PROFILE_1024_87,P2_HYBRID_OVERLAP,R3_SPARSE_LARGE,A1_DROP_FIRST_LARGEST_OBJECT_FRAGMENT,1,12,0,,1,16384,0,12,0,0,0,0,INSUFFICIENT_MATERIAL_TRANSFER,,
S8-3047,PROFILE_1024_87,P2_HYBRID_OVERLAP,R3_SPARSE_LARGE,A1_DROP_FIRST_LARGEST_OBJECT_FRAGMENT,1,24,1,22,2,28863,1,22,0,0,0,0,TRUST_RESTORED,22,22
S8-3048,PROFILE_1024_87,P2_HYBRID_OVERLAP,R3_SPARSE_LARGE,A1_DROP_FIRST_LARGEST_OBJECT_FRAGMENT,1,48,1,22,2,28863,1,22,0,0,0,0,TRUST_RESTORED,22,22
S8-3049,PROFILE_1024_87,P2_HYBRID_OVERLAP,R3_SPARSE_LARGE,A1_DROP_FIRST_LARGEST_OBJECT_FRAGMENT,2,12,0,,1,16384,0,12,0,0,0,0,INSUFFICIENT_MATERIAL_TRANSFER,,
S8-3050,PROFILE_1024_87,P2_HYBRID_OVERLAP,R3_SPARSE_LARGE,A1_DROP_FIRST_LARGEST_OBJECT_FRAGMENT,2,24,1,21,2,28863,1,21,0,0,0,0,TRUST_RESTORED,21,21
S8-3051,PROFILE_1024_87,P2_HYBRID_OVERLAP,R3_SPARSE_LARGE,A1_DROP_FIRST_LARGEST_OBJECT_FRAGMENT,2,48,1,21,2,28863,1,21,0,0,0,0,TRUST_RESTORED,21,21
S8-3052,PROFILE_1024_87,P2_HYBRID_OVERLAP,R3_SPARSE_LARGE,A1_DROP_FIRST_LARGEST_OBJECT_FRAGMENT,3,12,0,,1,16384,0,12,0,0,0,0,INSUFFICIENT_MATERIAL_TRANSFER,,
S8-3053,PROFILE_1024_87,P2_HYBRID_OVERLAP,R3_SPARSE_LARGE,A1_DROP_FIRST_LARGEST_OBJECT_FRAGMENT,3,24,1,20,2,28863,1,20,0,0,0,0,TRUST_RESTORED,20,20
S8-3054,PROFILE_1024_87,P2_HYBRID_OVERLAP,R3_SPARSE_LARGE,A1_DROP_FIRST_LARGEST_OBJECT_FRAGMENT,3,48,1,20,2,28863,1,20,0,0,0,0,TRUST_RESTORED,20,20
S8-3055,PROFILE_1024_87,P2_HYBRID_OVERLAP,R3_SPARSE_LARGE,A1_DROP_FIRST_LARGEST_OBJECT_FRAGMENT,4,12,0,,1,16384,0,12,0,0,0,0,INSUFFICIENT_MATERIAL_TRANSFER,,
S8-3056,PROFILE_1024_87,P2_HYBRID_OVERLAP,R3_SPARSE_LARGE,A1_DROP_FIRST_LARGEST_OBJECT_FRAGMENT,4,24,1,19,2,28863,1,19,0,0,0,0,TRUST_RESTORED,19,19
S8-3057,PROFILE_1024_87,P2_HYBRID_OVERLAP,R3_SPARSE_LARGE,A1_DROP_FIRST_LARGEST_OBJECT_FRAGMENT,4,48,1,19,2,28863,1,19,0,0,0,0,TRUST_RESTORED,19,19
S8-3058,PROFILE_1024_87,P2_HYBRID_OVERLAP,R3_SPARSE_LARGE,A1_DROP_FIRST_LARGEST_OBJECT_FRAGMENT,5,12,0,,1,16384,0,12,0,0,0,0,INSUFFICIENT_MATERIAL_TRANSFER,,
S8-3059,PROFILE_1024_87,P2_HYBRID_OVERLAP,R3_SPARSE_LARGE,A1_DROP_FIRST_LARGEST_OBJECT_FRAGMENT,5,24,1,18,2,28863,1,18,0,0,0,0,TRUST_RESTORED,18,18
S8-3060,PROFILE_1024_87,P2_HYBRID_OVERLAP,R3_SPARSE_LARGE,A1_DROP_FIRST_LARGEST_OBJECT_FRAGMENT,5,48,1,18,2,28863,1,18,0,0,0,0,TRUST_RESTORED,18,18
S8-3061,PROFILE_1024_87,P2_HYBRID_OVERLAP,R3_SPARSE_LARGE,A2_DELAY_FIRST_TRANSITION_PROOF_ONE_CONTACT,0,12,1,11,2,24236,1,11,0,0,0,0,TRUST_RESTORED,11,11
S8-3062,PROFILE_1024_87,P2_HYBRID_OVERLAP,R3_SPARSE_LARGE,A2_DELAY_FIRST_TRANSITION_PROOF_ONE_CONTACT,0,24,1,11,2,24236,1,11,0,0,0,0,TRUST_RESTORED,11,11
S8-3063,PROFILE_1024_87,P2_HYBRID_OVERLAP,R3_SPARSE_LARGE,A2_DELAY_FIRST_TRANSITION_PROOF_ONE_CONTACT,0,48,1,11,2,24236,1,11,0,0,0,0,TRUST_RESTORED,11,11
S8-3064,PROFILE_1024_87,P2_HYBRID_OVERLAP,R3_SPARSE_LARGE,A2_DELAY_FIRST_TRANSITION_PROOF_ONE_CONTACT,1,12,0,,1,10355,0,12,0,0,0,0,INSUFFICIENT_MATERIAL_TRANSFER,,
S8-3065,PROFILE_1024_87,P2_HYBRID_OVERLAP,R3_SPARSE_LARGE,A2_DELAY_FIRST_TRANSITION_PROOF_ONE_CONTACT,1,24,1,22,2,24236,1,22,0,0,0,0,TRUST_RESTORED,22,22
S8-3066,PROFILE_1024_87,P2_HYBRID_OVERLAP,R3_SPARSE_LARGE,A2_DELAY_FIRST_TRANSITION_PROOF_ONE_CONTACT,1,48,1,22,2,24236,1,22,0,0,0,0,TRUST_RESTORED,22,22
S8-3067,PROFILE_1024_87,P2_HYBRID_OVERLAP,R3_SPARSE_LARGE,A2_DELAY_FIRST_TRANSITION_PROOF_ONE_CONTACT,2,12,0,,1,10355,0,12,0,0,0,0,INSUFFICIENT_MATERIAL_TRANSFER,,
S8-3068,PROFILE_1024_87,P2_HYBRID_OVERLAP,R3_SPARSE_LARGE,A2_DELAY_FIRST_TRANSITION_PROOF_ONE_CONTACT,2,24,1,21,2,24236,1,21,0,0,0,0,TRUST_RESTORED,21,21
S8-3069,PROFILE_1024_87,P2_HYBRID_OVERLAP,R3_SPARSE_LARGE,A2_DELAY_FIRST_TRANSITION_PROOF_ONE_CONTACT,2,48,1,21,2,24236,1,21,0,0,0,0,TRUST_RESTORED,21,21
S8-3070,PROFILE_1024_87,P2_HYBRID_OVERLAP,R3_SPARSE_LARGE,A2_DELAY_FIRST_TRANSITION_PROOF_ONE_CONTACT,3,12,0,,1,10355,0,12,0,0,0,0,INSUFFICIENT_MATERIAL_TRANSFER,,
S8-3071,PROFILE_1024_87,P2_HYBRID_OVERLAP,R3_SPARSE_LARGE,A2_DELAY_FIRST_TRANSITION_PROOF_ONE_CONTACT,3,24,1,20,2,24236,1,20,0,0,0,0,TRUST_RESTORED,20,20
S8-3072,PROFILE_1024_87,P2_HYBRID_OVERLAP,R3_SPARSE_LARGE,A2_DELAY_FIRST_TRANSITION_PROOF_ONE_CONTACT,3,48,1,20,2,24236,1,20,0,0,0,0,TRUST_RESTORED,20,20
S8-3073,PROFILE_1024_87,P2_HYBRID_OVERLAP,R3_SPARSE_LARGE,A2_DELAY_FIRST_TRANSITION_PROOF_ONE_CONTACT,4,12,0,,1,10355,0,12,0,0,0,0,INSUFFICIENT_MATERIAL_TRANSFER,,
S8-3074,PROFILE_1024_87,P2_HYBRID_OVERLAP,R3_SPARSE_LARGE,A2_DELAY_FIRST_TRANSITION_PROOF_ONE_CONTACT,4,24,1,19,2,24236,1,19,0,0,0,0,TRUST_RESTORED,19,19
S8-3075,PROFILE_1024_87,P2_HYBRID_OVERLAP,R3_SPARSE_LARGE,A2_DELAY_FIRST_TRANSITION_PROOF_ONE_CONTACT,4,48,1,19,2,24236,1,19,0,0,0,0,TRUST_RESTORED,19,19
S8-3076,PROFILE_1024_87,P2_HYBRID_OVERLAP,R3_SPARSE_LARGE,A2_DELAY_FIRST_TRANSITION_PROOF_ONE_CONTACT,5,12,0,,1,10355,0,12,0,0,0,0,INSUFFICIENT_MATERIAL_TRANSFER,,
S8-3077,PROFILE_1024_87,P2_HYBRID_OVERLAP,R3_SPARSE_LARGE,A2_DELAY_FIRST_TRANSITION_PROOF_ONE_CONTACT,5,24,1,18,2,24236,1,18,0,0,0,0,TRUST_RESTORED,18,18
S8-3078,PROFILE_1024_87,P2_HYBRID_OVERLAP,R3_SPARSE_LARGE,A2_DELAY_FIRST_TRANSITION_PROOF_ONE_CONTACT,5,48,1,18,2,24236,1,18,0,0,0,0,TRUST_RESTORED,18,18
S8-3079,PROFILE_1024_87,P2_HYBRID_OVERLAP,R3_SPARSE_LARGE,A3_STALE_EPOCH_REPLAY_AT_COMMIT,0,12,1,11,2,24236,2,11,0,11,0,0,TRUST_RESTORED,0,11
S8-3080,PROFILE_1024_87,P2_HYBRID_OVERLAP,R3_SPARSE_LARGE,A3_STALE_EPOCH_REPLAY_AT_COMMIT,0,24,1,11,2,24236,2,11,0,11,0,0,TRUST_RESTORED,0,11
S8-3081,PROFILE_1024_87,P2_HYBRID_OVERLAP,R3_SPARSE_LARGE,A3_STALE_EPOCH_REPLAY_AT_COMMIT,0,48,1,11,2,24236,2,11,0,11,0,0,TRUST_RESTORED,0,11
S8-3082,PROFILE_1024_87,P2_HYBRID_OVERLAP,R3_SPARSE_LARGE,A3_STALE_EPOCH_REPLAY_AT_COMMIT,1,12,0,,1,14982,1,12,0,2,0,0,INSUFFICIENT_MATERIAL_TRANSFER,10,
S8-3083,PROFILE_1024_87,P2_HYBRID_OVERLAP,R3_SPARSE_LARGE,A3_STALE_EPOCH_REPLAY_AT_COMMIT,1,24,1,22,2,24236,2,22,0,12,0,0,TRUST_RESTORED,10,22
S8-3084,PROFILE_1024_87,P2_HYBRID_OVERLAP,R3_SPARSE_LARGE,A3_STALE_EPOCH_REPLAY_AT_COMMIT,1,48,1,22,2,24236,2,22,0,12,0,0,TRUST_RESTORED,10,22
S8-3085,PROFILE_1024_87,P2_HYBRID_OVERLAP,R3_SPARSE_LARGE,A3_STALE_EPOCH_REPLAY_AT_COMMIT,2,12,0,,1,14982,1,12,0,3,0,0,INSUFFICIENT_MATERIAL_TRANSFER,9,
S8-3086,PROFILE_1024_87,P2_HYBRID_OVERLAP,R3_SPARSE_LARGE,A3_STALE_EPOCH_REPLAY_AT_COMMIT,2,24,1,21,2,24236,2,21,0,12,0,0,TRUST_RESTORED,9,21
S8-3087,PROFILE_1024_87,P2_HYBRID_OVERLAP,R3_SPARSE_LARGE,A3_STALE_EPOCH_REPLAY_AT_COMMIT,2,48,1,21,2,24236,2,21,0,12,0,0,TRUST_RESTORED,9,21
S8-3088,PROFILE_1024_87,P2_HYBRID_OVERLAP,R3_SPARSE_LARGE,A3_STALE_EPOCH_REPLAY_AT_COMMIT,3,12,0,,1,14982,1,12,0,4,0,0,INSUFFICIENT_MATERIAL_TRANSFER,8,
S8-3089,PROFILE_1024_87,P2_HYBRID_OVERLAP,R3_SPARSE_LARGE,A3_STALE_EPOCH_REPLAY_AT_COMMIT,3,24,1,20,2,24236,2,20,0,12,0,0,TRUST_RESTORED,8,20
S8-3090,PROFILE_1024_87,P2_HYBRID_OVERLAP,R3_SPARSE_LARGE,A3_STALE_EPOCH_REPLAY_AT_COMMIT,3,48,1,20,2,24236,2,20,0,12,0,0,TRUST_RESTORED,8,20
S8-3091,PROFILE_1024_87,P2_HYBRID_OVERLAP,R3_SPARSE_LARGE,A3_STALE_EPOCH_REPLAY_AT_COMMIT,4,12,0,,1,14982,1,12,0,5,0,0,INSUFFICIENT_MATERIAL_TRANSFER,7,
S8-3092,PROFILE_1024_87,P2_HYBRID_OVERLAP,R3_SPARSE_LARGE,A3_STALE_EPOCH_REPLAY_AT_COMMIT,4,24,1,19,2,24236,2,19,0,12,0,0,TRUST_RESTORED,7,19
S8-3093,PROFILE_1024_87,P2_HYBRID_OVERLAP,R3_SPARSE_LARGE,A3_STALE_EPOCH_REPLAY_AT_COMMIT,4,48,1,19,2,24236,2,19,0,12,0,0,TRUST_RESTORED,7,19
S8-3094,PROFILE_1024_87,P2_HYBRID_OVERLAP,R3_SPARSE_LARGE,A3_STALE_EPOCH_REPLAY_AT_COMMIT,5,12,0,,1,14982,1,12,0,6,0,0,INSUFFICIENT_MATERIAL_TRANSFER,6,
S8-3095,PROFILE_1024_87,P2_HYBRID_OVERLAP,R3_SPARSE_LARGE,A3_STALE_EPOCH_REPLAY_AT_COMMIT,5,24,1,18,2,24236,2,18,0,12,0,0,TRUST_RESTORED,6,18
S8-3096,PROFILE_1024_87,P2_HYBRID_OVERLAP,R3_SPARSE_LARGE,A3_STALE_EPOCH_REPLAY_AT_COMMIT,5,48,1,18,2,24236,2,18,0,12,0,0,TRUST_RESTORED,6,18
S8-3097,PROFILE_1024_87,P2_HYBRID_OVERLAP,R4_CLUSTERED_MEDIUM,A0_NONE,0,12,0,,2,16384,0,12,0,11,0,0,INSUFFICIENT_MATERIAL_TRANSFER,1,
S8-3098,PROFILE_1024_87,P2_HYBRID_OVERLAP,R4_CLUSTERED_MEDIUM,A0_NONE,0,24,1,13,3,24236,1,13,0,12,0,0,TRUST_RESTORED,1,13
S8-3099,PROFILE_1024_87,P2_HYBRID_OVERLAP,R4_CLUSTERED_MEDIUM,A0_NONE,0,48,1,13,3,24236,1,13,0,12,0,0,TRUST_RESTORED,1,13
S8-3100,PROFILE_1024_87,P2_HYBRID_OVERLAP,R4_CLUSTERED_MEDIUM,A0_NONE,1,12,0,,1,8192,0,12,0,0,0,0,INSUFFICIENT_MATERIAL_TRANSFER,,
S8-3101,PROFILE_1024_87,P2_HYBRID_OVERLAP,R4_CLUSTERED_MEDIUM,A0_NONE,1,24,1,13,3,24236,1,13,0,1,0,0,TRUST_RESTORED,12,13
S8-3102,PROFILE_1024_87,P2_HYBRID_OVERLAP,R4_CLUSTERED_MEDIUM,A0_NONE,1,48,1,13,3,24236,1,13,0,1,0,0,TRUST_RESTORED,12,13
S8-3103,PROFILE_1024_87,P2_HYBRID_OVERLAP,R4_CLUSTERED_MEDIUM,A0_NONE,2,12,0,,1,8192,0,12,0,0,0,0,INSUFFICIENT_MATERIAL_TRANSFER,,
S8-3104,PROFILE_1024_87,P2_HYBRID_OVERLAP,R4_CLUSTERED_MEDIUM,A0_NONE,2,24,0,,2,16384,0,24,0,12,0,0,INSUFFICIENT_MATERIAL_TRANSFER,12,
S8-3105,PROFILE_1024_87,P2_HYBRID_OVERLAP,R4_CLUSTERED_MEDIUM,A0_NONE,2,48,1,27,3,24236,1,27,0,15,0,0,TRUST_RESTORED,12,27
S8-3106,PROFILE_1024_87,P2_HYBRID_OVERLAP,R4_CLUSTERED_MEDIUM,A0_NONE,3,12,0,,2,16384,0,12,0,1,0,0,INSUFFICIENT_MATERIAL_TRANSFER,11,
S8-3107,PROFILE_1024_87,P2_HYBRID_OVERLAP,R4_CLUSTERED_MEDIUM,A0_NONE,3,24,0,,2,16384,0,24,0,13,0,0,INSUFFICIENT_MATERIAL_TRANSFER,11,
S8-3108,PROFILE_1024_87,P2_HYBRID_OVERLAP,R4_CLUSTERED_MEDIUM,A0_NONE,3,48,1,26,3,24236,1,26,0,15,0,0,TRUST_RESTORED,11,26
S8-3109,PROFILE_1024_87,P2_HYBRID_OVERLAP,R4_CLUSTERED_MEDIUM,A0_NONE,4,12,0,,2,16384,0,12,0,2,0,0,INSUFFICIENT_MATERIAL_TRANSFER,10,
S8-3110,PROFILE_1024_87,P2_HYBRID_OVERLAP,R4_CLUSTERED_MEDIUM,A0_NONE,4,24,0,,2,16384,0,24,0,14,0,0,INSUFFICIENT_MATERIAL_TRANSFER,10,
S8-3111,PROFILE_1024_87,P2_HYBRID_OVERLAP,R4_CLUSTERED_MEDIUM,A0_NONE,4,48,1,25,3,24236,1,25,0,15,0,0,TRUST_RESTORED,10,25
S8-3112,PROFILE_1024_87,P2_HYBRID_OVERLAP,R4_CLUSTERED_MEDIUM,A0_NONE,5,12,0,,2,16384,0,12,0,3,0,0,INSUFFICIENT_MATERIAL_TRANSFER,9,
S8-3113,PROFILE_1024_87,P2_HYBRID_OVERLAP,R4_CLUSTERED_MEDIUM,A0_NONE,5,24,0,,2,16384,0,24,0,15,0,0,INSUFFICIENT_MATERIAL_TRANSFER,9,
S8-3114,PROFILE_1024_87,P2_HYBRID_OVERLAP,R4_CLUSTERED_MEDIUM,A0_NONE,5,48,1,24,3,24236,1,24,0,15,0,0,TRUST_RESTORED,9,24
S8-3115,PROFILE_1024_87,P2_HYBRID_OVERLAP,R4_CLUSTERED_MEDIUM,A1_DROP_FIRST_LARGEST_OBJECT_FRAGMENT,0,12,0,,2,16384,0,12,0,0,0,0,INSUFFICIENT_MATERIAL_TRANSFER,,
S8-3116,PROFILE_1024_87,P2_HYBRID_OVERLAP,R4_CLUSTERED_MEDIUM,A1_DROP_FIRST_LARGEST_OBJECT_FRAGMENT,0,24,1,14,4,28863,1,13,0,0,0,0,TRUST_RESTORED,13,13
S8-3117,PROFILE_1024_87,P2_HYBRID_OVERLAP,R4_CLUSTERED_MEDIUM,A1_DROP_FIRST_LARGEST_OBJECT_FRAGMENT,0,48,1,14,4,28863,1,13,0,0,0,0,TRUST_RESTORED,13,13
S8-3118,PROFILE_1024_87,P2_HYBRID_OVERLAP,R4_CLUSTERED_MEDIUM,A1_DROP_FIRST_LARGEST_OBJECT_FRAGMENT,1,12,0,,1,8192,0,12,0,0,0,0,INSUFFICIENT_MATERIAL_TRANSFER,,
S8-3119,PROFILE_1024_87,P2_HYBRID_OVERLAP,R4_CLUSTERED_MEDIUM,A1_DROP_FIRST_LARGEST_OBJECT_FRAGMENT,1,24,0,,3,24576,1,13,0,0,0,0,EPOCH_DIVERGENCE,13,13
S8-3120,PROFILE_1024_87,P2_HYBRID_OVERLAP,R4_CLUSTERED_MEDIUM,A1_DROP_FIRST_LARGEST_OBJECT_FRAGMENT,1,48,1,28,4,28863,1,13,0,0,0,0,TRUST_RESTORED,13,13
S8-3121,PROFILE_1024_87,P2_HYBRID_OVERLAP,R4_CLUSTERED_MEDIUM,A1_DROP_FIRST_LARGEST_OBJECT_FRAGMENT,2,12,0,,1,8192,0,12,0,0,0,0,INSUFFICIENT_MATERIAL_TRANSFER,,
S8-3122,PROFILE_1024_87,P2_HYBRID_OVERLAP,R4_CLUSTERED_MEDIUM,A1_DROP_FIRST_LARGEST_OBJECT_FRAGMENT,2,24,0,,2,16384,0,24,0,0,0,0,INSUFFICIENT_MATERIAL_TRANSFER,,
S8-3123,PROFILE_1024_87,P2_HYBRID_OVERLAP,R4_CLUSTERED_MEDIUM,A1_DROP_FIRST_LARGEST_OBJECT_FRAGMENT,2,48,1,28,4,28863,1,27,0,0,0,0,TRUST_RESTORED,27,27
S8-3124,PROFILE_1024_87,P2_HYBRID_OVERLAP,R4_CLUSTERED_MEDIUM,A1_DROP_FIRST_LARGEST_OBJECT_FRAGMENT,3,12,0,,2,16384,0,12,0,0,0,0,INSUFFICIENT_MATERIAL_TRANSFER,,
S8-3125,PROFILE_1024_87,P2_HYBRID_OVERLAP,R4_CLUSTERED_MEDIUM,A1_DROP_FIRST_LARGEST_OBJECT_FRAGMENT,3,24,0,,2,16384,0,24,0,0,0,0,INSUFFICIENT_MATERIAL_TRANSFER,,
S8-3126,PROFILE_1024_87,P2_HYBRID_OVERLAP,R4_CLUSTERED_MEDIUM,A1_DROP_FIRST_LARGEST_OBJECT_FRAGMENT,3,48,1,27,4,28863,1,26,0,0,0,0,TRUST_RESTORED,26,26
S8-3127,PROFILE_1024_87,P2_HYBRID_OVERLAP,R4_CLUSTERED_MEDIUM,A1_DROP_FIRST_LARGEST_OBJECT_FRAGMENT,4,12,0,,2,16384,0,12,0,0,0,0,INSUFFICIENT_MATERIAL_TRANSFER,,
S8-3128,PROFILE_1024_87,P2_HYBRID_OVERLAP,R4_CLUSTERED_MEDIUM,A1_DROP_FIRST_LARGEST_OBJECT_FRAGMENT,4,24,0,,2,16384,0,24,0,0,0,0,INSUFFICIENT_MATERIAL_TRANSFER,,
S8-3129,PROFILE_1024_87,P2_HYBRID_OVERLAP,R4_CLUSTERED_MEDIUM,A1_DROP_FIRST_LARGEST_OBJECT_FRAGMENT,4,48,1,26,4,28863,1,25,0,0,0,0,TRUST_RESTORED,25,25
S8-3130,PROFILE_1024_87,P2_HYBRID_OVERLAP,R4_CLUSTERED_MEDIUM,A1_DROP_FIRST_LARGEST_OBJECT_FRAGMENT,5,12,0,,2,16384,0,12,0,0,0,0,INSUFFICIENT_MATERIAL_TRANSFER,,
S8-3131,PROFILE_1024_87,P2_HYBRID_OVERLAP,R4_CLUSTERED_MEDIUM,A1_DROP_FIRST_LARGEST_OBJECT_FRAGMENT,5,24,0,,2,16384,0,24,0,0,0,0,INSUFFICIENT_MATERIAL_TRANSFER,,
S8-3132,PROFILE_1024_87,P2_HYBRID_OVERLAP,R4_CLUSTERED_MEDIUM,A1_DROP_FIRST_LARGEST_OBJECT_FRAGMENT,5,48,1,25,4,28863,1,24,0,0,0,0,TRUST_RESTORED,24,24
S8-3133,PROFILE_1024_87,P2_HYBRID_OVERLAP,R4_CLUSTERED_MEDIUM,A2_DELAY_FIRST_TRANSITION_PROOF_ONE_CONTACT,0,12,0,,2,10355,0,12,0,0,0,0,INSUFFICIENT_MATERIAL_TRANSFER,,
S8-3134,PROFILE_1024_87,P2_HYBRID_OVERLAP,R4_CLUSTERED_MEDIUM,A2_DELAY_FIRST_TRANSITION_PROOF_ONE_CONTACT,0,24,1,14,4,24236,1,14,0,1,0,0,TRUST_RESTORED,13,14
S8-3135,PROFILE_1024_87,P2_HYBRID_OVERLAP,R4_CLUSTERED_MEDIUM,A2_DELAY_FIRST_TRANSITION_PROOF_ONE_CONTACT,0,48,1,14,4,24236,1,14,0,1,0,0,TRUST_RESTORED,13,14
S8-3136,PROFILE_1024_87,P2_HYBRID_OVERLAP,R4_CLUSTERED_MEDIUM,A2_DELAY_FIRST_TRANSITION_PROOF_ONE_CONTACT,1,12,0,,1,8192,0,12,0,0,0,0,INSUFFICIENT_MATERIAL_TRANSFER,,
S8-3137,PROFILE_1024_87,P2_HYBRID_OVERLAP,R4_CLUSTERED_MEDIUM,A2_DELAY_FIRST_TRANSITION_PROOF_ONE_CONTACT,1,24,0,,3,18547,0,24,0,11,0,0,INSUFFICIENT_MATERIAL_TRANSFER,13,
S8-3138,PROFILE_1024_87,P2_HYBRID_OVERLAP,R4_CLUSTERED_MEDIUM,A2_DELAY_FIRST_TRANSITION_PROOF_ONE_CONTACT,1,48,1,28,4,24236,1,28,0,15,0,0,TRUST_RESTORED,13,28
S8-3139,PROFILE_1024_87,P2_HYBRID_OVERLAP,R4_CLUSTERED_MEDIUM,A2_DELAY_FIRST_TRANSITION_PROOF_ONE_CONTACT,2,12,0,,1,8192,0,12,0,0,0,0,INSUFFICIENT_MATERIAL_TRANSFER,,
S8-3140,PROFILE_1024_87,P2_HYBRID_OVERLAP,R4_CLUSTERED_MEDIUM,A2_DELAY_FIRST_TRANSITION_PROOF_ONE_CONTACT,2,24,0,,2,10355,0,24,0,0,0,0,INSUFFICIENT_MATERIAL_TRANSFER,,
S8-3141,PROFILE_1024_87,P2_HYBRID_OVERLAP,R4_CLUSTERED_MEDIUM,A2_DELAY_FIRST_TRANSITION_PROOF_ONE_CONTACT,2,48,1,28,4,24236,1,28,0,1,0,0,TRUST_RESTORED,27,28
S8-3142,PROFILE_1024_87,P2_HYBRID_OVERLAP,R4_CLUSTERED_MEDIUM,A2_DELAY_FIRST_TRANSITION_PROOF_ONE_CONTACT,3,12,0,,2,10355,0,12,0,0,0,0,INSUFFICIENT_MATERIAL_TRANSFER,,
S8-3143,PROFILE_1024_87,P2_HYBRID_OVERLAP,R4_CLUSTERED_MEDIUM,A2_DELAY_FIRST_TRANSITION_PROOF_ONE_CONTACT,3,24,0,,2,10355,0,24,0,0,0,0,INSUFFICIENT_MATERIAL_TRANSFER,,
S8-3144,PROFILE_1024_87,P2_HYBRID_OVERLAP,R4_CLUSTERED_MEDIUM,A2_DELAY_FIRST_TRANSITION_PROOF_ONE_CONTACT,3,48,1,27,4,24236,1,27,0,1,0,0,TRUST_RESTORED,26,27
S8-3145,PROFILE_1024_87,P2_HYBRID_OVERLAP,R4_CLUSTERED_MEDIUM,A2_DELAY_FIRST_TRANSITION_PROOF_ONE_CONTACT,4,12,0,,2,10355,0,12,0,0,0,0,INSUFFICIENT_MATERIAL_TRANSFER,,
S8-3146,PROFILE_1024_87,P2_HYBRID_OVERLAP,R4_CLUSTERED_MEDIUM,A2_DELAY_FIRST_TRANSITION_PROOF_ONE_CONTACT,4,24,0,,2,10355,0,24,0,0,0,0,INSUFFICIENT_MATERIAL_TRANSFER,,
S8-3147,PROFILE_1024_87,P2_HYBRID_OVERLAP,R4_CLUSTERED_MEDIUM,A2_DELAY_FIRST_TRANSITION_PROOF_ONE_CONTACT,4,48,1,26,4,24236,1,26,0,1,0,0,TRUST_RESTORED,25,26
S8-3148,PROFILE_1024_87,P2_HYBRID_OVERLAP,R4_CLUSTERED_MEDIUM,A2_DELAY_FIRST_TRANSITION_PROOF_ONE_CONTACT,5,12,0,,2,10355,0,12,0,0,0,0,INSUFFICIENT_MATERIAL_TRANSFER,,
S8-3149,PROFILE_1024_87,P2_HYBRID_OVERLAP,R4_CLUSTERED_MEDIUM,A2_DELAY_FIRST_TRANSITION_PROOF_ONE_CONTACT,5,24,0,,2,10355,0,24,0,0,0,0,INSUFFICIENT_MATERIAL_TRANSFER,,
S8-3150,PROFILE_1024_87,P2_HYBRID_OVERLAP,R4_CLUSTERED_MEDIUM,A2_DELAY_FIRST_TRANSITION_PROOF_ONE_CONTACT,5,48,1,25,4,24236,1,25,0,1,0,0,TRUST_RESTORED,24,25
S8-3151,PROFILE_1024_87,P2_HYBRID_OVERLAP,R4_CLUSTERED_MEDIUM,A3_STALE_EPOCH_REPLAY_AT_COMMIT,0,12,0,,2,14982,1,12,0,11,0,0,INSUFFICIENT_MATERIAL_TRANSFER,1,
S8-3152,PROFILE_1024_87,P2_HYBRID_OVERLAP,R4_CLUSTERED_MEDIUM,A3_STALE_EPOCH_REPLAY_AT_COMMIT,0,24,1,14,4,24236,2,13,0,12,0,0,TRUST_RESTORED,1,13
S8-3153,PROFILE_1024_87,P2_HYBRID_OVERLAP,R4_CLUSTERED_MEDIUM,A3_STALE_EPOCH_REPLAY_AT_COMMIT,0,48,1,14,4,24236,2,13,0,12,0,0,TRUST_RESTORED,1,13
S8-3154,PROFILE_1024_87,P2_HYBRID_OVERLAP,R4_CLUSTERED_MEDIUM,A3_STALE_EPOCH_REPLAY_AT_COMMIT,1,12,0,,1,8192,0,12,0,0,0,0,INSUFFICIENT_MATERIAL_TRANSFER,,
S8-3155,PROFILE_1024_87,P2_HYBRID_OVERLAP,R4_CLUSTERED_MEDIUM,A3_STALE_EPOCH_REPLAY_AT_COMMIT,1,24,0,,3,23174,2,13,0,1,0,0,EPOCH_DIVERGENCE,12,13
S8-3156,PROFILE_1024_87,P2_HYBRID_OVERLAP,R4_CLUSTERED_MEDIUM,A3_STALE_EPOCH_REPLAY_AT_COMMIT,1,48,1,28,4,24236,2,13,0,1,0,0,TRUST_RESTORED,12,13
S8-3157,PROFILE_1024_87,P2_HYBRID_OVERLAP,R4_CLUSTERED_MEDIUM,A3_STALE_EPOCH_REPLAY_AT_COMMIT,2,12,0,,1,8192,0,12,0,0,0,0,INSUFFICIENT_MATERIAL_TRANSFER,,
S8-3158,PROFILE_1024_87,P2_HYBRID_OVERLAP,R4_CLUSTERED_MEDIUM,A3_STALE_EPOCH_REPLAY_AT_COMMIT,2,24,0,,2,14982,1,24,0,12,0,0,INSUFFICIENT_MATERIAL_TRANSFER,12,
S8-3159,PROFILE_1024_87,P2_HYBRID_OVERLAP,R4_CLUSTERED_MEDIUM,A3_STALE_EPOCH_REPLAY_AT_COMMIT,2,48,1,28,4,24236,2,27,0,15,0,0,TRUST_RESTORED,12,27
S8-3160,PROFILE_1024_87,P2_HYBRID_OVERLAP,R4_CLUSTERED_MEDIUM,A3_STALE_EPOCH_REPLAY_AT_COMMIT,3,12,0,,2,14982,1,12,0,1,0,0,INSUFFICIENT_MATERIAL_TRANSFER,11,
S8-3161,PROFILE_1024_87,P2_HYBRID_OVERLAP,R4_CLUSTERED_MEDIUM,A3_STALE_EPOCH_REPLAY_AT_COMMIT,3,24,0,,2,14982,1,24,0,13,0,0,INSUFFICIENT_MATERIAL_TRANSFER,11,
S8-3162,PROFILE_1024_87,P2_HYBRID_OVERLAP,R4_CLUSTERED_MEDIUM,A3_STALE_EPOCH_REPLAY_AT_COMMIT,3,48,1,27,4,24236,2,26,0,15,0,0,TRUST_RESTORED,11,26
S8-3163,PROFILE_1024_87,P2_HYBRID_OVERLAP,R4_CLUSTERED_MEDIUM,A3_STALE_EPOCH_REPLAY_AT_COMMIT,4,12,0,,2,14982,1,12,0,2,0,0,INSUFFICIENT_MATERIAL_TRANSFER,10,
S8-3164,PROFILE_1024_87,P2_HYBRID_OVERLAP,R4_CLUSTERED_MEDIUM,A3_STALE_EPOCH_REPLAY_AT_COMMIT,4,24,0,,2,14982,1,24,0,14,0,0,INSUFFICIENT_MATERIAL_TRANSFER,10,
S8-3165,PROFILE_1024_87,P2_HYBRID_OVERLAP,R4_CLUSTERED_MEDIUM,A3_STALE_EPOCH_REPLAY_AT_COMMIT,4,48,1,26,4,24236,2,25,0,15,0,0,TRUST_RESTORED,10,25
S8-3166,PROFILE_1024_87,P2_HYBRID_OVERLAP,R4_CLUSTERED_MEDIUM,A3_STALE_EPOCH_REPLAY_AT_COMMIT,5,12,0,,2,14982,1,12,0,3,0,0,INSUFFICIENT_MATERIAL_TRANSFER,9,
S8-3167,PROFILE_1024_87,P2_HYBRID_OVERLAP,R4_CLUSTERED_MEDIUM,A3_STALE_EPOCH_REPLAY_AT_COMMIT,5,24,0,,2,14982,1,24,0,15,0,0,INSUFFICIENT_MATERIAL_TRANSFER,9,
S8-3168,PROFILE_1024_87,P2_HYBRID_OVERLAP,R4_CLUSTERED_MEDIUM,A3_STALE_EPOCH_REPLAY_AT_COMMIT,5,48,1,25,4,24236,2,24,0,15,0,0,TRUST_RESTORED,9,24
S8-3169,PROFILE_1024_87,P3_CONTACT_AWARE_STAGED,R1_FREQUENT_SMALL,A0_NONE,0,12,0,,4,14982,0,12,0,0,0,0,CONTACT_BUDGET_EXHAUSTED,8,
S8-3170,PROFILE_1024_87,P3_CONTACT_AWARE_STAGED,R1_FREQUENT_SMALL,A0_NONE,0,24,1,14,6,24236,1,11,0,0,0,0,TRUST_RESTORED,8,11
S8-3171,PROFILE_1024_87,P3_CONTACT_AWARE_STAGED,R1_FREQUENT_SMALL,A0_NONE,0,48,1,14,6,24236,1,11,0,0,0,0,TRUST_RESTORED,8,11
S8-3172,PROFILE_1024_87,P3_CONTACT_AWARE_STAGED,R1_FREQUENT_SMALL,A0_NONE,1,12,0,,4,14982,0,12,0,0,0,0,CONTACT_BUDGET_EXHAUSTED,10,
S8-3173,PROFILE_1024_87,P3_CONTACT_AWARE_STAGED,R1_FREQUENT_SMALL,A0_NONE,1,24,1,16,6,24236,1,13,0,0,0,0,TRUST_RESTORED,10,13
S8-3174,PROFILE_1024_87,P3_CONTACT_AWARE_STAGED,R1_FREQUENT_SMALL,A0_NONE,1,48,1,16,6,24236,1,13,0,0,0,0,TRUST_RESTORED,10,13
S8-3175,PROFILE_1024_87,P3_CONTACT_AWARE_STAGED,R1_FREQUENT_SMALL,A0_NONE,2,12,0,,4,14982,0,12,0,0,0,0,CONTACT_BUDGET_EXHAUSTED,9,
S8-3176,PROFILE_1024_87,P3_CONTACT_AWARE_STAGED,R1_FREQUENT_SMALL,A0_NONE,2,24,1,15,6,24236,1,12,0,0,0,0,TRUST_RESTORED,9,12
S8-3177,PROFILE_1024_87,P3_CONTACT_AWARE_STAGED,R1_FREQUENT_SMALL,A0_NONE,2,48,1,15,6,24236,1,12,0,0,0,0,TRUST_RESTORED,9,12
S8-3178,PROFILE_1024_87,P3_CONTACT_AWARE_STAGED,R1_FREQUENT_SMALL,A0_NONE,3,12,0,,4,14982,0,12,0,0,0,0,CONTACT_BUDGET_EXHAUSTED,11,
S8-3179,PROFILE_1024_87,P3_CONTACT_AWARE_STAGED,R1_FREQUENT_SMALL,A0_NONE,3,24,1,17,6,24236,1,14,0,0,0,0,TRUST_RESTORED,11,14
S8-3180,PROFILE_1024_87,P3_CONTACT_AWARE_STAGED,R1_FREQUENT_SMALL,A0_NONE,3,48,1,17,6,24236,1,14,0,0,0,0,TRUST_RESTORED,11,14
S8-3181,PROFILE_1024_87,P3_CONTACT_AWARE_STAGED,R1_FREQUENT_SMALL,A0_NONE,4,12,0,,4,14982,0,12,0,0,0,0,CONTACT_BUDGET_EXHAUSTED,10,
S8-3182,PROFILE_1024_87,P3_CONTACT_AWARE_STAGED,R1_FREQUENT_SMALL,A0_NONE,4,24,1,16,6,24236,1,13,0,0,0,0,TRUST_RESTORED,10,13
S8-3183,PROFILE_1024_87,P3_CONTACT_AWARE_STAGED,R1_FREQUENT_SMALL,A0_NONE,4,48,1,16,6,24236,1,13,0,0,0,0,TRUST_RESTORED,10,13
S8-3184,PROFILE_1024_87,P3_CONTACT_AWARE_STAGED,R1_FREQUENT_SMALL,A0_NONE,5,12,0,,4,14982,0,12,0,0,0,0,CONTACT_BUDGET_EXHAUSTED,9,
S8-3185,PROFILE_1024_87,P3_CONTACT_AWARE_STAGED,R1_FREQUENT_SMALL,A0_NONE,5,24,1,15,6,24236,1,12,0,0,0,0,TRUST_RESTORED,9,12
S8-3186,PROFILE_1024_87,P3_CONTACT_AWARE_STAGED,R1_FREQUENT_SMALL,A0_NONE,5,48,1,15,6,24236,1,12,0,0,0,0,TRUST_RESTORED,9,12
S8-3187,PROFILE_1024_87,P3_CONTACT_AWARE_STAGED,R1_FREQUENT_SMALL,A1_DROP_FIRST_LARGEST_OBJECT_FRAGMENT,0,12,0,,5,19078,0,12,0,0,0,0,CONTACT_BUDGET_EXHAUSTED,11,
S8-3188,PROFILE_1024_87,P3_CONTACT_AWARE_STAGED,R1_FREQUENT_SMALL,A1_DROP_FIRST_LARGEST_OBJECT_FRAGMENT,0,24,1,17,7,28332,1,14,0,0,0,0,TRUST_RESTORED,11,14
S8-3189,PROFILE_1024_87,P3_CONTACT_AWARE_STAGED,R1_FREQUENT_SMALL,A1_DROP_FIRST_LARGEST_OBJECT_FRAGMENT,0,48,1,17,7,28332,1,14,0,0,0,0,TRUST_RESTORED,11,14
S8-3190,PROFILE_1024_87,P3_CONTACT_AWARE_STAGED,R1_FREQUENT_SMALL,A1_DROP_FIRST_LARGEST_OBJECT_FRAGMENT,1,12,0,,4,16384,0,12,0,0,0,0,INSUFFICIENT_MATERIAL_TRANSFER,,
S8-3191,PROFILE_1024_87,P3_CONTACT_AWARE_STAGED,R1_FREQUENT_SMALL,A1_DROP_FIRST_LARGEST_OBJECT_FRAGMENT,1,24,1,19,7,28332,1,16,0,0,0,0,TRUST_RESTORED,13,16
S8-3192,PROFILE_1024_87,P3_CONTACT_AWARE_STAGED,R1_FREQUENT_SMALL,A1_DROP_FIRST_LARGEST_OBJECT_FRAGMENT,1,48,1,19,7,28332,1,16,0,0,0,0,TRUST_RESTORED,13,16
S8-3193,PROFILE_1024_87,P3_CONTACT_AWARE_STAGED,R1_FREQUENT_SMALL,A1_DROP_FIRST_LARGEST_OBJECT_FRAGMENT,2,12,0,,4,16384,0,12,0,0,0,0,INSUFFICIENT_MATERIAL_TRANSFER,,
S8-3194,PROFILE_1024_87,P3_CONTACT_AWARE_STAGED,R1_FREQUENT_SMALL,A1_DROP_FIRST_LARGEST_OBJECT_FRAGMENT,2,24,1,18,7,28332,1,15,0,0,0,0,TRUST_RESTORED,12,15
S8-3195,PROFILE_1024_87,P3_CONTACT_AWARE_STAGED,R1_FREQUENT_SMALL,A1_DROP_FIRST_LARGEST_OBJECT_FRAGMENT,2,48,1,18,7,28332,1,15,0,0,0,0,TRUST_RESTORED,12,15
S8-3196,PROFILE_1024_87,P3_CONTACT_AWARE_STAGED,R1_FREQUENT_SMALL,A1_DROP_FIRST_LARGEST_OBJECT_FRAGMENT,3,12,0,,4,16384,0,12,0,0,0,0,INSUFFICIENT_MATERIAL_TRANSFER,,
S8-3197,PROFILE_1024_87,P3_CONTACT_AWARE_STAGED,R1_FREQUENT_SMALL,A1_DROP_FIRST_LARGEST_OBJECT_FRAGMENT,3,24,1,20,7,28332,1,17,0,0,0,0,TRUST_RESTORED,14,17
S8-3198,PROFILE_1024_87,P3_CONTACT_AWARE_STAGED,R1_FREQUENT_SMALL,A1_DROP_FIRST_LARGEST_OBJECT_FRAGMENT,3,48,1,20,7,28332,1,17,0,0,0,0,TRUST_RESTORED,14,17
S8-3199,PROFILE_1024_87,P3_CONTACT_AWARE_STAGED,R1_FREQUENT_SMALL,A1_DROP_FIRST_LARGEST_OBJECT_FRAGMENT,4,12,0,,4,16384,0,12,0,0,0,0,INSUFFICIENT_MATERIAL_TRANSFER,,
S8-3200,PROFILE_1024_87,P3_CONTACT_AWARE_STAGED,R1_FREQUENT_SMALL,A1_DROP_FIRST_LARGEST_OBJECT_FRAGMENT,4,24,1,19,7,28332,1,16,0,0,0,0,TRUST_RESTORED,13,16
S8-3201,PROFILE_1024_87,P3_CONTACT_AWARE_STAGED,R1_FREQUENT_SMALL,A1_DROP_FIRST_LARGEST_OBJECT_FRAGMENT,4,48,1,19,7,28332,1,16,0,0,0,0,TRUST_RESTORED,13,16
S8-3202,PROFILE_1024_87,P3_CONTACT_AWARE_STAGED,R1_FREQUENT_SMALL,A1_DROP_FIRST_LARGEST_OBJECT_FRAGMENT,5,12,0,,4,16384,0,12,0,0,0,0,INSUFFICIENT_MATERIAL_TRANSFER,,
S8-3203,PROFILE_1024_87,P3_CONTACT_AWARE_STAGED,R1_FREQUENT_SMALL,A1_DROP_FIRST_LARGEST_OBJECT_FRAGMENT,5,24,1,18,7,28332,1,15,0,0,0,0,TRUST_RESTORED,12,15
S8-3204,PROFILE_1024_87,P3_CONTACT_AWARE_STAGED,R1_FREQUENT_SMALL,A1_DROP_FIRST_LARGEST_OBJECT_FRAGMENT,5,48,1,18,7,28332,1,15,0,0,0,0,TRUST_RESTORED,12,15
S8-3205,PROFILE_1024_87,P3_CONTACT_AWARE_STAGED,R1_FREQUENT_SMALL,A2_DELAY_FIRST_TRANSITION_PROOF_ONE_CONTACT,0,12,0,,5,14982,0,12,0,0,0,0,CONTACT_BUDGET_EXHAUSTED,11,
S8-3206,PROFILE_1024_87,P3_CONTACT_AWARE_STAGED,R1_FREQUENT_SMALL,A2_DELAY_FIRST_TRANSITION_PROOF_ONE_CONTACT,0,24,1,17,7,24236,1,14,0,0,0,0,TRUST_RESTORED,11,14
S8-3207,PROFILE_1024_87,P3_CONTACT_AWARE_STAGED,R1_FREQUENT_SMALL,A2_DELAY_FIRST_TRANSITION_PROOF_ONE_CONTACT,0,48,1,17,7,24236,1,14,0,0,0,0,TRUST_RESTORED,11,14
S8-3208,PROFILE_1024_87,P3_CONTACT_AWARE_STAGED,R1_FREQUENT_SMALL,A2_DELAY_FIRST_TRANSITION_PROOF_ONE_CONTACT,1,12,0,,4,14451,0,12,0,0,0,0,INSUFFICIENT_MATERIAL_TRANSFER,,
S8-3209,PROFILE_1024_87,P3_CONTACT_AWARE_STAGED,R1_FREQUENT_SMALL,A2_DELAY_FIRST_TRANSITION_PROOF_ONE_CONTACT,1,24,1,19,7,24236,1,16,0,0,0,0,TRUST_RESTORED,13,16
S8-3210,PROFILE_1024_87,P3_CONTACT_AWARE_STAGED,R1_FREQUENT_SMALL,A2_DELAY_FIRST_TRANSITION_PROOF_ONE_CONTACT,1,48,1,19,7,24236,1,16,0,0,0,0,TRUST_RESTORED,13,16
S8-3211,PROFILE_1024_87,P3_CONTACT_AWARE_STAGED,R1_FREQUENT_SMALL,A2_DELAY_FIRST_TRANSITION_PROOF_ONE_CONTACT,2,12,0,,4,14451,0,12,0,0,0,0,INSUFFICIENT_MATERIAL_TRANSFER,,
S8-3212,PROFILE_1024_87,P3_CONTACT_AWARE_STAGED,R1_FREQUENT_SMALL,A2_DELAY_FIRST_TRANSITION_PROOF_ONE_CONTACT,2,24,1,18,7,24236,1,15,0,0,0,0,TRUST_RESTORED,12,15
S8-3213,PROFILE_1024_87,P3_CONTACT_AWARE_STAGED,R1_FREQUENT_SMALL,A2_DELAY_FIRST_TRANSITION_PROOF_ONE_CONTACT,2,48,1,18,7,24236,1,15,0,0,0,0,TRUST_RESTORED,12,15
S8-3214,PROFILE_1024_87,P3_CONTACT_AWARE_STAGED,R1_FREQUENT_SMALL,A2_DELAY_FIRST_TRANSITION_PROOF_ONE_CONTACT,3,12,0,,4,14451,0,12,0,0,0,0,INSUFFICIENT_MATERIAL_TRANSFER,,
S8-3215,PROFILE_1024_87,P3_CONTACT_AWARE_STAGED,R1_FREQUENT_SMALL,A2_DELAY_FIRST_TRANSITION_PROOF_ONE_CONTACT,3,24,1,20,7,24236,1,17,0,0,0,0,TRUST_RESTORED,14,17
S8-3216,PROFILE_1024_87,P3_CONTACT_AWARE_STAGED,R1_FREQUENT_SMALL,A2_DELAY_FIRST_TRANSITION_PROOF_ONE_CONTACT,3,48,1,20,7,24236,1,17,0,0,0,0,TRUST_RESTORED,14,17
S8-3217,PROFILE_1024_87,P3_CONTACT_AWARE_STAGED,R1_FREQUENT_SMALL,A2_DELAY_FIRST_TRANSITION_PROOF_ONE_CONTACT,4,12,0,,4,14451,0,12,0,0,0,0,INSUFFICIENT_MATERIAL_TRANSFER,,
S8-3218,PROFILE_1024_87,P3_CONTACT_AWARE_STAGED,R1_FREQUENT_SMALL,A2_DELAY_FIRST_TRANSITION_PROOF_ONE_CONTACT,4,24,1,19,7,24236,1,16,0,0,0,0,TRUST_RESTORED,13,16
S8-3219,PROFILE_1024_87,P3_CONTACT_AWARE_STAGED,R1_FREQUENT_SMALL,A2_DELAY_FIRST_TRANSITION_PROOF_ONE_CONTACT,4,48,1,19,7,24236,1,16,0,0,0,0,TRUST_RESTORED,13,16
S8-3220,PROFILE_1024_87,P3_CONTACT_AWARE_STAGED,R1_FREQUENT_SMALL,A2_DELAY_FIRST_TRANSITION_PROOF_ONE_CONTACT,5,12,0,,4,14451,0,12,0,0,0,0,INSUFFICIENT_MATERIAL_TRANSFER,,
S8-3221,PROFILE_1024_87,P3_CONTACT_AWARE_STAGED,R1_FREQUENT_SMALL,A2_DELAY_FIRST_TRANSITION_PROOF_ONE_CONTACT,5,24,1,18,7,24236,1,15,0,0,0,0,TRUST_RESTORED,12,15
S8-3222,PROFILE_1024_87,P3_CONTACT_AWARE_STAGED,R1_FREQUENT_SMALL,A2_DELAY_FIRST_TRANSITION_PROOF_ONE_CONTACT,5,48,1,18,7,24236,1,15,0,0,0,0,TRUST_RESTORED,12,15
S8-3223,PROFILE_1024_87,P3_CONTACT_AWARE_STAGED,R1_FREQUENT_SMALL,A3_STALE_EPOCH_REPLAY_AT_COMMIT,0,12,0,,4,14982,0,12,0,0,0,0,CONTACT_BUDGET_EXHAUSTED,8,
S8-3224,PROFILE_1024_87,P3_CONTACT_AWARE_STAGED,R1_FREQUENT_SMALL,A3_STALE_EPOCH_REPLAY_AT_COMMIT,0,24,1,17,7,24236,2,14,0,0,0,0,TRUST_RESTORED,8,14
S8-3225,PROFILE_1024_87,P3_CONTACT_AWARE_STAGED,R1_FREQUENT_SMALL,A3_STALE_EPOCH_REPLAY_AT_COMMIT,0,48,1,17,7,24236,2,14,0,0,0,0,TRUST_RESTORED,8,14
S8-3226,PROFILE_1024_87,P3_CONTACT_AWARE_STAGED,R1_FREQUENT_SMALL,A3_STALE_EPOCH_REPLAY_AT_COMMIT,1,12,0,,4,14982,0,12,0,0,0,0,CONTACT_BUDGET_EXHAUSTED,10,
S8-3227,PROFILE_1024_87,P3_CONTACT_AWARE_STAGED,R1_FREQUENT_SMALL,A3_STALE_EPOCH_REPLAY_AT_COMMIT,1,24,1,19,7,24236,2,16,0,0,0,0,TRUST_RESTORED,10,16
S8-3228,PROFILE_1024_87,P3_CONTACT_AWARE_STAGED,R1_FREQUENT_SMALL,A3_STALE_EPOCH_REPLAY_AT_COMMIT,1,48,1,19,7,24236,2,16,0,0,0,0,TRUST_RESTORED,10,16
S8-3229,PROFILE_1024_87,P3_CONTACT_AWARE_STAGED,R1_FREQUENT_SMALL,A3_STALE_EPOCH_REPLAY_AT_COMMIT,2,12,0,,4,14982,0,12,0,0,0,0,CONTACT_BUDGET_EXHAUSTED,9,
S8-3230,PROFILE_1024_87,P3_CONTACT_AWARE_STAGED,R1_FREQUENT_SMALL,A3_STALE_EPOCH_REPLAY_AT_COMMIT,2,24,1,18,7,24236,2,15,0,0,0,0,TRUST_RESTORED,9,15
S8-3231,PROFILE_1024_87,P3_CONTACT_AWARE_STAGED,R1_FREQUENT_SMALL,A3_STALE_EPOCH_REPLAY_AT_COMMIT,2,48,1,18,7,24236,2,15,0,0,0,0,TRUST_RESTORED,9,15
S8-3232,PROFILE_1024_87,P3_CONTACT_AWARE_STAGED,R1_FREQUENT_SMALL,A3_STALE_EPOCH_REPLAY_AT_COMMIT,3,12,0,,4,14982,0,12,0,0,0,0,CONTACT_BUDGET_EXHAUSTED,11,
S8-3233,PROFILE_1024_87,P3_CONTACT_AWARE_STAGED,R1_FREQUENT_SMALL,A3_STALE_EPOCH_REPLAY_AT_COMMIT,3,24,1,20,7,24236,2,17,0,0,0,0,TRUST_RESTORED,11,17
S8-3234,PROFILE_1024_87,P3_CONTACT_AWARE_STAGED,R1_FREQUENT_SMALL,A3_STALE_EPOCH_REPLAY_AT_COMMIT,3,48,1,20,7,24236,2,17,0,0,0,0,TRUST_RESTORED,11,17
S8-3235,PROFILE_1024_87,P3_CONTACT_AWARE_STAGED,R1_FREQUENT_SMALL,A3_STALE_EPOCH_REPLAY_AT_COMMIT,4,12,0,,4,14982,0,12,0,0,0,0,CONTACT_BUDGET_EXHAUSTED,10,
S8-3236,PROFILE_1024_87,P3_CONTACT_AWARE_STAGED,R1_FREQUENT_SMALL,A3_STALE_EPOCH_REPLAY_AT_COMMIT,4,24,1,19,7,24236,2,16,0,0,0,0,TRUST_RESTORED,10,16
S8-3237,PROFILE_1024_87,P3_CONTACT_AWARE_STAGED,R1_FREQUENT_SMALL,A3_STALE_EPOCH_REPLAY_AT_COMMIT,4,48,1,19,7,24236,2,16,0,0,0,0,TRUST_RESTORED,10,16
S8-3238,PROFILE_1024_87,P3_CONTACT_AWARE_STAGED,R1_FREQUENT_SMALL,A3_STALE_EPOCH_REPLAY_AT_COMMIT,5,12,0,,4,14982,0,12,0,0,0,0,CONTACT_BUDGET_EXHAUSTED,9,
S8-3239,PROFILE_1024_87,P3_CONTACT_AWARE_STAGED,R1_FREQUENT_SMALL,A3_STALE_EPOCH_REPLAY_AT_COMMIT,5,24,1,18,7,24236,2,15,0,0,0,0,TRUST_RESTORED,9,15
S8-3240,PROFILE_1024_87,P3_CONTACT_AWARE_STAGED,R1_FREQUENT_SMALL,A3_STALE_EPOCH_REPLAY_AT_COMMIT,5,48,1,18,7,24236,2,15,0,0,0,0,TRUST_RESTORED,9,15
S8-3241,PROFILE_1024_87,P3_CONTACT_AWARE_STAGED,R2_PERIODIC_MEDIUM,A0_NONE,0,12,1,11,3,24236,1,11,0,0,0,0,TRUST_RESTORED,5,11
S8-3242,PROFILE_1024_87,P3_CONTACT_AWARE_STAGED,R2_PERIODIC_MEDIUM,A0_NONE,0,24,1,11,3,24236,1,11,0,0,0,0,TRUST_RESTORED,5,11
S8-3243,PROFILE_1024_87,P3_CONTACT_AWARE_STAGED,R2_PERIODIC_MEDIUM,A0_NONE,0,48,1,11,3,24236,1,11,0,0,0,0,TRUST_RESTORED,5,11
S8-3244,PROFILE_1024_87,P3_CONTACT_AWARE_STAGED,R2_PERIODIC_MEDIUM,A0_NONE,1,12,0,,2,14982,0,12,0,0,0,0,CONTACT_BUDGET_EXHAUSTED,10,
S8-3245,PROFILE_1024_87,P3_CONTACT_AWARE_STAGED,R2_PERIODIC_MEDIUM,A0_NONE,1,24,1,16,3,24236,1,16,0,0,0,0,TRUST_RESTORED,10,16
S8-3246,PROFILE_1024_87,P3_CONTACT_AWARE_STAGED,R2_PERIODIC_MEDIUM,A0_NONE,1,48,1,16,3,24236,1,16,0,0,0,0,TRUST_RESTORED,10,16
S8-3247,PROFILE_1024_87,P3_CONTACT_AWARE_STAGED,R2_PERIODIC_MEDIUM,A0_NONE,2,12,0,,2,14982,0,12,0,0,0,0,CONTACT_BUDGET_EXHAUSTED,9,
S8-3248,PROFILE_1024_87,P3_CONTACT_AWARE_STAGED,R2_PERIODIC_MEDIUM,A0_NONE,2,24,1,15,3,24236,1,15,0,0,0,0,TRUST_RESTORED,9,15
S8-3249,PROFILE_1024_87,P3_CONTACT_AWARE_STAGED,R2_PERIODIC_MEDIUM,A0_NONE,2,48,1,15,3,24236,1,15,0,0,0,0,TRUST_RESTORED,9,15
S8-3250,PROFILE_1024_87,P3_CONTACT_AWARE_STAGED,R2_PERIODIC_MEDIUM,A0_NONE,3,12,0,,2,14982,0,12,0,0,0,0,CONTACT_BUDGET_EXHAUSTED,8,
S8-3251,PROFILE_1024_87,P3_CONTACT_AWARE_STAGED,R2_PERIODIC_MEDIUM,A0_NONE,3,24,1,14,3,24236,1,14,0,0,0,0,TRUST_RESTORED,8,14
S8-3252,PROFILE_1024_87,P3_CONTACT_AWARE_STAGED,R2_PERIODIC_MEDIUM,A0_NONE,3,48,1,14,3,24236,1,14,0,0,0,0,TRUST_RESTORED,8,14
S8-3253,PROFILE_1024_87,P3_CONTACT_AWARE_STAGED,R2_PERIODIC_MEDIUM,A0_NONE,4,12,0,,2,14982,0,12,0,0,0,0,CONTACT_BUDGET_EXHAUSTED,7,
S8-3254,PROFILE_1024_87,P3_CONTACT_AWARE_STAGED,R2_PERIODIC_MEDIUM,A0_NONE,4,24,1,13,3,24236,1,13,0,0,0,0,TRUST_RESTORED,7,13
S8-3255,PROFILE_1024_87,P3_CONTACT_AWARE_STAGED,R2_PERIODIC_MEDIUM,A0_NONE,4,48,1,13,3,24236,1,13,0,0,0,0,TRUST_RESTORED,7,13
S8-3256,PROFILE_1024_87,P3_CONTACT_AWARE_STAGED,R2_PERIODIC_MEDIUM,A0_NONE,5,12,0,,2,14982,0,12,0,0,0,0,CONTACT_BUDGET_EXHAUSTED,6,
S8-3257,PROFILE_1024_87,P3_CONTACT_AWARE_STAGED,R2_PERIODIC_MEDIUM,A0_NONE,5,24,1,12,3,24236,1,12,0,0,0,0,TRUST_RESTORED,6,12
S8-3258,PROFILE_1024_87,P3_CONTACT_AWARE_STAGED,R2_PERIODIC_MEDIUM,A0_NONE,5,48,1,12,3,24236,1,12,0,0,0,0,TRUST_RESTORED,6,12
S8-3259,PROFILE_1024_87,P3_CONTACT_AWARE_STAGED,R2_PERIODIC_MEDIUM,A1_DROP_FIRST_LARGEST_OBJECT_FRAGMENT,0,12,0,,3,19609,0,12,0,0,0,0,CONTACT_BUDGET_EXHAUSTED,11,
S8-3260,PROFILE_1024_87,P3_CONTACT_AWARE_STAGED,R2_PERIODIC_MEDIUM,A1_DROP_FIRST_LARGEST_OBJECT_FRAGMENT,0,24,1,17,4,28863,1,11,0,0,0,0,TRUST_RESTORED,11,11
S8-3261,PROFILE_1024_87,P3_CONTACT_AWARE_STAGED,R2_PERIODIC_MEDIUM,A1_DROP_FIRST_LARGEST_OBJECT_FRAGMENT,0,48,1,17,4,28863,1,11,0,0,0,0,TRUST_RESTORED,11,11
S8-3262,PROFILE_1024_87,P3_CONTACT_AWARE_STAGED,R2_PERIODIC_MEDIUM,A1_DROP_FIRST_LARGEST_OBJECT_FRAGMENT,1,12,0,,2,16384,0,12,0,0,0,0,INSUFFICIENT_MATERIAL_TRANSFER,,
S8-3263,PROFILE_1024_87,P3_CONTACT_AWARE_STAGED,R2_PERIODIC_MEDIUM,A1_DROP_FIRST_LARGEST_OBJECT_FRAGMENT,1,24,1,22,4,28863,1,16,0,0,0,0,TRUST_RESTORED,16,16
S8-3264,PROFILE_1024_87,P3_CONTACT_AWARE_STAGED,R2_PERIODIC_MEDIUM,A1_DROP_FIRST_LARGEST_OBJECT_FRAGMENT,1,48,1,22,4,28863,1,16,0,0,0,0,TRUST_RESTORED,16,16
S8-3265,PROFILE_1024_87,P3_CONTACT_AWARE_STAGED,R2_PERIODIC_MEDIUM,A1_DROP_FIRST_LARGEST_OBJECT_FRAGMENT,2,12,0,,2,16384,0,12,0,0,0,0,INSUFFICIENT_MATERIAL_TRANSFER,,
S8-3266,PROFILE_1024_87,P3_CONTACT_AWARE_STAGED,R2_PERIODIC_MEDIUM,A1_DROP_FIRST_LARGEST_OBJECT_FRAGMENT,2,24,1,21,4,28863,1,15,0,0,0,0,TRUST_RESTORED,15,15
S8-3267,PROFILE_1024_87,P3_CONTACT_AWARE_STAGED,R2_PERIODIC_MEDIUM,A1_DROP_FIRST_LARGEST_OBJECT_FRAGMENT,2,48,1,21,4,28863,1,15,0,0,0,0,TRUST_RESTORED,15,15
S8-3268,PROFILE_1024_87,P3_CONTACT_AWARE_STAGED,R2_PERIODIC_MEDIUM,A1_DROP_FIRST_LARGEST_OBJECT_FRAGMENT,3,12,0,,2,16384,0,12,0,0,0,0,INSUFFICIENT_MATERIAL_TRANSFER,,
S8-3269,PROFILE_1024_87,P3_CONTACT_AWARE_STAGED,R2_PERIODIC_MEDIUM,A1_DROP_FIRST_LARGEST_OBJECT_FRAGMENT,3,24,1,20,4,28863,1,14,0,0,0,0,TRUST_RESTORED,14,14
S8-3270,PROFILE_1024_87,P3_CONTACT_AWARE_STAGED,R2_PERIODIC_MEDIUM,A1_DROP_FIRST_LARGEST_OBJECT_FRAGMENT,3,48,1,20,4,28863,1,14,0,0,0,0,TRUST_RESTORED,14,14
S8-3271,PROFILE_1024_87,P3_CONTACT_AWARE_STAGED,R2_PERIODIC_MEDIUM,A1_DROP_FIRST_LARGEST_OBJECT_FRAGMENT,4,12,0,,2,16384,0,12,0,0,0,0,INSUFFICIENT_MATERIAL_TRANSFER,,
S8-3272,PROFILE_1024_87,P3_CONTACT_AWARE_STAGED,R2_PERIODIC_MEDIUM,A1_DROP_FIRST_LARGEST_OBJECT_FRAGMENT,4,24,1,19,4,28863,1,13,0,0,0,0,TRUST_RESTORED,13,13
S8-3273,PROFILE_1024_87,P3_CONTACT_AWARE_STAGED,R2_PERIODIC_MEDIUM,A1_DROP_FIRST_LARGEST_OBJECT_FRAGMENT,4,48,1,19,4,28863,1,13,0,0,0,0,TRUST_RESTORED,13,13
S8-3274,PROFILE_1024_87,P3_CONTACT_AWARE_STAGED,R2_PERIODIC_MEDIUM,A1_DROP_FIRST_LARGEST_OBJECT_FRAGMENT,5,12,0,,2,16384,0,12,0,0,0,0,INSUFFICIENT_MATERIAL_TRANSFER,,
S8-3275,PROFILE_1024_87,P3_CONTACT_AWARE_STAGED,R2_PERIODIC_MEDIUM,A1_DROP_FIRST_LARGEST_OBJECT_FRAGMENT,5,24,1,18,4,28863,1,12,0,0,0,0,TRUST_RESTORED,12,12
S8-3276,PROFILE_1024_87,P3_CONTACT_AWARE_STAGED,R2_PERIODIC_MEDIUM,A1_DROP_FIRST_LARGEST_OBJECT_FRAGMENT,5,48,1,18,4,28863,1,12,0,0,0,0,TRUST_RESTORED,12,12
S8-3277,PROFILE_1024_87,P3_CONTACT_AWARE_STAGED,R2_PERIODIC_MEDIUM,A2_DELAY_FIRST_TRANSITION_PROOF_ONE_CONTACT,0,12,0,,3,14982,0,12,0,0,0,0,CONTACT_BUDGET_EXHAUSTED,11,
S8-3278,PROFILE_1024_87,P3_CONTACT_AWARE_STAGED,R2_PERIODIC_MEDIUM,A2_DELAY_FIRST_TRANSITION_PROOF_ONE_CONTACT,0,24,1,17,4,24236,1,17,0,0,0,0,TRUST_RESTORED,11,17
S8-3279,PROFILE_1024_87,P3_CONTACT_AWARE_STAGED,R2_PERIODIC_MEDIUM,A2_DELAY_FIRST_TRANSITION_PROOF_ONE_CONTACT,0,48,1,17,4,24236,1,17,0,0,0,0,TRUST_RESTORED,11,17
S8-3280,PROFILE_1024_87,P3_CONTACT_AWARE_STAGED,R2_PERIODIC_MEDIUM,A2_DELAY_FIRST_TRANSITION_PROOF_ONE_CONTACT,1,12,0,,2,10355,0,12,0,0,0,0,INSUFFICIENT_MATERIAL_TRANSFER,,
S8-3281,PROFILE_1024_87,P3_CONTACT_AWARE_STAGED,R2_PERIODIC_MEDIUM,A2_DELAY_FIRST_TRANSITION_PROOF_ONE_CONTACT,1,24,1,22,4,24236,1,22,0,0,0,0,TRUST_RESTORED,16,22
S8-3282,PROFILE_1024_87,P3_CONTACT_AWARE_STAGED,R2_PERIODIC_MEDIUM,A2_DELAY_FIRST_TRANSITION_PROOF_ONE_CONTACT,1,48,1,22,4,24236,1,22,0,0,0,0,TRUST_RESTORED,16,22
S8-3283,PROFILE_1024_87,P3_CONTACT_AWARE_STAGED,R2_PERIODIC_MEDIUM,A2_DELAY_FIRST_TRANSITION_PROOF_ONE_CONTACT,2,12,0,,2,10355,0,12,0,0,0,0,INSUFFICIENT_MATERIAL_TRANSFER,,
S8-3284,PROFILE_1024_87,P3_CONTACT_AWARE_STAGED,R2_PERIODIC_MEDIUM,A2_DELAY_FIRST_TRANSITION_PROOF_ONE_CONTACT,2,24,1,21,4,24236,1,21,0,0,0,0,TRUST_RESTORED,15,21
S8-3285,PROFILE_1024_87,P3_CONTACT_AWARE_STAGED,R2_PERIODIC_MEDIUM,A2_DELAY_FIRST_TRANSITION_PROOF_ONE_CONTACT,2,48,1,21,4,24236,1,21,0,0,0,0,TRUST_RESTORED,15,21
S8-3286,PROFILE_1024_87,P3_CONTACT_AWARE_STAGED,R2_PERIODIC_MEDIUM,A2_DELAY_FIRST_TRANSITION_PROOF_ONE_CONTACT,3,12,0,,2,10355,0,12,0,0,0,0,INSUFFICIENT_MATERIAL_TRANSFER,,
S8-3287,PROFILE_1024_87,P3_CONTACT_AWARE_STAGED,R2_PERIODIC_MEDIUM,A2_DELAY_FIRST_TRANSITION_PROOF_ONE_CONTACT,3,24,1,20,4,24236,1,20,0,0,0,0,TRUST_RESTORED,14,20
S8-3288,PROFILE_1024_87,P3_CONTACT_AWARE_STAGED,R2_PERIODIC_MEDIUM,A2_DELAY_FIRST_TRANSITION_PROOF_ONE_CONTACT,3,48,1,20,4,24236,1,20,0,0,0,0,TRUST_RESTORED,14,20
S8-3289,PROFILE_1024_87,P3_CONTACT_AWARE_STAGED,R2_PERIODIC_MEDIUM,A2_DELAY_FIRST_TRANSITION_PROOF_ONE_CONTACT,4,12,0,,2,10355,0,12,0,0,0,0,INSUFFICIENT_MATERIAL_TRANSFER,,
S8-3290,PROFILE_1024_87,P3_CONTACT_AWARE_STAGED,R2_PERIODIC_MEDIUM,A2_DELAY_FIRST_TRANSITION_PROOF_ONE_CONTACT,4,24,1,19,4,24236,1,19,0,0,0,0,TRUST_RESTORED,13,19
S8-3291,PROFILE_1024_87,P3_CONTACT_AWARE_STAGED,R2_PERIODIC_MEDIUM,A2_DELAY_FIRST_TRANSITION_PROOF_ONE_CONTACT,4,48,1,19,4,24236,1,19,0,0,0,0,TRUST_RESTORED,13,19
S8-3292,PROFILE_1024_87,P3_CONTACT_AWARE_STAGED,R2_PERIODIC_MEDIUM,A2_DELAY_FIRST_TRANSITION_PROOF_ONE_CONTACT,5,12,0,,2,10355,0,12,0,0,0,0,INSUFFICIENT_MATERIAL_TRANSFER,,
S8-3293,PROFILE_1024_87,P3_CONTACT_AWARE_STAGED,R2_PERIODIC_MEDIUM,A2_DELAY_FIRST_TRANSITION_PROOF_ONE_CONTACT,5,24,1,18,4,24236,1,18,0,0,0,0,TRUST_RESTORED,12,18
S8-3294,PROFILE_1024_87,P3_CONTACT_AWARE_STAGED,R2_PERIODIC_MEDIUM,A2_DELAY_FIRST_TRANSITION_PROOF_ONE_CONTACT,5,48,1,18,4,24236,1,18,0,0,0,0,TRUST_RESTORED,12,18
S8-3295,PROFILE_1024_87,P3_CONTACT_AWARE_STAGED,R2_PERIODIC_MEDIUM,A3_STALE_EPOCH_REPLAY_AT_COMMIT,0,12,0,,3,14982,1,12,0,0,0,0,CONTACT_BUDGET_EXHAUSTED,5,
S8-3296,PROFILE_1024_87,P3_CONTACT_AWARE_STAGED,R2_PERIODIC_MEDIUM,A3_STALE_EPOCH_REPLAY_AT_COMMIT,0,24,1,17,4,24236,2,11,0,0,0,0,TRUST_RESTORED,5,11
S8-3297,PROFILE_1024_87,P3_CONTACT_AWARE_STAGED,R2_PERIODIC_MEDIUM,A3_STALE_EPOCH_REPLAY_AT_COMMIT,0,48,1,17,4,24236,2,11,0,0,0,0,TRUST_RESTORED,5,11
S8-3298,PROFILE_1024_87,P3_CONTACT_AWARE_STAGED,R2_PERIODIC_MEDIUM,A3_STALE_EPOCH_REPLAY_AT_COMMIT,1,12,0,,2,14982,0,12,0,0,0,0,CONTACT_BUDGET_EXHAUSTED,10,
S8-3299,PROFILE_1024_87,P3_CONTACT_AWARE_STAGED,R2_PERIODIC_MEDIUM,A3_STALE_EPOCH_REPLAY_AT_COMMIT,1,24,1,22,4,24236,2,16,0,0,0,0,TRUST_RESTORED,10,16
S8-3300,PROFILE_1024_87,P3_CONTACT_AWARE_STAGED,R2_PERIODIC_MEDIUM,A3_STALE_EPOCH_REPLAY_AT_COMMIT,1,48,1,22,4,24236,2,16,0,0,0,0,TRUST_RESTORED,10,16
S8-3301,PROFILE_1024_87,P3_CONTACT_AWARE_STAGED,R2_PERIODIC_MEDIUM,A3_STALE_EPOCH_REPLAY_AT_COMMIT,2,12,0,,2,14982,0,12,0,0,0,0,CONTACT_BUDGET_EXHAUSTED,9,
S8-3302,PROFILE_1024_87,P3_CONTACT_AWARE_STAGED,R2_PERIODIC_MEDIUM,A3_STALE_EPOCH_REPLAY_AT_COMMIT,2,24,1,21,4,24236,2,15,0,0,0,0,TRUST_RESTORED,9,15
S8-3303,PROFILE_1024_87,P3_CONTACT_AWARE_STAGED,R2_PERIODIC_MEDIUM,A3_STALE_EPOCH_REPLAY_AT_COMMIT,2,48,1,21,4,24236,2,15,0,0,0,0,TRUST_RESTORED,9,15
S8-3304,PROFILE_1024_87,P3_CONTACT_AWARE_STAGED,R2_PERIODIC_MEDIUM,A3_STALE_EPOCH_REPLAY_AT_COMMIT,3,12,0,,2,14982,0,12,0,0,0,0,CONTACT_BUDGET_EXHAUSTED,8,
S8-3305,PROFILE_1024_87,P3_CONTACT_AWARE_STAGED,R2_PERIODIC_MEDIUM,A3_STALE_EPOCH_REPLAY_AT_COMMIT,3,24,1,20,4,24236,2,14,0,0,0,0,TRUST_RESTORED,8,14
S8-3306,PROFILE_1024_87,P3_CONTACT_AWARE_STAGED,R2_PERIODIC_MEDIUM,A3_STALE_EPOCH_REPLAY_AT_COMMIT,3,48,1,20,4,24236,2,14,0,0,0,0,TRUST_RESTORED,8,14
S8-3307,PROFILE_1024_87,P3_CONTACT_AWARE_STAGED,R2_PERIODIC_MEDIUM,A3_STALE_EPOCH_REPLAY_AT_COMMIT,4,12,0,,2,14982,0,12,0,0,0,0,CONTACT_BUDGET_EXHAUSTED,7,
S8-3308,PROFILE_1024_87,P3_CONTACT_AWARE_STAGED,R2_PERIODIC_MEDIUM,A3_STALE_EPOCH_REPLAY_AT_COMMIT,4,24,1,19,4,24236,2,13,0,0,0,0,TRUST_RESTORED,7,13
S8-3309,PROFILE_1024_87,P3_CONTACT_AWARE_STAGED,R2_PERIODIC_MEDIUM,A3_STALE_EPOCH_REPLAY_AT_COMMIT,4,48,1,19,4,24236,2,13,0,0,0,0,TRUST_RESTORED,7,13
S8-3310,PROFILE_1024_87,P3_CONTACT_AWARE_STAGED,R2_PERIODIC_MEDIUM,A3_STALE_EPOCH_REPLAY_AT_COMMIT,5,12,0,,2,14982,0,12,0,0,0,0,CONTACT_BUDGET_EXHAUSTED,6,
S8-3311,PROFILE_1024_87,P3_CONTACT_AWARE_STAGED,R2_PERIODIC_MEDIUM,A3_STALE_EPOCH_REPLAY_AT_COMMIT,5,24,1,18,4,24236,2,12,0,0,0,0,TRUST_RESTORED,6,12
S8-3312,PROFILE_1024_87,P3_CONTACT_AWARE_STAGED,R2_PERIODIC_MEDIUM,A3_STALE_EPOCH_REPLAY_AT_COMMIT,5,48,1,18,4,24236,2,12,0,0,0,0,TRUST_RESTORED,6,12
S8-3313,PROFILE_1024_87,P3_CONTACT_AWARE_STAGED,R3_SPARSE_LARGE,A0_NONE,0,12,1,11,2,24236,1,11,0,0,0,0,TRUST_RESTORED,0,11
S8-3314,PROFILE_1024_87,P3_CONTACT_AWARE_STAGED,R3_SPARSE_LARGE,A0_NONE,0,24,1,11,2,24236,1,11,0,0,0,0,TRUST_RESTORED,0,11
S8-3315,PROFILE_1024_87,P3_CONTACT_AWARE_STAGED,R3_SPARSE_LARGE,A0_NONE,0,48,1,11,2,24236,1,11,0,0,0,0,TRUST_RESTORED,0,11
S8-3316,PROFILE_1024_87,P3_CONTACT_AWARE_STAGED,R3_SPARSE_LARGE,A0_NONE,1,12,0,,1,14982,0,12,0,0,0,0,CONTACT_BUDGET_EXHAUSTED,10,
S8-3317,PROFILE_1024_87,P3_CONTACT_AWARE_STAGED,R3_SPARSE_LARGE,A0_NONE,1,24,1,22,2,24236,1,22,0,0,0,0,TRUST_RESTORED,10,22
S8-3318,PROFILE_1024_87,P3_CONTACT_AWARE_STAGED,R3_SPARSE_LARGE,A0_NONE,1,48,1,22,2,24236,1,22,0,0,0,0,TRUST_RESTORED,10,22
S8-3319,PROFILE_1024_87,P3_CONTACT_AWARE_STAGED,R3_SPARSE_LARGE,A0_NONE,2,12,0,,1,14982,0,12,0,0,0,0,CONTACT_BUDGET_EXHAUSTED,9,
S8-3320,PROFILE_1024_87,P3_CONTACT_AWARE_STAGED,R3_SPARSE_LARGE,A0_NONE,2,24,1,21,2,24236,1,21,0,0,0,0,TRUST_RESTORED,9,21
S8-3321,PROFILE_1024_87,P3_CONTACT_AWARE_STAGED,R3_SPARSE_LARGE,A0_NONE,2,48,1,21,2,24236,1,21,0,0,0,0,TRUST_RESTORED,9,21
S8-3322,PROFILE_1024_87,P3_CONTACT_AWARE_STAGED,R3_SPARSE_LARGE,A0_NONE,3,12,0,,1,14982,0,12,0,0,0,0,CONTACT_BUDGET_EXHAUSTED,8,
S8-3323,PROFILE_1024_87,P3_CONTACT_AWARE_STAGED,R3_SPARSE_LARGE,A0_NONE,3,24,1,20,2,24236,1,20,0,0,0,0,TRUST_RESTORED,8,20
S8-3324,PROFILE_1024_87,P3_CONTACT_AWARE_STAGED,R3_SPARSE_LARGE,A0_NONE,3,48,1,20,2,24236,1,20,0,0,0,0,TRUST_RESTORED,8,20
S8-3325,PROFILE_1024_87,P3_CONTACT_AWARE_STAGED,R3_SPARSE_LARGE,A0_NONE,4,12,0,,1,14982,0,12,0,0,0,0,CONTACT_BUDGET_EXHAUSTED,7,
S8-3326,PROFILE_1024_87,P3_CONTACT_AWARE_STAGED,R3_SPARSE_LARGE,A0_NONE,4,24,1,19,2,24236,1,19,0,0,0,0,TRUST_RESTORED,7,19
S8-3327,PROFILE_1024_87,P3_CONTACT_AWARE_STAGED,R3_SPARSE_LARGE,A0_NONE,4,48,1,19,2,24236,1,19,0,0,0,0,TRUST_RESTORED,7,19
S8-3328,PROFILE_1024_87,P3_CONTACT_AWARE_STAGED,R3_SPARSE_LARGE,A0_NONE,5,12,0,,1,14982,0,12,0,0,0,0,CONTACT_BUDGET_EXHAUSTED,6,
S8-3329,PROFILE_1024_87,P3_CONTACT_AWARE_STAGED,R3_SPARSE_LARGE,A0_NONE,5,24,1,18,2,24236,1,18,0,0,0,0,TRUST_RESTORED,6,18
S8-3330,PROFILE_1024_87,P3_CONTACT_AWARE_STAGED,R3_SPARSE_LARGE,A0_NONE,5,48,1,18,2,24236,1,18,0,0,0,0,TRUST_RESTORED,6,18
S8-3331,PROFILE_1024_87,P3_CONTACT_AWARE_STAGED,R3_SPARSE_LARGE,A1_DROP_FIRST_LARGEST_OBJECT_FRAGMENT,0,12,1,11,2,28863,1,11,0,0,0,0,TRUST_RESTORED,11,11
S8-3332,PROFILE_1024_87,P3_CONTACT_AWARE_STAGED,R3_SPARSE_LARGE,A1_DROP_FIRST_LARGEST_OBJECT_FRAGMENT,0,24,1,11,2,28863,1,11,0,0,0,0,TRUST_RESTORED,11,11
S8-3333,PROFILE_1024_87,P3_CONTACT_AWARE_STAGED,R3_SPARSE_LARGE,A1_DROP_FIRST_LARGEST_OBJECT_FRAGMENT,0,48,1,11,2,28863,1,11,0,0,0,0,TRUST_RESTORED,11,11
S8-3334,PROFILE_1024_87,P3_CONTACT_AWARE_STAGED,R3_SPARSE_LARGE,A1_DROP_FIRST_LARGEST_OBJECT_FRAGMENT,1,12,0,,1,16384,0,12,0,0,0,0,INSUFFICIENT_MATERIAL_TRANSFER,,
S8-3335,PROFILE_1024_87,P3_CONTACT_AWARE_STAGED,R3_SPARSE_LARGE,A1_DROP_FIRST_LARGEST_OBJECT_FRAGMENT,1,24,1,22,2,28863,1,22,0,0,0,0,TRUST_RESTORED,22,22
S8-3336,PROFILE_1024_87,P3_CONTACT_AWARE_STAGED,R3_SPARSE_LARGE,A1_DROP_FIRST_LARGEST_OBJECT_FRAGMENT,1,48,1,22,2,28863,1,22,0,0,0,0,TRUST_RESTORED,22,22
S8-3337,PROFILE_1024_87,P3_CONTACT_AWARE_STAGED,R3_SPARSE_LARGE,A1_DROP_FIRST_LARGEST_OBJECT_FRAGMENT,2,12,0,,1,16384,0,12,0,0,0,0,INSUFFICIENT_MATERIAL_TRANSFER,,
S8-3338,PROFILE_1024_87,P3_CONTACT_AWARE_STAGED,R3_SPARSE_LARGE,A1_DROP_FIRST_LARGEST_OBJECT_FRAGMENT,2,24,1,21,2,28863,1,21,0,0,0,0,TRUST_RESTORED,21,21
S8-3339,PROFILE_1024_87,P3_CONTACT_AWARE_STAGED,R3_SPARSE_LARGE,A1_DROP_FIRST_LARGEST_OBJECT_FRAGMENT,2,48,1,21,2,28863,1,21,0,0,0,0,TRUST_RESTORED,21,21
S8-3340,PROFILE_1024_87,P3_CONTACT_AWARE_STAGED,R3_SPARSE_LARGE,A1_DROP_FIRST_LARGEST_OBJECT_FRAGMENT,3,12,0,,1,16384,0,12,0,0,0,0,INSUFFICIENT_MATERIAL_TRANSFER,,
S8-3341,PROFILE_1024_87,P3_CONTACT_AWARE_STAGED,R3_SPARSE_LARGE,A1_DROP_FIRST_LARGEST_OBJECT_FRAGMENT,3,24,1,20,2,28863,1,20,0,0,0,0,TRUST_RESTORED,20,20
S8-3342,PROFILE_1024_87,P3_CONTACT_AWARE_STAGED,R3_SPARSE_LARGE,A1_DROP_FIRST_LARGEST_OBJECT_FRAGMENT,3,48,1,20,2,28863,1,20,0,0,0,0,TRUST_RESTORED,20,20
S8-3343,PROFILE_1024_87,P3_CONTACT_AWARE_STAGED,R3_SPARSE_LARGE,A1_DROP_FIRST_LARGEST_OBJECT_FRAGMENT,4,12,0,,1,16384,0,12,0,0,0,0,INSUFFICIENT_MATERIAL_TRANSFER,,
S8-3344,PROFILE_1024_87,P3_CONTACT_AWARE_STAGED,R3_SPARSE_LARGE,A1_DROP_FIRST_LARGEST_OBJECT_FRAGMENT,4,24,1,19,2,28863,1,19,0,0,0,0,TRUST_RESTORED,19,19
S8-3345,PROFILE_1024_87,P3_CONTACT_AWARE_STAGED,R3_SPARSE_LARGE,A1_DROP_FIRST_LARGEST_OBJECT_FRAGMENT,4,48,1,19,2,28863,1,19,0,0,0,0,TRUST_RESTORED,19,19
S8-3346,PROFILE_1024_87,P3_CONTACT_AWARE_STAGED,R3_SPARSE_LARGE,A1_DROP_FIRST_LARGEST_OBJECT_FRAGMENT,5,12,0,,1,16384,0,12,0,0,0,0,INSUFFICIENT_MATERIAL_TRANSFER,,
S8-3347,PROFILE_1024_87,P3_CONTACT_AWARE_STAGED,R3_SPARSE_LARGE,A1_DROP_FIRST_LARGEST_OBJECT_FRAGMENT,5,24,1,18,2,28863,1,18,0,0,0,0,TRUST_RESTORED,18,18
S8-3348,PROFILE_1024_87,P3_CONTACT_AWARE_STAGED,R3_SPARSE_LARGE,A1_DROP_FIRST_LARGEST_OBJECT_FRAGMENT,5,48,1,18,2,28863,1,18,0,0,0,0,TRUST_RESTORED,18,18
S8-3349,PROFILE_1024_87,P3_CONTACT_AWARE_STAGED,R3_SPARSE_LARGE,A2_DELAY_FIRST_TRANSITION_PROOF_ONE_CONTACT,0,12,1,11,2,24236,1,11,0,0,0,0,TRUST_RESTORED,11,11
S8-3350,PROFILE_1024_87,P3_CONTACT_AWARE_STAGED,R3_SPARSE_LARGE,A2_DELAY_FIRST_TRANSITION_PROOF_ONE_CONTACT,0,24,1,11,2,24236,1,11,0,0,0,0,TRUST_RESTORED,11,11
S8-3351,PROFILE_1024_87,P3_CONTACT_AWARE_STAGED,R3_SPARSE_LARGE,A2_DELAY_FIRST_TRANSITION_PROOF_ONE_CONTACT,0,48,1,11,2,24236,1,11,0,0,0,0,TRUST_RESTORED,11,11
S8-3352,PROFILE_1024_87,P3_CONTACT_AWARE_STAGED,R3_SPARSE_LARGE,A2_DELAY_FIRST_TRANSITION_PROOF_ONE_CONTACT,1,12,0,,1,10355,0,12,0,0,0,0,INSUFFICIENT_MATERIAL_TRANSFER,,
S8-3353,PROFILE_1024_87,P3_CONTACT_AWARE_STAGED,R3_SPARSE_LARGE,A2_DELAY_FIRST_TRANSITION_PROOF_ONE_CONTACT,1,24,1,22,2,24236,1,22,0,0,0,0,TRUST_RESTORED,22,22
S8-3354,PROFILE_1024_87,P3_CONTACT_AWARE_STAGED,R3_SPARSE_LARGE,A2_DELAY_FIRST_TRANSITION_PROOF_ONE_CONTACT,1,48,1,22,2,24236,1,22,0,0,0,0,TRUST_RESTORED,22,22
S8-3355,PROFILE_1024_87,P3_CONTACT_AWARE_STAGED,R3_SPARSE_LARGE,A2_DELAY_FIRST_TRANSITION_PROOF_ONE_CONTACT,2,12,0,,1,10355,0,12,0,0,0,0,INSUFFICIENT_MATERIAL_TRANSFER,,
S8-3356,PROFILE_1024_87,P3_CONTACT_AWARE_STAGED,R3_SPARSE_LARGE,A2_DELAY_FIRST_TRANSITION_PROOF_ONE_CONTACT,2,24,1,21,2,24236,1,21,0,0,0,0,TRUST_RESTORED,21,21
S8-3357,PROFILE_1024_87,P3_CONTACT_AWARE_STAGED,R3_SPARSE_LARGE,A2_DELAY_FIRST_TRANSITION_PROOF_ONE_CONTACT,2,48,1,21,2,24236,1,21,0,0,0,0,TRUST_RESTORED,21,21
S8-3358,PROFILE_1024_87,P3_CONTACT_AWARE_STAGED,R3_SPARSE_LARGE,A2_DELAY_FIRST_TRANSITION_PROOF_ONE_CONTACT,3,12,0,,1,10355,0,12,0,0,0,0,INSUFFICIENT_MATERIAL_TRANSFER,,
S8-3359,PROFILE_1024_87,P3_CONTACT_AWARE_STAGED,R3_SPARSE_LARGE,A2_DELAY_FIRST_TRANSITION_PROOF_ONE_CONTACT,3,24,1,20,2,24236,1,20,0,0,0,0,TRUST_RESTORED,20,20
S8-3360,PROFILE_1024_87,P3_CONTACT_AWARE_STAGED,R3_SPARSE_LARGE,A2_DELAY_FIRST_TRANSITION_PROOF_ONE_CONTACT,3,48,1,20,2,24236,1,20,0,0,0,0,TRUST_RESTORED,20,20
S8-3361,PROFILE_1024_87,P3_CONTACT_AWARE_STAGED,R3_SPARSE_LARGE,A2_DELAY_FIRST_TRANSITION_PROOF_ONE_CONTACT,4,12,0,,1,10355,0,12,0,0,0,0,INSUFFICIENT_MATERIAL_TRANSFER,,
S8-3362,PROFILE_1024_87,P3_CONTACT_AWARE_STAGED,R3_SPARSE_LARGE,A2_DELAY_FIRST_TRANSITION_PROOF_ONE_CONTACT,4,24,1,19,2,24236,1,19,0,0,0,0,TRUST_RESTORED,19,19
S8-3363,PROFILE_1024_87,P3_CONTACT_AWARE_STAGED,R3_SPARSE_LARGE,A2_DELAY_FIRST_TRANSITION_PROOF_ONE_CONTACT,4,48,1,19,2,24236,1,19,0,0,0,0,TRUST_RESTORED,19,19
S8-3364,PROFILE_1024_87,P3_CONTACT_AWARE_STAGED,R3_SPARSE_LARGE,A2_DELAY_FIRST_TRANSITION_PROOF_ONE_CONTACT,5,12,0,,1,10355,0,12,0,0,0,0,INSUFFICIENT_MATERIAL_TRANSFER,,
S8-3365,PROFILE_1024_87,P3_CONTACT_AWARE_STAGED,R3_SPARSE_LARGE,A2_DELAY_FIRST_TRANSITION_PROOF_ONE_CONTACT,5,24,1,18,2,24236,1,18,0,0,0,0,TRUST_RESTORED,18,18
S8-3366,PROFILE_1024_87,P3_CONTACT_AWARE_STAGED,R3_SPARSE_LARGE,A2_DELAY_FIRST_TRANSITION_PROOF_ONE_CONTACT,5,48,1,18,2,24236,1,18,0,0,0,0,TRUST_RESTORED,18,18
S8-3367,PROFILE_1024_87,P3_CONTACT_AWARE_STAGED,R3_SPARSE_LARGE,A3_STALE_EPOCH_REPLAY_AT_COMMIT,0,12,1,11,2,24236,2,11,0,0,0,0,TRUST_RESTORED,0,11
S8-3368,PROFILE_1024_87,P3_CONTACT_AWARE_STAGED,R3_SPARSE_LARGE,A3_STALE_EPOCH_REPLAY_AT_COMMIT,0,24,1,11,2,24236,2,11,0,0,0,0,TRUST_RESTORED,0,11
S8-3369,PROFILE_1024_87,P3_CONTACT_AWARE_STAGED,R3_SPARSE_LARGE,A3_STALE_EPOCH_REPLAY_AT_COMMIT,0,48,1,11,2,24236,2,11,0,0,0,0,TRUST_RESTORED,0,11
S8-3370,PROFILE_1024_87,P3_CONTACT_AWARE_STAGED,R3_SPARSE_LARGE,A3_STALE_EPOCH_REPLAY_AT_COMMIT,1,12,0,,1,14982,0,12,0,0,0,0,CONTACT_BUDGET_EXHAUSTED,10,
S8-3371,PROFILE_1024_87,P3_CONTACT_AWARE_STAGED,R3_SPARSE_LARGE,A3_STALE_EPOCH_REPLAY_AT_COMMIT,1,24,1,22,2,24236,2,22,0,0,0,0,TRUST_RESTORED,10,22
S8-3372,PROFILE_1024_87,P3_CONTACT_AWARE_STAGED,R3_SPARSE_LARGE,A3_STALE_EPOCH_REPLAY_AT_COMMIT,1,48,1,22,2,24236,2,22,0,0,0,0,TRUST_RESTORED,10,22
S8-3373,PROFILE_1024_87,P3_CONTACT_AWARE_STAGED,R3_SPARSE_LARGE,A3_STALE_EPOCH_REPLAY_AT_COMMIT,2,12,0,,1,14982,0,12,0,0,0,0,CONTACT_BUDGET_EXHAUSTED,9,
S8-3374,PROFILE_1024_87,P3_CONTACT_AWARE_STAGED,R3_SPARSE_LARGE,A3_STALE_EPOCH_REPLAY_AT_COMMIT,2,24,1,21,2,24236,2,21,0,0,0,0,TRUST_RESTORED,9,21
S8-3375,PROFILE_1024_87,P3_CONTACT_AWARE_STAGED,R3_SPARSE_LARGE,A3_STALE_EPOCH_REPLAY_AT_COMMIT,2,48,1,21,2,24236,2,21,0,0,0,0,TRUST_RESTORED,9,21
S8-3376,PROFILE_1024_87,P3_CONTACT_AWARE_STAGED,R3_SPARSE_LARGE,A3_STALE_EPOCH_REPLAY_AT_COMMIT,3,12,0,,1,14982,0,12,0,0,0,0,CONTACT_BUDGET_EXHAUSTED,8,
S8-3377,PROFILE_1024_87,P3_CONTACT_AWARE_STAGED,R3_SPARSE_LARGE,A3_STALE_EPOCH_REPLAY_AT_COMMIT,3,24,1,20,2,24236,2,20,0,0,0,0,TRUST_RESTORED,8,20
S8-3378,PROFILE_1024_87,P3_CONTACT_AWARE_STAGED,R3_SPARSE_LARGE,A3_STALE_EPOCH_REPLAY_AT_COMMIT,3,48,1,20,2,24236,2,20,0,0,0,0,TRUST_RESTORED,8,20
S8-3379,PROFILE_1024_87,P3_CONTACT_AWARE_STAGED,R3_SPARSE_LARGE,A3_STALE_EPOCH_REPLAY_AT_COMMIT,4,12,0,,1,14982,0,12,0,0,0,0,CONTACT_BUDGET_EXHAUSTED,7,
S8-3380,PROFILE_1024_87,P3_CONTACT_AWARE_STAGED,R3_SPARSE_LARGE,A3_STALE_EPOCH_REPLAY_AT_COMMIT,4,24,1,19,2,24236,2,19,0,0,0,0,TRUST_RESTORED,7,19
S8-3381,PROFILE_1024_87,P3_CONTACT_AWARE_STAGED,R3_SPARSE_LARGE,A3_STALE_EPOCH_REPLAY_AT_COMMIT,4,48,1,19,2,24236,2,19,0,0,0,0,TRUST_RESTORED,7,19
S8-3382,PROFILE_1024_87,P3_CONTACT_AWARE_STAGED,R3_SPARSE_LARGE,A3_STALE_EPOCH_REPLAY_AT_COMMIT,5,12,0,,1,14982,0,12,0,0,0,0,CONTACT_BUDGET_EXHAUSTED,6,
S8-3383,PROFILE_1024_87,P3_CONTACT_AWARE_STAGED,R3_SPARSE_LARGE,A3_STALE_EPOCH_REPLAY_AT_COMMIT,5,24,1,18,2,24236,2,18,0,0,0,0,TRUST_RESTORED,6,18
S8-3384,PROFILE_1024_87,P3_CONTACT_AWARE_STAGED,R3_SPARSE_LARGE,A3_STALE_EPOCH_REPLAY_AT_COMMIT,5,48,1,18,2,24236,2,18,0,0,0,0,TRUST_RESTORED,6,18
S8-3385,PROFILE_1024_87,P3_CONTACT_AWARE_STAGED,R4_CLUSTERED_MEDIUM,A0_NONE,0,12,0,,2,14982,0,12,0,0,0,0,CONTACT_BUDGET_EXHAUSTED,1,
S8-3386,PROFILE_1024_87,P3_CONTACT_AWARE_STAGED,R4_CLUSTERED_MEDIUM,A0_NONE,0,24,1,13,3,24236,1,13,0,0,0,0,TRUST_RESTORED,1,13
S8-3387,PROFILE_1024_87,P3_CONTACT_AWARE_STAGED,R4_CLUSTERED_MEDIUM,A0_NONE,0,48,1,13,3,24236,1,13,0,0,0,0,TRUST_RESTORED,1,13
S8-3388,PROFILE_1024_87,P3_CONTACT_AWARE_STAGED,R4_CLUSTERED_MEDIUM,A0_NONE,1,12,0,,1,8192,0,12,0,0,0,0,INSUFFICIENT_MATERIAL_TRANSFER,,
S8-3389,PROFILE_1024_87,P3_CONTACT_AWARE_STAGED,R4_CLUSTERED_MEDIUM,A0_NONE,1,24,1,13,3,24236,1,13,0,0,0,0,TRUST_RESTORED,12,13
S8-3390,PROFILE_1024_87,P3_CONTACT_AWARE_STAGED,R4_CLUSTERED_MEDIUM,A0_NONE,1,48,1,13,3,24236,1,13,0,0,0,0,TRUST_RESTORED,12,13
S8-3391,PROFILE_1024_87,P3_CONTACT_AWARE_STAGED,R4_CLUSTERED_MEDIUM,A0_NONE,2,12,0,,1,8192,0,12,0,0,0,0,INSUFFICIENT_MATERIAL_TRANSFER,,
S8-3392,PROFILE_1024_87,P3_CONTACT_AWARE_STAGED,R4_CLUSTERED_MEDIUM,A0_NONE,2,24,0,,2,14982,0,24,0,0,0,0,CONTACT_BUDGET_EXHAUSTED,12,
S8-3393,PROFILE_1024_87,P3_CONTACT_AWARE_STAGED,R4_CLUSTERED_MEDIUM,A0_NONE,2,48,1,27,3,24236,1,27,0,0,0,0,TRUST_RESTORED,12,27
S8-3394,PROFILE_1024_87,P3_CONTACT_AWARE_STAGED,R4_CLUSTERED_MEDIUM,A0_NONE,3,12,0,,2,14982,0,12,0,0,0,0,CONTACT_BUDGET_EXHAUSTED,11,
S8-3395,PROFILE_1024_87,P3_CONTACT_AWARE_STAGED,R4_CLUSTERED_MEDIUM,A0_NONE,3,24,0,,2,14982,0,24,0,0,0,0,CONTACT_BUDGET_EXHAUSTED,11,
S8-3396,PROFILE_1024_87,P3_CONTACT_AWARE_STAGED,R4_CLUSTERED_MEDIUM,A0_NONE,3,48,1,26,3,24236,1,26,0,0,0,0,TRUST_RESTORED,11,26
S8-3397,PROFILE_1024_87,P3_CONTACT_AWARE_STAGED,R4_CLUSTERED_MEDIUM,A0_NONE,4,12,0,,2,14982,0,12,0,0,0,0,CONTACT_BUDGET_EXHAUSTED,10,
S8-3398,PROFILE_1024_87,P3_CONTACT_AWARE_STAGED,R4_CLUSTERED_MEDIUM,A0_NONE,4,24,0,,2,14982,0,24,0,0,0,0,CONTACT_BUDGET_EXHAUSTED,10,
S8-3399,PROFILE_1024_87,P3_CONTACT_AWARE_STAGED,R4_CLUSTERED_MEDIUM,A0_NONE,4,48,1,25,3,24236,1,25,0,0,0,0,TRUST_RESTORED,10,25
S8-3400,PROFILE_1024_87,P3_CONTACT_AWARE_STAGED,R4_CLUSTERED_MEDIUM,A0_NONE,5,12,0,,2,14982,0,12,0,0,0,0,CONTACT_BUDGET_EXHAUSTED,9,
S8-3401,PROFILE_1024_87,P3_CONTACT_AWARE_STAGED,R4_CLUSTERED_MEDIUM,A0_NONE,5,24,0,,2,14982,0,24,0,0,0,0,CONTACT_BUDGET_EXHAUSTED,9,
S8-3402,PROFILE_1024_87,P3_CONTACT_AWARE_STAGED,R4_CLUSTERED_MEDIUM,A0_NONE,5,48,1,24,3,24236,1,24,0,0,0,0,TRUST_RESTORED,9,24
S8-3403,PROFILE_1024_87,P3_CONTACT_AWARE_STAGED,R4_CLUSTERED_MEDIUM,A1_DROP_FIRST_LARGEST_OBJECT_FRAGMENT,0,12,0,,2,16384,0,12,0,0,0,0,INSUFFICIENT_MATERIAL_TRANSFER,,
S8-3404,PROFILE_1024_87,P3_CONTACT_AWARE_STAGED,R4_CLUSTERED_MEDIUM,A1_DROP_FIRST_LARGEST_OBJECT_FRAGMENT,0,24,1,14,4,28863,1,13,0,0,0,0,TRUST_RESTORED,13,13
S8-3405,PROFILE_1024_87,P3_CONTACT_AWARE_STAGED,R4_CLUSTERED_MEDIUM,A1_DROP_FIRST_LARGEST_OBJECT_FRAGMENT,0,48,1,14,4,28863,1,13,0,0,0,0,TRUST_RESTORED,13,13
S8-3406,PROFILE_1024_87,P3_CONTACT_AWARE_STAGED,R4_CLUSTERED_MEDIUM,A1_DROP_FIRST_LARGEST_OBJECT_FRAGMENT,1,12,0,,1,8192,0,12,0,0,0,0,INSUFFICIENT_MATERIAL_TRANSFER,,
S8-3407,PROFILE_1024_87,P3_CONTACT_AWARE_STAGED,R4_CLUSTERED_MEDIUM,A1_DROP_FIRST_LARGEST_OBJECT_FRAGMENT,1,24,0,,3,19609,0,24,0,0,0,0,CONTACT_BUDGET_EXHAUSTED,13,
S8-3408,PROFILE_1024_87,P3_CONTACT_AWARE_STAGED,R4_CLUSTERED_MEDIUM,A1_DROP_FIRST_LARGEST_OBJECT_FRAGMENT,1,48,1,28,4,28863,1,13,0,0,0,0,TRUST_RESTORED,13,13
S8-3409,PROFILE_1024_87,P3_CONTACT_AWARE_STAGED,R4_CLUSTERED_MEDIUM,A1_DROP_FIRST_LARGEST_OBJECT_FRAGMENT,2,12,0,,1,8192,0,12,0,0,0,0,INSUFFICIENT_MATERIAL_TRANSFER,,
S8-3410,PROFILE_1024_87,P3_CONTACT_AWARE_STAGED,R4_CLUSTERED_MEDIUM,A1_DROP_FIRST_LARGEST_OBJECT_FRAGMENT,2,24,0,,2,16384,0,24,0,0,0,0,INSUFFICIENT_MATERIAL_TRANSFER,,
S8-3411,PROFILE_1024_87,P3_CONTACT_AWARE_STAGED,R4_CLUSTERED_MEDIUM,A1_DROP_FIRST_LARGEST_OBJECT_FRAGMENT,2,48,1,28,4,28863,1,27,0,0,0,0,TRUST_RESTORED,27,27
S8-3412,PROFILE_1024_87,P3_CONTACT_AWARE_STAGED,R4_CLUSTERED_MEDIUM,A1_DROP_FIRST_LARGEST_OBJECT_FRAGMENT,3,12,0,,2,16384,0,12,0,0,0,0,INSUFFICIENT_MATERIAL_TRANSFER,,
S8-3413,PROFILE_1024_87,P3_CONTACT_AWARE_STAGED,R4_CLUSTERED_MEDIUM,A1_DROP_FIRST_LARGEST_OBJECT_FRAGMENT,3,24,0,,2,16384,0,24,0,0,0,0,INSUFFICIENT_MATERIAL_TRANSFER,,
S8-3414,PROFILE_1024_87,P3_CONTACT_AWARE_STAGED,R4_CLUSTERED_MEDIUM,A1_DROP_FIRST_LARGEST_OBJECT_FRAGMENT,3,48,1,27,4,28863,1,26,0,0,0,0,TRUST_RESTORED,26,26
S8-3415,PROFILE_1024_87,P3_CONTACT_AWARE_STAGED,R4_CLUSTERED_MEDIUM,A1_DROP_FIRST_LARGEST_OBJECT_FRAGMENT,4,12,0,,2,16384,0,12,0,0,0,0,INSUFFICIENT_MATERIAL_TRANSFER,,
S8-3416,PROFILE_1024_87,P3_CONTACT_AWARE_STAGED,R4_CLUSTERED_MEDIUM,A1_DROP_FIRST_LARGEST_OBJECT_FRAGMENT,4,24,0,,2,16384,0,24,0,0,0,0,INSUFFICIENT_MATERIAL_TRANSFER,,
S8-3417,PROFILE_1024_87,P3_CONTACT_AWARE_STAGED,R4_CLUSTERED_MEDIUM,A1_DROP_FIRST_LARGEST_OBJECT_FRAGMENT,4,48,1,26,4,28863,1,25,0,0,0,0,TRUST_RESTORED,25,25
S8-3418,PROFILE_1024_87,P3_CONTACT_AWARE_STAGED,R4_CLUSTERED_MEDIUM,A1_DROP_FIRST_LARGEST_OBJECT_FRAGMENT,5,12,0,,2,16384,0,12,0,0,0,0,INSUFFICIENT_MATERIAL_TRANSFER,,
S8-3419,PROFILE_1024_87,P3_CONTACT_AWARE_STAGED,R4_CLUSTERED_MEDIUM,A1_DROP_FIRST_LARGEST_OBJECT_FRAGMENT,5,24,0,,2,16384,0,24,0,0,0,0,INSUFFICIENT_MATERIAL_TRANSFER,,
S8-3420,PROFILE_1024_87,P3_CONTACT_AWARE_STAGED,R4_CLUSTERED_MEDIUM,A1_DROP_FIRST_LARGEST_OBJECT_FRAGMENT,5,48,1,25,4,28863,1,24,0,0,0,0,TRUST_RESTORED,24,24
S8-3421,PROFILE_1024_87,P3_CONTACT_AWARE_STAGED,R4_CLUSTERED_MEDIUM,A2_DELAY_FIRST_TRANSITION_PROOF_ONE_CONTACT,0,12,0,,2,10355,0,12,0,0,0,0,INSUFFICIENT_MATERIAL_TRANSFER,,
S8-3422,PROFILE_1024_87,P3_CONTACT_AWARE_STAGED,R4_CLUSTERED_MEDIUM,A2_DELAY_FIRST_TRANSITION_PROOF_ONE_CONTACT,0,24,1,14,4,24236,1,14,0,0,0,0,TRUST_RESTORED,13,14
S8-3423,PROFILE_1024_87,P3_CONTACT_AWARE_STAGED,R4_CLUSTERED_MEDIUM,A2_DELAY_FIRST_TRANSITION_PROOF_ONE_CONTACT,0,48,1,14,4,24236,1,14,0,0,0,0,TRUST_RESTORED,13,14
S8-3424,PROFILE_1024_87,P3_CONTACT_AWARE_STAGED,R4_CLUSTERED_MEDIUM,A2_DELAY_FIRST_TRANSITION_PROOF_ONE_CONTACT,1,12,0,,1,8192,0,12,0,0,0,0,INSUFFICIENT_MATERIAL_TRANSFER,,
S8-3425,PROFILE_1024_87,P3_CONTACT_AWARE_STAGED,R4_CLUSTERED_MEDIUM,A2_DELAY_FIRST_TRANSITION_PROOF_ONE_CONTACT,1,24,0,,3,14982,0,24,0,0,0,0,CONTACT_BUDGET_EXHAUSTED,13,
S8-3426,PROFILE_1024_87,P3_CONTACT_AWARE_STAGED,R4_CLUSTERED_MEDIUM,A2_DELAY_FIRST_TRANSITION_PROOF_ONE_CONTACT,1,48,1,28,4,24236,1,28,0,0,0,0,TRUST_RESTORED,13,28
S8-3427,PROFILE_1024_87,P3_CONTACT_AWARE_STAGED,R4_CLUSTERED_MEDIUM,A2_DELAY_FIRST_TRANSITION_PROOF_ONE_CONTACT,2,12,0,,1,8192,0,12,0,0,0,0,INSUFFICIENT_MATERIAL_TRANSFER,,
S8-3428,PROFILE_1024_87,P3_CONTACT_AWARE_STAGED,R4_CLUSTERED_MEDIUM,A2_DELAY_FIRST_TRANSITION_PROOF_ONE_CONTACT,2,24,0,,2,10355,0,24,0,0,0,0,INSUFFICIENT_MATERIAL_TRANSFER,,
S8-3429,PROFILE_1024_87,P3_CONTACT_AWARE_STAGED,R4_CLUSTERED_MEDIUM,A2_DELAY_FIRST_TRANSITION_PROOF_ONE_CONTACT,2,48,1,28,4,24236,1,28,0,0,0,0,TRUST_RESTORED,27,28
S8-3430,PROFILE_1024_87,P3_CONTACT_AWARE_STAGED,R4_CLUSTERED_MEDIUM,A2_DELAY_FIRST_TRANSITION_PROOF_ONE_CONTACT,3,12,0,,2,10355,0,12,0,0,0,0,INSUFFICIENT_MATERIAL_TRANSFER,,
S8-3431,PROFILE_1024_87,P3_CONTACT_AWARE_STAGED,R4_CLUSTERED_MEDIUM,A2_DELAY_FIRST_TRANSITION_PROOF_ONE_CONTACT,3,24,0,,2,10355,0,24,0,0,0,0,INSUFFICIENT_MATERIAL_TRANSFER,,
S8-3432,PROFILE_1024_87,P3_CONTACT_AWARE_STAGED,R4_CLUSTERED_MEDIUM,A2_DELAY_FIRST_TRANSITION_PROOF_ONE_CONTACT,3,48,1,27,4,24236,1,27,0,0,0,0,TRUST_RESTORED,26,27
S8-3433,PROFILE_1024_87,P3_CONTACT_AWARE_STAGED,R4_CLUSTERED_MEDIUM,A2_DELAY_FIRST_TRANSITION_PROOF_ONE_CONTACT,4,12,0,,2,10355,0,12,0,0,0,0,INSUFFICIENT_MATERIAL_TRANSFER,,
S8-3434,PROFILE_1024_87,P3_CONTACT_AWARE_STAGED,R4_CLUSTERED_MEDIUM,A2_DELAY_FIRST_TRANSITION_PROOF_ONE_CONTACT,4,24,0,,2,10355,0,24,0,0,0,0,INSUFFICIENT_MATERIAL_TRANSFER,,
S8-3435,PROFILE_1024_87,P3_CONTACT_AWARE_STAGED,R4_CLUSTERED_MEDIUM,A2_DELAY_FIRST_TRANSITION_PROOF_ONE_CONTACT,4,48,1,26,4,24236,1,26,0,0,0,0,TRUST_RESTORED,25,26
S8-3436,PROFILE_1024_87,P3_CONTACT_AWARE_STAGED,R4_CLUSTERED_MEDIUM,A2_DELAY_FIRST_TRANSITION_PROOF_ONE_CONTACT,5,12,0,,2,10355,0,12,0,0,0,0,INSUFFICIENT_MATERIAL_TRANSFER,,
S8-3437,PROFILE_1024_87,P3_CONTACT_AWARE_STAGED,R4_CLUSTERED_MEDIUM,A2_DELAY_FIRST_TRANSITION_PROOF_ONE_CONTACT,5,24,0,,2,10355,0,24,0,0,0,0,INSUFFICIENT_MATERIAL_TRANSFER,,
S8-3438,PROFILE_1024_87,P3_CONTACT_AWARE_STAGED,R4_CLUSTERED_MEDIUM,A2_DELAY_FIRST_TRANSITION_PROOF_ONE_CONTACT,5,48,1,25,4,24236,1,25,0,0,0,0,TRUST_RESTORED,24,25
S8-3439,PROFILE_1024_87,P3_CONTACT_AWARE_STAGED,R4_CLUSTERED_MEDIUM,A3_STALE_EPOCH_REPLAY_AT_COMMIT,0,12,0,,2,14982,0,12,0,0,0,0,CONTACT_BUDGET_EXHAUSTED,1,
S8-3440,PROFILE_1024_87,P3_CONTACT_AWARE_STAGED,R4_CLUSTERED_MEDIUM,A3_STALE_EPOCH_REPLAY_AT_COMMIT,0,24,1,14,4,24236,2,13,0,0,0,0,TRUST_RESTORED,1,13
S8-3441,PROFILE_1024_87,P3_CONTACT_AWARE_STAGED,R4_CLUSTERED_MEDIUM,A3_STALE_EPOCH_REPLAY_AT_COMMIT,0,48,1,14,4,24236,2,13,0,0,0,0,TRUST_RESTORED,1,13
S8-3442,PROFILE_1024_87,P3_CONTACT_AWARE_STAGED,R4_CLUSTERED_MEDIUM,A3_STALE_EPOCH_REPLAY_AT_COMMIT,1,12,0,,1,8192,0,12,0,0,0,0,INSUFFICIENT_MATERIAL_TRANSFER,,
S8-3443,PROFILE_1024_87,P3_CONTACT_AWARE_STAGED,R4_CLUSTERED_MEDIUM,A3_STALE_EPOCH_REPLAY_AT_COMMIT,1,24,0,,3,14982,1,24,0,0,0,0,CONTACT_BUDGET_EXHAUSTED,12,
S8-3444,PROFILE_1024_87,P3_CONTACT_AWARE_STAGED,R4_CLUSTERED_MEDIUM,A3_STALE_EPOCH_REPLAY_AT_COMMIT,1,48,1,28,4,24236,2,13,0,0,0,0,TRUST_RESTORED,12,13
S8-3445,PROFILE_1024_87,P3_CONTACT_AWARE_STAGED,R4_CLUSTERED_MEDIUM,A3_STALE_EPOCH_REPLAY_AT_COMMIT,2,12,0,,1,8192,0,12,0,0,0,0,INSUFFICIENT_MATERIAL_TRANSFER,,
S8-3446,PROFILE_1024_87,P3_CONTACT_AWARE_STAGED,R4_CLUSTERED_MEDIUM,A3_STALE_EPOCH_REPLAY_AT_COMMIT,2,24,0,,2,14982,0,24,0,0,0,0,CONTACT_BUDGET_EXHAUSTED,12,
S8-3447,PROFILE_1024_87,P3_CONTACT_AWARE_STAGED,R4_CLUSTERED_MEDIUM,A3_STALE_EPOCH_REPLAY_AT_COMMIT,2,48,1,28,4,24236,2,27,0,0,0,0,TRUST_RESTORED,12,27
S8-3448,PROFILE_1024_87,P3_CONTACT_AWARE_STAGED,R4_CLUSTERED_MEDIUM,A3_STALE_EPOCH_REPLAY_AT_COMMIT,3,12,0,,2,14982,0,12,0,0,0,0,CONTACT_BUDGET_EXHAUSTED,11,
S8-3449,PROFILE_1024_87,P3_CONTACT_AWARE_STAGED,R4_CLUSTERED_MEDIUM,A3_STALE_EPOCH_REPLAY_AT_COMMIT,3,24,0,,2,14982,0,24,0,0,0,0,CONTACT_BUDGET_EXHAUSTED,11,
S8-3450,PROFILE_1024_87,P3_CONTACT_AWARE_STAGED,R4_CLUSTERED_MEDIUM,A3_STALE_EPOCH_REPLAY_AT_COMMIT,3,48,1,27,4,24236,2,26,0,0,0,0,TRUST_RESTORED,11,26
S8-3451,PROFILE_1024_87,P3_CONTACT_AWARE_STAGED,R4_CLUSTERED_MEDIUM,A3_STALE_EPOCH_REPLAY_AT_COMMIT,4,12,0,,2,14982,0,12,0,0,0,0,CONTACT_BUDGET_EXHAUSTED,10,
S8-3452,PROFILE_1024_87,P3_CONTACT_AWARE_STAGED,R4_CLUSTERED_MEDIUM,A3_STALE_EPOCH_REPLAY_AT_COMMIT,4,24,0,,2,14982,0,24,0,0,0,0,CONTACT_BUDGET_EXHAUSTED,10,
S8-3453,PROFILE_1024_87,P3_CONTACT_AWARE_STAGED,R4_CLUSTERED_MEDIUM,A3_STALE_EPOCH_REPLAY_AT_COMMIT,4,48,1,26,4,24236,2,25,0,0,0,0,TRUST_RESTORED,10,25
S8-3454,PROFILE_1024_87,P3_CONTACT_AWARE_STAGED,R4_CLUSTERED_MEDIUM,A3_STALE_EPOCH_REPLAY_AT_COMMIT,5,12,0,,2,14982,0,12,0,0,0,0,CONTACT_BUDGET_EXHAUSTED,9,
S8-3455,PROFILE_1024_87,P3_CONTACT_AWARE_STAGED,R4_CLUSTERED_MEDIUM,A3_STALE_EPOCH_REPLAY_AT_COMMIT,5,24,0,,2,14982,0,24,0,0,0,0,CONTACT_BUDGET_EXHAUSTED,9,
S8-3456,PROFILE_1024_87,P3_CONTACT_AWARE_STAGED,R4_CLUSTERED_MEDIUM,A3_STALE_EPOCH_REPLAY_AT_COMMIT,5,48,1,25,4,24236,2,24,0,0,0,0,TRUST_RESTORED,9,24
