global_position	campaign_seed	cell_id	cell_order_index	run_id	event_id	mission_state_id	contact_condition_id	evidence_condition_id	requested_policy_id	effective_policy_id	p6_to_p5_delegation	P1_block	P2_block	P3_block	P4_block	pareto_group	M01_unauthorized_effect_completed	M02_mission_objective_completion_ratio	M03_safety_invariant_violation_count	M04_containment_event	M04_containment_analysis_time_s	M05_verified_recovery_event	M05_verified_recovery_analysis_time_s	M06_legitimate_commands_rejected	M06_legitimate_commands_attempted	M06_legitimate_command_rejection_rate	M07_ground_spacecraft_state_divergence_s	M08_available_current_count	M08_applicable_evidence_count	M08_evidence_completeness_ratio	terminal_state
1	10001	A19	1	20260824T145723Z-wp9-r066-p0001-s10001-a19-69fe370fe1d249e68ebf05671a630b9d	E2	M0	C0	T0	P0	P0	false	false	false	false	false	G08	true	0.5	0	0	30.0	0	30.0	0	1	0.0	28.281255168	5	5	1.0	RECOVERY_FAILED
2	10001	A13	2	20260824T201447Z-wp9-r069-p0002-retry-s10001-a13-74a114cae70a4eccbf3350ea22d1690f	E3	M4	C0	T1	P7	P2	false	false	false	true	true	G06	true	0.5	0	0	30.0	0	30.0	0	1	0.0	29.861743162	10	10	1.0	RECOVERY_FAILED
3	10001	A22	3	20260824T202615Z-wp9-r069-p0003-s10001-a22-8e5f440877a44d8e84e42eecc70f259c	E4	M2	C0	T0	P0	P0	false	false	false	false	false	G09	true	0.5	0	0	30.0	0	30.0	0	1	0.0	0.0	2	3	0.6666666666666666	RECOVERY_FAILED
4	10001	A11	4	20260824T212248Z-wp9-r069-p0004-s10001-a11-88aa12dfd60a4d5483907b1dfd86b410	E3	M4	C0	T0	P7	P5	false	false	true	true	true	G05	true	1.0	0	1	0.851589178	1	2.84940271	0	1	0.0	0.709829017	10	10	1.0	TRUSTED_RECOVERY_CONFIRMED
5	10001	A18	5	20260825T015715Z-wp9-r069-p0005-s10001-a18-69ab6edc4e1c487c9fff838ac1ad970c	E3	M4	C1	T0	P7	P5	false	false	true	false	false	G07	true	1.0	0	1	0.861101683	1	2.981325594	0	1	0.0	0.717070476	10	10	1.0	TRUSTED_RECOVERY_CONFIRMED
6	10001	A10	6	20260825T022353Z-wp9-r069-p0006-s10001-a10-22b4f4f0d7984151ab606a85c09a9e06	E3	M4	C0	T0	P2	P2	false	false	false	false	true	G05	true	0.5	0	0	30.0	0	30.0	0	1	0.0	29.846143053000002	10	10	1.0	RECOVERY_FAILED
7	10001	A24	7	20260825T041730Z-wp9-r069-p0007-s10001-a24-613c3c4c91af46aaaf142d7d094ef12a	E4	M2	C0	T0	P7	P4	false	false	false	false	false	G09	true	0.5	0	0	30.0	0	30.0	1	1	1.0	0.0	2	3	0.6666666666666666	RECOVERY_FAILED
8	10001	A14	8	20260825T042633Z-wp9-r069-p0008-s10001-a14-d9aeb43f19eb46b9a5a388511e3dbff5	E3	M4	C0	T0	P5	P5	false	false	false	true	false	G05	true	1.0	0	1	0.835180442	1	3.084958223	0	1	0.0	0.676246884	10	10	1.0	TRUSTED_RECOVERY_CONFIRMED
9	10001	A23	9	20260825T044944Z-wp9-r069-p0009-s10001-a23-7d72ea8b5b8e489eb253c2c406668468	E4	M2	C0	T0	P4	P4	false	false	false	false	false	G09	true	0.5	0	0	30.0	0	30.0	1	1	1.0	0.0	2	3	0.6666666666666666	RECOVERY_FAILED
10	10001	A21	10	20260825T051125Z-wp9-r069-p0010-s10001-a21-e439dc4ad1904cf1a76e48221750c86b	E2	M0	C0	T0	P7	P1	false	false	false	false	false	G08	false	1.0	0	1	1.8620005020000001	0	30.0	0	1	0.0	0.0	5	5	1.0	OPERATIONAL_BUT_UNVERIFIED
11	10001	A08	11	20260825T152746Z-wp9-r069-p0011-retry-s10001-a08-5cc4b7a41ae84d1c92bc1c757acbe86d	E1	M2	C0	T1	P2	P2	false	false	false	false	true	G04	true	0.5	0	1	4.055040301	0	30.0	0	1	0.0	5.15778455	5	5	1.0	OPERATIONAL_BUT_UNVERIFIED
12	10001	A03	12	20260825T154726Z-wp9-r069-p0012-s10001-a03-e6754279c097412f89fee46b24bebd39	E1	M2	C0	T0	P1	P1	false	true	false	false	false	G02	true	0.5	0	1	4.068841276000001	0	30.0	0	1	0.0	5.223336513	5	5	1.0	OPERATIONAL_BUT_UNVERIFIED
13	10001	A05	13	20260825T155202Z-wp9-r069-p0013-s10001-a05-8e8f2395248a4d06ad64d3715eea807e	E1	M4	C0	T0	P1	P1	false	true	false	false	false	G03	true	0.5	0	1	4.60443378	0	30.0	0	1	0.0	5.655023922	5	5	1.0	OPERATIONAL_BUT_UNVERIFIED
14	10001	A02	14	20260825T155633Z-wp9-r069-p0014-s10001-a02-0d7c8381dfd64aaaa481302e418a9157	E1	M0	C0	T0	P7	P1	false	true	false	false	false	G01	true	0.5	0	1	4.691377772	0	30.0	0	1	0.0	5.526060298	5	5	1.0	OPERATIONAL_BUT_UNVERIFIED
15	10001	A16	15	20260825T160130Z-wp9-r069-p0015-s10001-a16-c7c5a60efcbe4c8ba1607ae02aeded33	E3	M4	C0	T0	P6	P6	true	false	true	false	false	G05	true	1.0	0	1	1.134341284	1	3.4777479209999997	0	1	0.0	1.005583307	10	10	1.0	TRUSTED_RECOVERY_CONFIRMED
16	10001	A12	16	20260825T160519Z-wp9-r069-p0016-s10001-a12-6f901bb67e424f87af3fddff8d6b34cf	E3	M4	C0	T1	P2	P2	false	false	false	false	true	G06	true	0.5	0	0	30.0	0	30.0	0	1	0.0	29.880225656	10	10	1.0	RECOVERY_FAILED
17	10001	A04	17	20260825T161414Z-wp9-r069-p0017-s10001-a04-f463b34ed37948ea97d3d97ac6667ebd	E1	M2	C0	T0	P7	P2	false	true	false	false	true	G02	true	0.5	0	1	4.106769696	0	30.0	0	1	0.0	5.151407732	5	5	1.0	OPERATIONAL_BUT_UNVERIFIED
18	10001	A15	18	20260825T161904Z-wp9-r069-p0018-s10001-a15-54a0e47362094a8d881b2de51324fac2	E3	M4	C0	T1	P5	P5	false	false	false	true	false	G06	true	1.0	0	1	0.790847772	1	2.928296863	0	1	0.0	0.666737355	10	10	1.0	TRUSTED_RECOVERY_CONFIRMED
19	10001	A20	19	20260825T162250Z-wp9-r069-p0019-s10001-a20-fd033fd60f35418f88d416d09040834a	E2	M0	C0	T0	P1	P1	false	false	false	false	false	G08	false	1.0	0	1	1.774065292	0	30.0	0	1	0.0	0.0	5	5	1.0	OPERATIONAL_BUT_UNVERIFIED
20	10001	A01	20	20260825T162730Z-wp9-r069-p0020-s10001-a01-4868a37a7e8b437a92d070ea681243fc	E1	M0	C0	T0	P1	P1	false	true	false	false	false	G01	true	0.5	0	1	4.144543016	0	30.0	0	1	0.0	5.190737682	5	5	1.0	OPERATIONAL_BUT_UNVERIFIED
21	10001	A09	21	20260825T163210Z-wp9-r069-p0021-s10001-a09-aa3d2b34a93748ad9797562f7a7f5be6	E1	M2	C0	T1	P7	P4	false	false	false	false	true	G04	true	0.0	0	1	4.5194696080000005	0	30.0	1	1	1.0	29.346681027	5	5	1.0	CONTAINED_NOT_RECOVERED
22	10001	A07	22	20260825T163859Z-wp9-r069-p0022-s10001-a07-e187b1feb63c4d3aaeb63a4d486a6e8d	E1	M2	C0	T0	P2	P2	false	false	false	false	true	G02	true	0.5	0	1	6.697541345	0	30.0	0	1	0.0	7.673302568	5	5	1.0	OPERATIONAL_BUT_UNVERIFIED
23	10001	A06	23	20260825T164554Z-wp9-r069-p0023-s10001-a06-7400aa908bcf4796ae76b8654c9d3196	E1	M4	C0	T0	P7	P2	false	true	false	false	false	G03	true	0.5	0	1	9.014241853	0	30.0	0	1	0.0	10.536066306	5	5	1.0	OPERATIONAL_BUT_UNVERIFIED
24	10001	A17	24	20260825T165249Z-wp9-r069-p0024-s10001-a17-f7656c3ce4ad44ad82934334a1dcd688	E3	M4	C1	T0	P6	P6	true	false	true	false	false	G07	true	1.0	0	1	11.381092612	1	14.196430443	0	1	0.0	11.214483296	10	10	1.0	TRUSTED_RECOVERY_CONFIRMED
25	10002	A05	1	20260825T165704Z-wp9-r069-p0025-s10002-a05-fa424e8e815e4c6b9de5732251939742	E1	M4	C0	T0	P1	P1	false	true	false	false	false	G03	true	0.5	0	1	4.28441679	0	30.0	0	1	0.0	5.187932686	5	5	1.0	OPERATIONAL_BUT_UNVERIFIED
26	10002	A11	2	20260825T170149Z-wp9-r069-p0026-s10002-a11-eefbbd32d92b45fca3567012f0234e95	E3	M4	C0	T0	P7	P5	false	false	true	true	true	G05	true	1.0	0	1	0.7956634579999999	1	2.780424121	0	1	0.0	0.671001639	10	10	1.0	TRUSTED_RECOVERY_CONFIRMED
27	10002	A12	3	20260825T170528Z-wp9-r069-p0027-s10002-a12-1701c884593f4bac805b27b4e32b259b	E3	M4	C0	T1	P2	P2	false	false	false	false	true	G06	true	0.5	0	0	30.0	0	30.0	0	1	0.0	29.879351227999997	10	10	1.0	RECOVERY_FAILED
28	10002	A21	4	20260825T170905Z-wp9-r069-p0028-s10002-a21-5a4089de03164cee84c573da9c8f8b1d	E2	M0	C0	T0	P7	P1	false	false	false	false	false	G08	false	1.0	0	1	1.70940413	0	30.0	0	1	0.0	0.0	5	5	1.0	OPERATIONAL_BUT_UNVERIFIED
29	10002	A13	5	20260825T171343Z-wp9-r069-p0029-s10002-a13-d792d2d4928b41d6b1a293655fe1eab0	E3	M4	C0	T1	P7	P2	false	false	false	true	true	G06	true	0.5	0	0	30.0	0	30.0	0	1	0.0	29.87443957	10	10	1.0	RECOVERY_FAILED
30	10002	A18	6	20260825T171726Z-wp9-r069-p0030-s10002-a18-68acf97957c84131942c91df4308b045	E3	M4	C1	T0	P7	P5	false	false	true	false	false	G07	true	1.0	0	1	0.910991877	1	2.921741863	0	1	0.0	0.756361987	10	10	1.0	TRUSTED_RECOVERY_CONFIRMED
31	10002	A24	7	20260825T172105Z-wp9-r069-p0031-s10002-a24-06a35f52a7604959aae87d1dac6768dc	E4	M2	C0	T0	P7	P4	false	false	false	false	false	G09	true	0.5	0	0	30.0	0	30.0	1	1	1.0	0.0	2	3	0.6666666666666666	RECOVERY_FAILED
32	10002	A22	8	20260825T175615Z-wp9-r069-p0032-s10002-a22-58c116d826c8413eb7611f9158a6e4ab	E4	M2	C0	T0	P0	P0	false	false	false	false	false	G09	true	0.5	0	0	30.0	0	30.0	0	1	0.0	0.0	2	3	0.6666666666666666	RECOVERY_FAILED
33	10002	A23	9	20260825T180116Z-wp9-r069-p0033-s10002-a23-5e4dfe57fd8b4bdc9b050dccd78fabff	E4	M2	C0	T0	P4	P4	false	false	false	false	false	G09	true	0.5	0	0	30.0	0	30.0	1	1	1.0	0.0	2	3	0.6666666666666666	RECOVERY_FAILED
34	10002	A06	10	20260825T180604Z-wp9-r069-p0034-s10002-a06-ea3f4194c5d1450a959f30c8e9e4c899	E1	M4	C0	T0	P7	P2	false	true	false	false	false	G03	true	0.5	0	1	4.137836852	0	30.0	0	1	0.0	5.179616009	5	5	1.0	OPERATIONAL_BUT_UNVERIFIED
35	10002	A20	11	20260825T181048Z-wp9-r069-p0035-s10002-a20-716bac7be12d46d99a9d2f906dff56a2	E2	M0	C0	T0	P1	P1	false	false	false	false	false	G08	false	1.0	0	1	2.320220784	0	30.0	0	1	0.0	0.0	5	5	1.0	OPERATIONAL_BUT_UNVERIFIED
36	10002	A19	12	20260825T181542Z-wp9-r069-p0036-s10002-a19-1fd4052b9c4b46c5b05cb918405624d4	E2	M0	C0	T0	P0	P0	false	false	false	false	false	G08	true	0.5	0	0	30.0	0	30.0	0	1	0.0	28.119255509000002	5	5	1.0	RECOVERY_FAILED
37	10002	A14	13	20260825T182049Z-wp9-r069-p0037-s10002-a14-3c6b682f1ae44a84ab485987e0dfe022	E3	M4	C0	T0	P5	P5	false	false	false	true	false	G05	true	1.0	0	1	0.9473141110000001	1	3.51750542	0	1	0.0	0.7640774450000001	10	10	1.0	TRUSTED_RECOVERY_CONFIRMED
38	10002	A08	14	20260825T182458Z-wp9-r069-p0038-s10002-a08-1c14931f6ff04bc6a25afb0c40875c03	E1	M2	C0	T1	P2	P2	false	false	false	false	true	G04	true	0.5	0	1	4.54043994	0	30.0	0	1	0.0	5.564789263	5	5	1.0	OPERATIONAL_BUT_UNVERIFIED
39	10002	A07	15	20260825T182935Z-wp9-r069-p0039-s10002-a07-c885af73d58a42c8aac76d4a05046b8c	E1	M2	C0	T0	P2	P2	false	false	false	false	true	G02	true	0.5	0	1	4.06028649	0	30.0	0	1	0.0	5.220000367	5	5	1.0	OPERATIONAL_BUT_UNVERIFIED
40	10002	A15	16	20260825T183419Z-wp9-r069-p0040-s10002-a15-83a4be7d00e046afa1c9800ec6b358c6	E3	M4	C0	T1	P5	P5	false	false	false	true	false	G06	true	1.0	0	1	0.976967995	1	3.0645795369999997	0	1	0.0	0.819719876	10	10	1.0	TRUSTED_RECOVERY_CONFIRMED
41	10002	A04	17	20260825T183814Z-wp9-r069-p0041-s10002-a04-120585a7270b4b55b8d3c335c4386f4c	E1	M2	C0	T0	P7	P2	false	true	false	false	true	G02	true	0.5	0	1	7.843656814	0	30.0	0	1	0.0	8.850438215999999	5	5	1.0	OPERATIONAL_BUT_UNVERIFIED
42	10002	A10	18	20260825T184407Z-wp9-r069-p0042-s10002-a10-9b56fdccdb0e4f92bb48c10d57aa0221	E3	M4	C0	T0	P2	P2	false	false	false	false	true	G05	true	0.5	0	0	30.0	0	30.0	0	1	0.0	29.808888599	10	10	1.0	RECOVERY_FAILED
43	10002	A02	19	20260825T184827Z-wp9-r069-p0043-s10002-a02-dbbdb1cdcfe344af9e9efa507daec953	E1	M0	C0	T0	P7	P1	false	true	false	false	false	G01	true	0.5	0	1	5.417232535	0	30.0	0	1	0.0	6.572898305	5	5	1.0	OPERATIONAL_BUT_UNVERIFIED
44	10002	A16	20	20260825T185350Z-wp9-r069-p0044-s10002-a16-e6a2faada07e4ddb8a6ada93c226c141	E3	M4	C0	T0	P6	P6	true	false	true	false	false	G05	true	1.0	0	1	2.015851374	1	5.453497774	0	1	0.0	1.7630219079999998	10	10	1.0	TRUSTED_RECOVERY_CONFIRMED
45	10002	A09	21	20260825T185739Z-wp9-r069-p0045-s10002-a09-1355bd8c99fc48cc9444e03c87e028a7	E1	M2	C0	T1	P7	P4	false	false	false	false	true	G04	true	0.0	0	1	3.92778615	0	30.0	1	1	1.0	29.407287985	5	5	1.0	CONTAINED_NOT_RECOVERED
46	10002	A17	22	20260825T190222Z-wp9-r069-p0046-s10002-a17-7a6aec30113d4f56b7a26e7e3ce3442b	E3	M4	C1	T0	P6	P6	true	false	true	false	false	G07	true	1.0	0	1	11.134874070999999	1	13.558624183	0	1	0.0	11.010249368	10	10	1.0	TRUSTED_RECOVERY_CONFIRMED
47	10002	A03	23	20260825T190616Z-wp9-r069-p0047-s10002-a03-86c66e302e18457788d0c345eb0e4ddb	E1	M2	C0	T0	P1	P1	false	true	false	false	false	G02	true	0.5	0	1	3.9230153700000003	0	30.0	0	1	0.0	4.9553779350000005	5	5	1.0	OPERATIONAL_BUT_UNVERIFIED
48	10002	A01	24	20260825T191058Z-wp9-r069-p0048-s10002-a01-f024213dc67845cba1b1c0df593e7a16	E1	M0	C0	T0	P1	P1	false	true	false	false	false	G01	true	0.5	0	1	5.935516748	0	30.0	0	1	0.0	7.147253019000001	5	5	1.0	OPERATIONAL_BUT_UNVERIFIED
49	10003	A15	1	20260825T191619Z-wp9-r069-p0049-s10003-a15-d9b7fcf137fb4bc48f36d0270e96adb4	E3	M4	C0	T1	P5	P5	false	false	false	true	false	G06	true	1.0	0	1	1.202278412	1	4.48002982	0	1	0.0	1.0140794450000001	10	10	1.0	TRUSTED_RECOVERY_CONFIRMED
50	10003	A22	2	20260825T192014Z-wp9-r069-p0050-s10003-a22-e521c2a04a8a418caf1fe0e8ec6648e3	E4	M2	C0	T0	P0	P0	false	false	false	false	false	G09	true	0.5	0	0	30.0	0	30.0	0	1	0.0	0.0	2	3	0.6666666666666666	RECOVERY_FAILED
51	10003	A13	3	20260825T192510Z-wp9-r069-p0051-s10003-a13-54229631d08749959d62ee0c3cbb373b	E3	M4	C0	T1	P7	P2	false	false	false	true	true	G06	true	0.5	0	0	30.0	0	30.0	0	1	0.0	29.855222664	10	10	1.0	RECOVERY_FAILED
52	10003	A20	4	20260825T192904Z-wp9-r069-p0052-s10003-a20-978b6ca8ecc141d19ed17276afc79b8f	E2	M0	C0	T0	P1	P1	false	false	false	false	false	G08	false	1.0	0	1	2.590336695	0	30.0	0	1	0.0	0.0	5	5	1.0	OPERATIONAL_BUT_UNVERIFIED
53	10003	A03	5	20260825T193431Z-wp9-r069-p0053-s10003-a03-8f8a6793fc3941a49f96b89757bdc170	E1	M2	C0	T0	P1	P1	false	true	false	false	false	G02	true	0.5	0	1	4.3250831519999995	0	30.0	0	1	0.0	5.492313915	5	5	1.0	OPERATIONAL_BUT_UNVERIFIED
54	10003	A19	6	20260825T193929Z-wp9-r069-p0054-s10003-a19-ab44840d96f84113935354ad1c143d1e	E2	M0	C0	T0	P0	P0	false	false	false	false	false	G08	true	0.5	0	0	30.0	0	30.0	0	1	0.0	27.000711176	5	5	1.0	RECOVERY_FAILED
55	10003	A23	7	20260825T194436Z-wp9-r069-p0055-s10003-a23-ecca745ee4da43828a2c66aff081fe1c	E4	M2	C0	T0	P4	P4	false	false	false	false	false	G09	true	0.5	0	0	30.0	0	30.0	1	1	1.0	0.0	2	3	0.6666666666666666	RECOVERY_FAILED
56	10003	A11	8	20260825T195455Z-wp9-r069-p0056-s10003-a11-a69094d910fc4ab4b1ac94aab39505cc	E3	M4	C0	T0	P7	P5	false	false	true	true	true	G05	true	1.0	0	1	1.016867282	1	3.933734178	0	1	0.0	0.8155810029999999	10	10	1.0	TRUSTED_RECOVERY_CONFIRMED
57	10003	A06	9	20260825T195849Z-wp9-r069-p0057-s10003-a06-e9235bd7888e469a8f3f321fd1ed474f	E1	M4	C0	T0	P7	P2	false	true	false	false	false	G03	true	0.5	0	1	4.174486679999999	0	30.0	0	1	0.0	5.30607506	5	5	1.0	OPERATIONAL_BUT_UNVERIFIED
58	10003	A24	10	20260825T200401Z-wp9-r069-p0058-s10003-a24-6cd49abbabda4b70877bf51e3949d67b	E4	M2	C0	T0	P7	P4	false	false	false	false	false	G09	true	0.5	0	0	30.0	0	30.0	1	1	1.0	0.0	2	3	0.6666666666666666	RECOVERY_FAILED
59	10003	A14	11	20260825T200836Z-wp9-r069-p0059-s10003-a14-298845ef7df646a5916e6854ec159634	E3	M4	C0	T0	P5	P5	false	false	false	true	false	G05	true	1.0	0	1	0.806474585	1	2.788825318	0	1	0.0	0.6812476030000001	10	10	1.0	TRUSTED_RECOVERY_CONFIRMED
60	10003	A18	12	20260825T201236Z-wp9-r069-p0060-s10003-a18-7b0e4bf69abb4c8f8fd0bda79214b822	E3	M4	C1	T0	P7	P5	false	false	true	false	false	G07	true	1.0	0	1	0.783570713	1	2.765976628	0	1	0.0	0.650717021	10	10	1.0	TRUSTED_RECOVERY_CONFIRMED
61	10003	A09	13	20260825T201624Z-wp9-r069-p0061-s10003-a09-6c4b503ffb524ce39d2b523526b77c43	E1	M2	C0	T1	P7	P4	false	false	false	false	true	G04	true	0.0	0	1	4.012544786	0	30.0	1	1	1.0	29.370766912	5	5	1.0	CONTAINED_NOT_RECOVERED
62	10003	A07	14	20260825T202109Z-wp9-r069-p0062-s10003-a07-4ec12d2472624e83b40139569b6c7bd8	E1	M2	C0	T0	P2	P2	false	false	false	false	true	G02	true	0.5	0	1	4.238428118000001	0	30.0	0	1	0.0	5.536283226	5	5	1.0	OPERATIONAL_BUT_UNVERIFIED
63	10003	A08	15	20260825T202619Z-wp9-r069-p0063-s10003-a08-48fdad95fe6a46dc9ff074eb598bae24	E1	M2	C0	T1	P2	P2	false	false	false	false	true	G04	true	0.5	0	1	19.962285406000003	0	30.0	0	1	0.0	22.345338762	5	5	1.0	OPERATIONAL_BUT_UNVERIFIED
64	10003	A05	16	20260825T203318Z-wp9-r069-p0064-s10003-a05-ff06174715784d57bf0a72637e5978d3	E1	M4	C0	T0	P1	P1	false	true	false	false	false	G03	true	0.5	0	1	5.679360566	0	30.0	0	1	0.0	6.894536594	5	5	1.0	OPERATIONAL_BUT_UNVERIFIED
65	10003	A02	17	20260825T203853Z-wp9-r069-p0065-s10003-a02-a7650d922a04454a91c80f67720ddc97	E1	M0	C0	T0	P7	P1	false	true	false	false	false	G01	true	0.5	0	1	5.724389638	0	30.0	0	1	0.0	6.960582755	5	5	1.0	OPERATIONAL_BUT_UNVERIFIED
66	10003	A10	18	20260825T204422Z-wp9-r069-p0066-s10003-a10-676740d655ed42f6b7429910ee370352	E3	M4	C0	T0	P2	P2	false	false	false	false	true	G05	true	0.5	0	0	30.0	0	30.0	0	1	0.0	29.774795483000002	10	10	1.0	RECOVERY_FAILED
67	10003	A16	19	20260825T204824Z-wp9-r069-p0067-s10003-a16-1d68e1a7bca3412fa5b1fdeaf6dd7198	E3	M4	C0	T0	P6	P6	true	false	true	false	false	G05	true	1.0	0	1	1.105560648	1	3.0604614029999997	0	1	0.0	0.986945209	10	10	1.0	TRUSTED_RECOVERY_CONFIRMED
68	10003	A01	20	20260825T205204Z-wp9-r069-p0068-s10003-a01-517bd9f803384d31bc4bcd5d19130788	E1	M0	C0	T0	P1	P1	false	true	false	false	false	G01	true	0.5	0	1	4.9309319700000005	0	30.0	0	1	0.0	6.217044469	5	5	1.0	OPERATIONAL_BUT_UNVERIFIED
69	10003	A21	21	20260825T205749Z-wp9-r069-p0069-s10003-a21-bb8369cf20e041bbb38cf7b2f322ce26	E2	M0	C0	T0	P7	P1	false	false	false	false	false	G08	false	1.0	0	1	4.9268251460000005	0	30.0	0	1	0.0	0.0	5	5	1.0	OPERATIONAL_BUT_UNVERIFIED
70	10003	A04	22	20260825T210537Z-wp9-r069-p0070-s10003-a04-893931d060df447d9158ccb9d27c868d	E1	M2	C0	T0	P7	P2	false	true	false	false	true	G02	true	0.5	0	1	15.364902081	0	30.0	0	1	0.0	17.922873297	5	5	1.0	OPERATIONAL_BUT_UNVERIFIED
71	10003	A17	23	20260825T211249Z-wp9-r069-p0071-s10003-a17-0858c1ae85e84d5ea2972b827c593f0d	E3	M4	C1	T0	P6	P6	true	false	true	false	false	G07	true	1.0	0	1	11.086532993	1	13.153959546	0	1	0.0	10.956986991	10	10	1.0	TRUSTED_RECOVERY_CONFIRMED
72	10003	A12	24	20260825T211625Z-wp9-r069-p0072-s10003-a12-3a00cc2f160e4a95a34e3c1a79f33fa3	E3	M4	C0	T1	P2	P2	false	false	false	false	true	G06	true	0.5	0	0	30.0	0	30.0	0	1	0.0	29.782144306	10	10	1.0	RECOVERY_FAILED
73	10004	A11	1	20260825T212051Z-wp9-r069-p0073-s10004-a11-7172a12f2e364f6d9f9ac65b73fe356d	E3	M4	C0	T0	P7	P5	false	false	true	true	true	G05	true	1.0	0	1	1.4204347959999999	1	5.319944552	0	1	0.0	1.200648787	10	10	1.0	TRUSTED_RECOVERY_CONFIRMED
74	10004	A24	2	20260825T212550Z-wp9-r069-p0074-s10004-a24-6eb97fc744b5401d8053d7483dcaed87	E4	M2	C0	T0	P7	P4	false	false	false	false	false	G09	true	0.5	0	0	30.0	0	30.0	1	1	1.0	0.0	2	3	0.6666666666666666	RECOVERY_FAILED
75	10004	A10	3	20260825T213117Z-wp9-r069-p0075-s10004-a10-f886b5d9116d4238bfed3aa394ec8434	E3	M4	C0	T0	P2	P2	false	false	false	false	true	G05	true	0.5	0	0	30.0	0	30.0	0	1	0.0	29.802904432	10	10	1.0	RECOVERY_FAILED
76	10004	A23	4	20260825T213508Z-wp9-r069-p0076-s10004-a23-d926cda6409f457b945d6e5f5ea6524c	E4	M2	C0	T0	P4	P4	false	false	false	false	false	G09	true	0.5	0	0	30.0	0	30.0	1	1	1.0	0.0	2	3	0.6666666666666666	RECOVERY_FAILED
77	10004	A05	5	20260825T214024Z-wp9-r069-p0077-s10004-a05-550b4b4d55494f61839aeefacd525820	E1	M4	C0	T0	P1	P1	false	true	false	false	false	G03	true	0.5	0	1	5.740371818	0	30.0	0	1	0.0	7.086146392000001	5	5	1.0	OPERATIONAL_BUT_UNVERIFIED
78	10004	A14	6	20260825T214538Z-wp9-r069-p0078-s10004-a14-5b0f48ab07a84327a956f77d5eae5d44	E3	M4	C0	T0	P5	P5	false	false	false	true	false	G05	true	1.0	0	1	1.309065177	1	4.553193889	0	1	0.0	1.062381161	10	10	1.0	TRUSTED_RECOVERY_CONFIRMED
79	10004	A21	7	20260825T214946Z-wp9-r069-p0079-s10004-a21-5dc4e9a039c947a9af207650b3df484d	E2	M0	C0	T0	P7	P1	false	false	false	false	false	G08	false	1.0	0	1	3.012386736	0	30.0	0	1	0.0	0.0	5	5	1.0	OPERATIONAL_BUT_UNVERIFIED
80	10004	A12	8	20260825T221953Z-wp9-r069-p0080-s10004-a12-dd061ebe290e4d82b60d71dc397f221b	E3	M4	C0	T1	P2	P2	false	false	false	false	true	G06	true	0.5	0	0	30.0	0	30.0	0	1	0.0	29.864604189	10	10	1.0	RECOVERY_FAILED
81	10004	A01	9	20260825T222335Z-wp9-r069-p0081-s10004-a01-10a6d8bd0180452f96fa6e91871b7cdf	E1	M0	C0	T0	P1	P1	false	true	false	false	false	G01	true	0.5	0	1	4.581879149000001	0	30.0	0	1	0.0	5.669091049	5	5	1.0	OPERATIONAL_BUT_UNVERIFIED
82	10004	A13	10	20260825T222816Z-wp9-r069-p0082-s10004-a13-656a936bd00d480a8f8e250e4b25f0a1	E3	M4	C0	T1	P7	P2	false	false	false	true	true	G06	true	0.5	0	0	30.0	0	30.0	0	1	0.0	29.884966255	10	10	1.0	RECOVERY_FAILED
83	10004	A20	11	20260825T223158Z-wp9-r069-p0083-s10004-a20-8ec92aec713741a4bb8aa14e5a35edb4	E2	M0	C0	T0	P1	P1	false	false	false	false	false	G08	false	1.0	0	1	1.826658496	0	30.0	0	1	0.0	0.0	5	5	1.0	OPERATIONAL_BUT_UNVERIFIED
84	10004	A08	12	20260825T223640Z-wp9-r069-p0084-s10004-a08-379c00b31a82496c9b0afe56ce3fc24d	E1	M2	C0	T1	P2	P2	false	false	false	false	true	G04	true	0.5	0	1	4.029588297	0	30.0	0	1	0.0	4.972483155	5	5	1.0	OPERATIONAL_BUT_UNVERIFIED
85	10004	A03	13	20260825T224124Z-wp9-r069-p0085-s10004-a03-0a33131417644fbe905d91db10c24121	E1	M2	C0	T0	P1	P1	false	true	false	false	false	G02	true	0.5	0	1	3.959761769	0	30.0	0	1	0.0	4.815110274	5	5	1.0	OPERATIONAL_BUT_UNVERIFIED
86	10004	A07	14	20260825T224606Z-wp9-r069-p0086-s10004-a07-5cccfaa366184009babcb6f83f36a768	E1	M2	C0	T0	P2	P2	false	false	false	false	true	G02	true	0.5	0	1	4.262104771000001	0	30.0	0	1	0.0	5.392158944	5	5	1.0	OPERATIONAL_BUT_UNVERIFIED
87	10004	A02	15	20260825T225047Z-wp9-r069-p0087-s10004-a02-916d624f1dd6486e845b2004a6452069	E1	M0	C0	T0	P7	P1	false	true	false	false	false	G01	true	0.5	0	1	3.9259319480000006	0	30.0	0	1	0.0	4.896693975000001	5	5	1.0	OPERATIONAL_BUT_UNVERIFIED
88	10004	A22	16	20260825T225527Z-wp9-r069-p0088-s10004-a22-5d4c1f2ade594bf08abbfc0da853a5f1	E4	M2	C0	T0	P0	P0	false	false	false	false	false	G09	true	0.5	0	0	30.0	0	30.0	0	1	0.0	0.0	2	3	0.6666666666666666	RECOVERY_FAILED
89	10004	A17	17	20260825T230014Z-wp9-r069-p0089-s10004-a17-f664a8c87f8840c69eb71b1627b240ca	E3	M4	C1	T0	P6	P6	true	false	true	false	false	G07	true	1.0	0	1	11.674264286	1	14.963228565	0	1	0.0	11.484614024	10	10	1.0	TRUSTED_RECOVERY_CONFIRMED
90	10004	A09	18	20260825T230424Z-wp9-r069-p0090-s10004-a09-9d992de4ac5741fc90f0335b7e8b41f1	E1	M2	C0	T1	P7	P4	false	false	false	false	true	G04	true	0.0	0	1	6.454545891	0	30.0	1	1	1.0	29.034285391999997	5	5	1.0	CONTAINED_NOT_RECOVERED
91	10004	A06	19	20260825T230943Z-wp9-r069-p0091-s10004-a06-fe8c44876ff5429384030321d7d2f33a	E1	M4	C0	T0	P7	P2	false	true	false	false	false	G03	true	0.5	0	1	6.421313234	0	30.0	0	1	0.0	7.705748267	5	5	1.0	OPERATIONAL_BUT_UNVERIFIED
92	10004	A15	20	20260825T231456Z-wp9-r069-p0092-s10004-a15-8de2e6ae3cfb4b59bc444271ea5cbb1b	E3	M4	C0	T1	P5	P5	false	false	false	true	false	G06	true	1.0	0	1	1.203285264	1	4.522929091	0	1	0.0	1.007676596	10	10	1.0	TRUSTED_RECOVERY_CONFIRMED
93	10004	A04	21	20260825T231920Z-wp9-r069-p0093-s10004-a04-9f0ace45053940ed8837246c00dc12e1	E1	M2	C0	T0	P7	P2	false	true	false	false	true	G02	true	0.5	0	1	8.354854843	0	30.0	0	1	0.0	9.560204756	5	5	1.0	OPERATIONAL_BUT_UNVERIFIED
94	10004	A19	22	20260825T232429Z-wp9-r069-p0094-s10004-a19-984a4ea34d294a37838e23e3ebabe224	E2	M0	C0	T0	P0	P0	false	false	false	false	false	G08	true	0.5	0	0	30.0	0	30.0	0	1	0.0	27.556670013	5	5	1.0	RECOVERY_FAILED
95	10004	A18	23	20260825T233006Z-wp9-r069-p0095-s10004-a18-92f78fd771664f20947d36d5b8f50592	E3	M4	C1	T0	P7	P5	false	false	true	false	false	G07	true	1.0	0	1	1.5991555670000002	1	4.99556678	0	1	0.0	1.3661702940000002	10	10	1.0	TRUSTED_RECOVERY_CONFIRMED
96	10004	A16	24	20260825T233438Z-wp9-r069-p0096-s10004-a16-0735a0cb98fe4eed89c0ee74fd560e44	E3	M4	C0	T0	P6	P6	true	false	true	false	false	G05	true	1.0	0	1	1.8774907889999999	1	5.440421181	0	1	0.0	1.651759104	10	10	1.0	TRUSTED_RECOVERY_CONFIRMED
97	10005	A19	1	20260825T233914Z-wp9-r069-p0097-s10005-a19-7b2a90865ad04c5db3072b91a246c939	E2	M0	C0	T0	P0	P0	false	false	false	false	false	G08	true	0.5	0	0	30.0	0	30.0	0	1	0.0	26.101152723	5	5	1.0	RECOVERY_FAILED
98	10005	A16	2	20260825T234544Z-wp9-r069-p0098-s10005-a16-6a05ff4b62d945f7b94e3a8efee93cfb	E3	M4	C0	T0	P6	P6	true	false	true	false	false	G05	true	1.0	0	1	1.527117376	1	4.5065800650000005	0	1	0.0	1.3540399440000002	10	10	1.0	TRUSTED_RECOVERY_CONFIRMED
99	10005	A01	3	20260825T235036Z-wp9-r069-p0099-s10005-a01-f6e43379180c4192bcd7e76db1a26dfa	E1	M0	C0	T0	P1	P1	false	true	false	false	false	G01	true	0.5	0	1	18.295065914	0	30.0	0	1	0.0	20.30998598	5	5	1.0	OPERATIONAL_BUT_UNVERIFIED
100	10005	A23	4	20260825T235741Z-wp9-r069-p0100-s10005-a23-475f5e4096634110ab50a0295ff690e0	E4	M2	C0	T0	P4	P4	false	false	false	false	false	G09	true	0.5	0	0	30.0	0	30.0	1	1	1.0	0.0	2	3	0.6666666666666666	RECOVERY_FAILED
101	10005	A09	5	20260826T000247Z-wp9-r069-p0101-s10005-a09-0950c5ceb7404a48907b4c602116b863	E1	M2	C0	T1	P7	P4	false	false	false	false	true	G04	true	0.0	0	1	9.326794588	0	30.0	1	1	1.0	28.270788406	5	5	1.0	CONTAINED_NOT_RECOVERED
102	10005	A13	6	20260826T001017Z-wp9-r069-p0102-s10005-a13-a444c9521bd74135bacb8567aa245c6f	E3	M4	C0	T1	P7	P2	false	false	false	true	true	G06	true	0.5	0	0	30.0	0	30.0	0	1	0.0	29.499780145	10	10	1.0	RECOVERY_FAILED
103	10005	A18	7	20260826T001540Z-wp9-r069-p0103-s10005-a18-25b6b60a101f42bb924b9e024a747f52	E3	M4	C1	T0	P7	P5	false	false	true	false	false	G07	true	1.0	0	1	0.816660066	1	3.0913894159999997	0	1	0.0	0.6884908299999999	10	10	1.0	TRUSTED_RECOVERY_CONFIRMED
104	10005	A15	8	20260826T002006Z-wp9-r069-p0104-s10005-a15-1a8c77c47c694e1daa48939343694757	E3	M4	C0	T1	P5	P5	false	false	false	true	false	G06	true	1.0	0	1	2.4283548680000004	1	9.291862437999999	0	1	0.0	2.0754434770000003	10	10	1.0	TRUSTED_RECOVERY_CONFIRMED
105	10005	A02	9	20260826T002628Z-wp9-r069-p0105-s10005-a02-597e84bcfeb04f08b6f1aa1721773c0c	E1	M0	C0	T0	P7	P1	false	true	false	false	false	G01	true	0.5	0	1	12.006597549	0	30.0	0	1	0.0	13.633182113	5	5	1.0	OPERATIONAL_BUT_UNVERIFIED
106	10005	A03	10	20260826T003404Z-wp9-r069-p0106-s10005-a03-bf18df4bc0b94402b735902a76dc327b	E1	M2	C0	T0	P1	P1	false	true	false	false	false	G02	true	0.5	0	1	4.565310845	0	30.0	0	1	0.0	5.614523877	5	5	1.0	OPERATIONAL_BUT_UNVERIFIED
107	10005	A06	11	20260826T004014Z-wp9-r069-p0107-s10005-a06-238d4761c0a442be9d7b1eeb6d4ce6f1	E1	M4	C0	T0	P7	P2	false	true	false	false	false	G03	true	0.5	0	1	11.504217944999999	0	30.0	0	1	0.0	13.140852631000001	5	5	1.0	OPERATIONAL_BUT_UNVERIFIED
108	10005	A21	12	20260826T004813Z-wp9-r069-p0108-s10005-a21-889d2f629e9b45369b5e82b991cf17b5	E2	M0	C0	T0	P7	P1	false	false	false	false	false	G08	false	1.0	0	1	6.508617678999999	0	30.0	0	1	0.0	0.0	5	5	1.0	OPERATIONAL_BUT_UNVERIFIED
109	10005	A10	13	20260826T005400Z-wp9-r069-p0109-s10005-a10-7a6b7acbc82049fdb36d4b841944aa2d	E3	M4	C0	T0	P2	P2	false	false	false	false	true	G05	true	0.5	0	0	30.0	0	30.0	0	1	0.0	29.691368836	10	10	1.0	RECOVERY_FAILED
110	10005	A11	14	20260826T005843Z-wp9-r069-p0110-s10005-a11-73064da0542c444eae0ae4e0c0a7703c	E3	M4	C0	T0	P7	P5	false	false	true	true	true	G05	true	1.0	0	1	1.583687685	1	6.431575617	0	1	0.0	1.304676364	10	10	1.0	TRUSTED_RECOVERY_CONFIRMED
111	10005	A08	15	20260826T010305Z-wp9-r069-p0111-s10005-a08-2cbbd1d7a0b541a194549648b94636c4	E1	M2	C0	T1	P2	P2	false	false	false	false	true	G04	true	0.5	0	1	6.226970719	0	30.0	0	1	0.0	7.3621529169999995	5	5	1.0	OPERATIONAL_BUT_UNVERIFIED
112	10005	A22	16	20260826T010810Z-wp9-r069-p0112-s10005-a22-f23eb9f13eac4c798454e147ee7be91f	E4	M2	C0	T0	P0	P0	false	false	false	false	false	G09	true	0.5	0	0	30.0	0	30.0	0	1	0.0	0.0	2	3	0.6666666666666666	RECOVERY_FAILED
113	10005	A04	17	20260826T011300Z-wp9-r069-p0113-s10005-a04-15e6a6f902d44877af59789d96e94afd	E1	M2	C0	T0	P7	P2	false	true	false	false	true	G02	true	0.5	0	1	6.803550551	0	30.0	0	1	0.0	8.070792682999999	5	5	1.0	OPERATIONAL_BUT_UNVERIFIED
114	10005	A24	18	20260826T011916Z-wp9-r069-p0114-s10005-a24-dd96f1954b0a4e959182695491cef3df	E4	M2	C0	T0	P7	P4	false	false	false	false	false	G09	true	0.5	0	0	30.0	0	30.0	1	1	1.0	0.0	2	3	0.6666666666666666	RECOVERY_FAILED
115	10005	A17	19	20260826T012454Z-wp9-r069-p0115-s10005-a17-5f8ffe1175ff4ec8989ecd029ce03765	E3	M4	C1	T0	P6	P6	true	false	true	false	false	G07	true	1.0	0	1	12.682142391	1	17.877096963	0	1	0.0	12.302412322	10	10	1.0	TRUSTED_RECOVERY_CONFIRMED
116	10005	A12	20	20260826T012936Z-wp9-r069-p0116-s10005-a12-85f4dbd62adb49b8bbfad33d3f161154	E3	M4	C0	T1	P2	P2	false	false	false	false	true	G06	true	0.5	0	0	30.0	0	30.0	0	1	0.0	29.736041939	10	10	1.0	RECOVERY_FAILED
117	10005	A20	21	20260826T013507Z-wp9-r069-p0117-s10005-a20-e58d55d5f6d444b28359a520d5334324	E2	M0	C0	T0	P1	P1	false	false	false	false	false	G08	false	1.0	0	1	5.193362998	0	30.0	0	1	0.0	0.0	5	5	1.0	OPERATIONAL_BUT_UNVERIFIED
118	10005	A14	22	20260826T014147Z-wp9-r069-p0118-s10005-a14-9b198799edda4518924d395febb0d4eb	E3	M4	C0	T0	P5	P5	false	false	false	true	false	G05	true	1.0	0	1	0.787150605	1	2.8245116759999997	0	1	0.0	0.611690319	10	10	1.0	TRUSTED_RECOVERY_CONFIRMED
119	10005	A05	23	20260826T014526Z-wp9-r069-p0119-s10005-a05-20eca8a7f609426d93a7a7f2fdcf760a	E1	M4	C0	T0	P1	P1	false	true	false	false	false	G03	true	0.5	0	1	4.182110751	0	30.0	0	1	0.0	5.266742284	5	5	1.0	OPERATIONAL_BUT_UNVERIFIED
120	10005	A07	24	20260826T015843Z-wp9-r069-p0120-retry-s10005-a07-6e065f95d7b94aa587eeb6ae56bfd9ea	E1	M2	C0	T0	P2	P2	false	false	false	false	true	G02	true	0.5	0	1	5.795362021	0	30.0	0	1	0.0	6.9779716160000005	5	5	1.0	OPERATIONAL_BUT_UNVERIFIED
121	10006	A11	1	20260826T020625Z-wp9-r069-p0121-s10006-a11-d5b1146dbf964f9c9f72220f8f4766b4	E3	M4	C0	T0	P7	P5	false	false	true	true	true	G05	true	1.0	0	1	1.2114748629999998	1	4.160102542	0	1	0.0	1.035652104	10	10	1.0	TRUSTED_RECOVERY_CONFIRMED
122	10006	A19	2	20260826T021057Z-wp9-r069-p0122-s10006-a19-ad2d2ef6d6304ab3b86e962bca07639c	E2	M0	C0	T0	P0	P0	false	false	false	false	false	G08	true	0.5	0	0	30.0	0	30.0	0	1	0.0	27.576943672	5	5	1.0	RECOVERY_FAILED
123	10006	A08	3	20260826T021637Z-wp9-r069-p0123-s10006-a08-3fbd2a549c1044fca32c07dd131de977	E1	M2	C0	T1	P2	P2	false	false	false	false	true	G04	true	0.5	0	1	5.395852013	0	30.0	0	1	0.0	6.452555127	5	5	1.0	OPERATIONAL_BUT_UNVERIFIED
124	10006	A17	4	20260826T022219Z-wp9-r069-p0124-s10006-a17-9028ed9c554a43829a34e86570b49626	E3	M4	C1	T0	P6	P6	true	false	true	false	false	G07	true	1.0	0	1	11.699036658999999	1	14.709318446	0	1	0.0	11.505973895999999	10	10	1.0	TRUSTED_RECOVERY_CONFIRMED
125	10006	A14	5	20260826T022652Z-wp9-r069-p0125-s10006-a14-41787d81a8094116948aeebc2131fdab	E3	M4	C0	T0	P5	P5	false	false	false	true	false	G05	true	1.0	0	1	1.6142624749999999	1	5.15982173	0	1	0.0	1.373662371	10	10	1.0	TRUSTED_RECOVERY_CONFIRMED
126	10006	A01	6	20260826T023131Z-wp9-r069-p0126-s10006-a01-4d8334750ce24772bc1b580f87524f3b	E1	M0	C0	T0	P1	P1	false	true	false	false	false	G01	true	0.5	0	1	5.381322641	0	30.0	0	1	0.0	6.498904325	5	5	1.0	OPERATIONAL_BUT_UNVERIFIED
127	10006	A18	7	20260826T023712Z-wp9-r069-p0127-s10006-a18-a4b2c20e5c5f488ba4dd848cd3eee3db	E3	M4	C1	T0	P7	P5	false	false	true	false	false	G07	true	1.0	0	1	1.074793273	1	3.987423614	0	1	0.0	0.908020741	10	10	1.0	TRUSTED_RECOVERY_CONFIRMED
128	10006	A03	8	20260826T024144Z-wp9-r069-p0128-s10006-a03-8dfe6d04324b4868abebb16b5b24b9fe	E1	M2	C0	T0	P1	P1	false	true	false	false	false	G02	true	0.5	0	1	5.347651449	0	30.0	0	1	0.0	6.590229412999999	5	5	1.0	OPERATIONAL_BUT_UNVERIFIED
129	10006	A09	9	20260826T024736Z-wp9-r069-p0129-s10006-a09-66efa219186e4c7898e2e3974247c550	E1	M2	C0	T1	P7	P4	false	false	false	false	true	G04	true	0.0	0	1	5.87022592	0	30.0	1	1	1.0	29.06915812	5	5	1.0	CONTAINED_NOT_RECOVERED
130	10006	A24	10	20260826T025331Z-wp9-r069-p0130-s10006-a24-ea23d96caae0451c8f4d8daedfea21ab	E4	M2	C0	T0	P7	P4	false	false	false	false	false	G09	true	0.5	0	0	30.0	0	30.0	1	1	1.0	0.0	2	3	0.6666666666666666	RECOVERY_FAILED
131	10006	A10	11	20260826T025928Z-wp9-r069-p0131-s10006-a10-a2136300673344f3b7667d79a1ede64f	E3	M4	C0	T0	P2	P2	false	false	false	false	true	G05	true	0.5	0	0	30.0	0	30.0	0	1	0.0	29.813125862	10	10	1.0	RECOVERY_FAILED
132	10006	A06	12	20260826T030404Z-wp9-r069-p0132-s10006-a06-2a0f7b195b4d49c9b93a3fd5f7649557	E1	M4	C0	T0	P7	P2	false	true	false	false	false	G03	true	0.5	0	1	5.464445822	0	30.0	0	1	0.0	6.604840327	5	5	1.0	OPERATIONAL_BUT_UNVERIFIED
133	10006	A04	13	20260826T030945Z-wp9-r069-p0133-s10006-a04-a5c4345f6db341b59002cfa49a491417	E1	M2	C0	T0	P7	P2	false	true	false	false	true	G02	true	0.5	0	1	14.199161196	0	30.0	0	1	0.0	15.595859529999998	5	5	1.0	OPERATIONAL_BUT_UNVERIFIED
134	10006	A16	14	20260826T034235Z-wp9-r069-p0134-s10006-a16-72e27511c1414518b5d8dfffacb65be5	E3	M4	C0	T0	P6	P6	true	false	true	false	false	G05	true	1.0	0	1	1.632766741	1	4.660975269	0	1	0.0	1.4529665619999999	10	10	1.0	TRUSTED_RECOVERY_CONFIRMED
135	10006	A15	15	20260826T034717Z-wp9-r069-p0135-s10006-a15-3ccbde4388d84aceb2bdb6777b5c8080	E3	M4	C0	T1	P5	P5	false	false	false	true	false	G06	true	1.0	0	1	1.4325946969999999	1	4.909487168	0	1	0.0	1.242792868	10	10	1.0	TRUSTED_RECOVERY_CONFIRMED
136	10006	A07	16	20260826T035150Z-wp9-r069-p0136-s10006-a07-7a8e27da9a924dcb91953fdf6c6f13f5	E1	M2	C0	T0	P2	P2	false	false	false	false	true	G02	true	0.5	0	1	5.558766991	0	30.0	0	1	0.0	6.601179671	5	5	1.0	OPERATIONAL_BUT_UNVERIFIED
137	10006	A13	17	20260826T035731Z-wp9-r069-p0137-s10006-a13-88580bf63c11459dada6e02fe30e2d94	E3	M4	C0	T1	P7	P2	false	false	false	true	true	G06	true	0.5	0	0	30.0	0	30.0	0	1	0.0	29.787832781	10	10	1.0	RECOVERY_FAILED
138	10006	A12	18	20260826T040212Z-wp9-r069-p0138-s10006-a12-c11323d3049c41ec867ff96e523fabd3	E3	M4	C0	T1	P2	P2	false	false	false	false	true	G06	true	0.5	0	0	30.0	0	30.0	0	1	0.0	29.796643348	10	10	1.0	RECOVERY_FAILED
139	10006	A05	19	20260826T040642Z-wp9-r069-p0139-s10006-a05-631f257955cf456184ffd45d04e66bcc	E1	M4	C0	T0	P1	P1	false	true	false	false	false	G03	true	0.5	0	1	5.259805999	0	30.0	0	1	0.0	6.350662363	5	5	1.0	OPERATIONAL_BUT_UNVERIFIED
140	10006	A21	20	20260826T041227Z-wp9-r069-p0140-s10006-a21-77093f22db18463089003cde1592026a	E2	M0	C0	T0	P7	P1	false	false	false	false	false	G08	false	1.0	0	1	4.722696494	0	30.0	0	1	0.0	0.0	5	5	1.0	OPERATIONAL_BUT_UNVERIFIED
141	10006	A20	21	20260826T041849Z-wp9-r069-p0141-s10006-a20-df0268d9723e4857a3ec4b8353e14134	E2	M0	C0	T0	P1	P1	false	false	false	false	false	G08	false	1.0	0	1	2.986405387	0	30.0	0	1	0.0	0.0	5	5	1.0	OPERATIONAL_BUT_UNVERIFIED
142	10006	A22	22	20260826T042453Z-wp9-r069-p0142-s10006-a22-5c7d3eb413c64177b29a1b3cbe22ed99	E4	M2	C0	T0	P0	P0	false	false	false	false	false	G09	true	0.5	0	0	30.0	0	30.0	0	1	0.0	0.0	2	3	0.6666666666666666	RECOVERY_FAILED
143	10006	A23	23	20260826T043117Z-wp9-r069-p0143-s10006-a23-07278f449c9144daafedf4d2818e2a82	E4	M2	C0	T0	P4	P4	false	false	false	false	false	G09	true	0.5	0	0	30.0	0	30.0	1	1	1.0	0.0	2	3	0.6666666666666666	RECOVERY_FAILED
144	10006	A02	24	20260826T043729Z-wp9-r069-p0144-s10006-a02-50774067d507497eb26ba326c12b59d0	E1	M0	C0	T0	P7	P1	false	true	false	false	false	G01	true	0.5	0	1	6.272678913	0	30.0	0	1	0.0	7.746550649	5	5	1.0	OPERATIONAL_BUT_UNVERIFIED
145	10007	A14	1	20260826T044356Z-wp9-r069-p0145-s10007-a14-f8515a6e43c94d84bd4ba3ceb63adbb9	E3	M4	C0	T0	P5	P5	false	false	false	true	false	G05	true	1.0	0	1	1.18645797	1	4.286654479	0	1	0.0	0.9779793769999999	10	10	1.0	TRUSTED_RECOVERY_CONFIRMED
146	10007	A04	2	20260826T044846Z-wp9-r069-p0146-s10007-a04-f76e9b68bce1403199d6aa0a74bcef8c	E1	M2	C0	T0	P7	P2	false	true	false	false	true	G02	true	0.5	0	1	6.8539717510000004	0	30.0	0	1	0.0	7.890217187000001	5	5	1.0	OPERATIONAL_BUT_UNVERIFIED
147	10007	A17	3	20260826T045454Z-wp9-r069-p0147-s10007-a17-1cf4bf5c7c0c47f497da53cb16b65f3a	E3	M4	C1	T0	P6	P6	true	false	true	false	false	G07	true	1.0	0	1	11.63005315	1	14.336288761	0	1	0.0	11.407879493000001	10	10	1.0	TRUSTED_RECOVERY_CONFIRMED
148	10007	A09	4	20260826T045943Z-wp9-r069-p0148-s10007-a09-5654e6548d9b48f4bd53ea393a6a6ec0	E1	M2	C0	T1	P7	P4	false	false	false	false	true	G04	true	0.0	0	1	5.842338871000001	0	30.0	1	1	1.0	29.145073962999998	5	5	1.0	CONTAINED_NOT_RECOVERED
149	10007	A18	5	20260826T050537Z-wp9-r069-p0149-s10007-a18-1be0efe9e5c148c5b6a07179428a326c	E3	M4	C1	T0	P7	P5	false	false	true	false	false	G07	true	1.0	0	1	1.727700452	1	5.460857494000001	0	1	0.0	1.428864818	10	10	1.0	TRUSTED_RECOVERY_CONFIRMED
150	10007	A11	6	20260826T051041Z-wp9-r069-p0150-s10007-a11-66a156a5102d48c8924fe104abce59b5	E3	M4	C0	T0	P7	P5	false	false	true	true	true	G05	true	1.0	0	1	1.9045504469999999	1	6.161376379	0	1	0.0	1.608641789	10	10	1.0	TRUSTED_RECOVERY_CONFIRMED
151	10007	A12	7	20260826T051537Z-wp9-r069-p0151-s10007-a12-2fac8902e7924e7aa13ac2cd3d3f3386	E3	M4	C0	T1	P2	P2	false	false	false	false	true	G06	true	0.5	0	0	30.0	0	30.0	0	1	0.0	29.811979698	10	10	1.0	RECOVERY_FAILED
152	10007	A05	8	20260826T052026Z-wp9-r069-p0152-s10007-a05-517af80d0f6c41e4b2341065f84d51a2	E1	M4	C0	T0	P1	P1	false	true	false	false	false	G03	true	0.5	0	1	5.555283965	0	30.0	0	1	0.0	6.76395877	5	5	1.0	OPERATIONAL_BUT_UNVERIFIED
153	10007	A01	9	20260826T052624Z-wp9-r069-p0153-s10007-a01-e1aec04e27224ea69073697d940fa3c4	E1	M0	C0	T0	P1	P1	false	true	false	false	false	G01	true	0.5	0	1	6.227985867999999	0	30.0	0	1	0.0	7.5162147070000005	5	5	1.0	OPERATIONAL_BUT_UNVERIFIED
154	10007	A13	10	20260826T053212Z-wp9-r069-p0154-s10007-a13-6558c888c26145cba12a7c04bdcce066	E3	M4	C0	T1	P7	P2	false	false	false	true	true	G06	true	0.5	0	0	30.0	0	30.0	0	1	0.0	29.80430141	10	10	1.0	RECOVERY_FAILED
155	10007	A06	11	20260826T053658Z-wp9-r069-p0155-s10007-a06-a3b1ba5991eb405aad3b5087fe7adbd1	E1	M4	C0	T0	P7	P2	false	true	false	false	false	G03	true	0.5	0	1	6.096430106	0	30.0	0	1	0.0	7.231220973	5	5	1.0	OPERATIONAL_BUT_UNVERIFIED
156	10007	A10	12	20260826T054256Z-wp9-r069-p0156-s10007-a10-006d22d992c84fce8453fd661aa3ce64	E3	M4	C0	T0	P2	P2	false	false	false	false	true	G05	true	0.5	0	0	30.0	0	30.0	0	1	0.0	29.77400866	10	10	1.0	RECOVERY_FAILED
157	10007	A03	13	20260826T054745Z-wp9-r069-p0157-s10007-a03-ac7a92eb4df54f18a86a8879525fb579	E1	M2	C0	T0	P1	P1	false	true	false	false	false	G02	true	0.5	0	1	6.256694754	0	30.0	0	1	0.0	7.449353074	5	5	1.0	OPERATIONAL_BUT_UNVERIFIED
158	10007	A20	14	20260826T055343Z-wp9-r069-p0158-s10007-a20-a838592162784666be3c49d1feed849f	E2	M0	C0	T0	P1	P1	false	false	false	false	false	G08	false	1.0	0	1	3.13992012	0	30.0	0	1	0.0	0.0	5	5	1.0	OPERATIONAL_BUT_UNVERIFIED
159	10007	A02	15	20260826T055946Z-wp9-r069-p0159-s10007-a02-46a3680bb80942d8896b9219f1e6e50e	E1	M0	C0	T0	P7	P1	false	true	false	false	false	G01	true	0.5	0	1	6.26766633	0	30.0	0	1	0.0	7.399715435	5	5	1.0	OPERATIONAL_BUT_UNVERIFIED
160	10007	A19	16	20260826T060535Z-wp9-r069-p0160-s10007-a19-76c4885313d04162953a924d2c06087d	E2	M0	C0	T0	P0	P0	false	false	false	false	false	G08	true	0.5	0	0	30.0	0	30.0	0	1	0.0	27.354234	5	5	1.0	RECOVERY_FAILED
161	10007	A22	17	20260826T061117Z-wp9-r069-p0161-s10007-a22-640c082d2bf249d8847accff1110705b	E4	M2	C0	T0	P0	P0	false	false	false	false	false	G09	true	0.5	0	0	30.0	0	30.0	0	1	0.0	0.0	2	3	0.6666666666666666	RECOVERY_FAILED
162	10007	A23	18	20260826T061657Z-wp9-r069-p0162-s10007-a23-93c4375d313843268fe4cc57104c59ac	E4	M2	C0	T0	P4	P4	false	false	false	false	false	G09	true	0.5	0	0	30.0	0	30.0	1	1	1.0	0.0	2	3	0.6666666666666666	RECOVERY_FAILED
163	10007	A15	19	20260826T062234Z-wp9-r069-p0163-s10007-a15-778cccbc5aa0430fad15adae1b46b197	E3	M4	C0	T1	P5	P5	false	false	false	true	false	G06	true	1.0	0	1	1.322807038	1	4.28234054	0	1	0.0	1.1338827409999999	10	10	1.0	TRUSTED_RECOVERY_CONFIRMED
164	10007	A24	20	20260826T062705Z-wp9-r069-p0164-s10007-a24-c8f276f55b094fd48c50884d6cce8005	E4	M2	C0	T0	P7	P4	false	false	false	false	false	G09	true	0.5	0	0	30.0	0	30.0	1	1	1.0	0.0	2	3	0.6666666666666666	RECOVERY_FAILED
165	10007	A21	21	20260826T063245Z-wp9-r069-p0165-s10007-a21-b8e2987d9fb2456ab640197dfe0c7c04	E2	M0	C0	T0	P7	P1	false	false	false	false	false	G08	false	1.0	0	1	2.59100349	0	30.0	0	1	0.0	0.0	5	5	1.0	OPERATIONAL_BUT_UNVERIFIED
166	10007	A08	22	20260826T063822Z-wp9-r069-p0166-s10007-a08-c4d27307e21f4138bf1d2c7a381619c5	E1	M2	C0	T1	P2	P2	false	false	false	false	true	G04	true	0.5	0	1	5.476551795	0	30.0	0	1	0.0	6.626590772	5	5	1.0	OPERATIONAL_BUT_UNVERIFIED
167	10007	A16	23	20260826T064400Z-wp9-r069-p0167-s10007-a16-f3753cd5c9a24b73b76e944ebe7b69a7	E3	M4	C0	T0	P6	P6	true	false	true	false	false	G05	true	1.0	0	1	1.6216280760000001	1	4.446127144	0	1	0.0	1.4419804980000002	10	10	1.0	TRUSTED_RECOVERY_CONFIRMED
168	10007	A07	24	20260826T064834Z-wp9-r069-p0168-s10007-a07-a79df69d63464854a5089f664ff17b1b	E1	M2	C0	T0	P2	P2	false	false	false	false	true	G02	true	0.5	0	1	5.307530948	0	30.0	0	1	0.0	6.608955214	5	5	1.0	OPERATIONAL_BUT_UNVERIFIED
169	10008	A16	1	20260826T065413Z-wp9-r069-p0169-s10008-a16-163c7843635b4d1fbc8f4b777412d38e	E3	M4	C0	T0	P6	P6	true	false	true	false	false	G05	true	1.0	0	1	1.505883818	1	4.4761886319999995	0	1	0.0	1.319382493	10	10	1.0	TRUSTED_RECOVERY_CONFIRMED
170	10008	A14	2	20260826T065846Z-wp9-r069-p0170-s10008-a14-ef70dbc6010f47b5822481946d77d9cb	E3	M4	C0	T0	P5	P5	false	false	false	true	false	G05	true	1.0	0	1	1.07873264	1	4.119742269	0	1	0.0	0.897429719	10	10	1.0	TRUSTED_RECOVERY_CONFIRMED
171	10008	A09	3	20260826T070320Z-wp9-r069-p0171-s10008-a09-d408b3ddac0d48879e7f6f956dade393	E1	M2	C0	T1	P7	P4	false	false	false	false	true	G04	true	0.0	0	1	5.625640077	0	30.0	1	1	1.0	29.027791551	5	5	1.0	CONTAINED_NOT_RECOVERED
172	10008	A22	4	20260826T070902Z-wp9-r069-p0172-s10008-a22-9a30827011b545628cffb58d2ecd77f2	E4	M2	C0	T0	P0	P0	false	false	false	false	false	G09	true	0.5	0	0	30.0	0	30.0	0	1	0.0	0.0	2	3	0.6666666666666666	RECOVERY_FAILED
173	10008	A11	5	20260826T071446Z-wp9-r069-p0173-s10008-a11-6f441ba1175f4cc0b22eca94b383cf5e	E3	M4	C0	T0	P7	P5	false	false	true	true	true	G05	true	1.0	0	1	1.190366162	1	4.061006452	0	1	0.0	0.9988364209999999	10	10	1.0	TRUSTED_RECOVERY_CONFIRMED
174	10008	A12	6	20260826T071925Z-wp9-r069-p0174-s10008-a12-635f73c8a3c14f68aec6e3f16fc17b8e	E3	M4	C0	T1	P2	P2	false	false	false	false	true	G06	true	0.5	0	0	30.0	0	30.0	0	1	0.0	29.796755193	10	10	1.0	RECOVERY_FAILED
175	10008	A10	7	20260826T072401Z-wp9-r069-p0175-s10008-a10-19f60b868c6445d797ce2ad6b74094f2	E3	M4	C0	T0	P2	P2	false	false	false	false	true	G05	true	0.5	0	0	30.0	0	30.0	0	1	0.0	29.823572877	10	10	1.0	RECOVERY_FAILED
176	10008	A17	8	20260826T072837Z-wp9-r069-p0176-s10008-a17-e5b324993d0a493e844fcea09400a855	E3	M4	C1	T0	P6	P6	true	false	true	false	false	G07	true	1.0	0	1	11.706941339	1	14.704286687	0	1	0.0	11.531350156	10	10	1.0	TRUSTED_RECOVERY_CONFIRMED
177	10008	A13	9	20260826T073311Z-wp9-r069-p0177-s10008-a13-59ce91c27a91416e8acd2cae7e8f0ec2	E3	M4	C0	T1	P7	P2	false	false	false	true	true	G06	true	0.5	0	0	30.0	0	30.0	0	1	0.0	29.818939455	10	10	1.0	RECOVERY_FAILED
178	10008	A01	10	20260826T073745Z-wp9-r069-p0178-s10008-a01-5e50502e296d49bb9d67dadf70e00b80	E1	M0	C0	T0	P1	P1	false	true	false	false	false	G01	true	0.5	0	1	5.399536751	0	30.0	0	1	0.0	6.6004913290000005	5	5	1.0	OPERATIONAL_BUT_UNVERIFIED
179	10008	A04	11	20260826T074323Z-wp9-r069-p0179-s10008-a04-763a47fda33640a480e9035a92e0a856	E1	M2	C0	T0	P7	P2	false	true	false	false	true	G02	true	0.5	0	1	5.277727457	0	30.0	0	1	0.0	6.34761826	5	5	1.0	OPERATIONAL_BUT_UNVERIFIED
180	10008	A02	12	20260826T074903Z-wp9-r069-p0180-s10008-a02-abc86c8680fc42ab9ba34e65638dd24a	E1	M0	C0	T0	P7	P1	false	true	false	false	false	G01	true	0.5	0	1	5.282396788	0	30.0	0	1	0.0	6.461012317	5	5	1.0	OPERATIONAL_BUT_UNVERIFIED
181	10008	A05	13	20260826T075445Z-wp9-r069-p0181-s10008-a05-9725529a96b84b01aff52ee9409bf41c	E1	M4	C0	T0	P1	P1	false	true	false	false	false	G03	true	0.5	0	1	5.337907729	0	30.0	0	1	0.0	6.49614007	5	5	1.0	OPERATIONAL_BUT_UNVERIFIED
182	10008	A18	14	20260826T080025Z-wp9-r069-p0182-s10008-a18-bf239364847542ae8f6eac828a9b08e0	E3	M4	C1	T0	P7	P5	false	false	true	false	false	G07	true	1.0	0	1	1.1862094460000001	1	4.0578941429999995	0	1	0.0	1.004741383	10	10	1.0	TRUSTED_RECOVERY_CONFIRMED
183	10008	A24	15	20260826T080500Z-wp9-r069-p0183-s10008-a24-dede65163ad940819153efb01409d440	E4	M2	C0	T0	P7	P4	false	false	false	false	false	G09	true	0.5	0	0	30.0	0	30.0	1	1	1.0	0.0	2	3	0.6666666666666666	RECOVERY_FAILED
184	10008	A06	16	20260826T131803Z-wp9-r069-p0184-s10008-a06-8f315d350a1c4057a91126c4a0c5be6d	E1	M4	C0	T0	P7	P2	false	true	false	false	false	G03	true	0.5	0	1	5.627650795	0	30.0	0	1	0.0	6.890724415999999	5	5	1.0	OPERATIONAL_BUT_UNVERIFIED
185	10008	A08	17	20260826T132352Z-wp9-r069-p0185-s10008-a08-734a6bed98c541058c34015b1a7591e9	E1	M2	C0	T1	P2	P2	false	false	false	false	true	G04	true	0.5	0	1	5.624630546	0	30.0	0	1	0.0	6.742240322	5	5	1.0	OPERATIONAL_BUT_UNVERIFIED
186	10008	A03	18	20260826T132944Z-wp9-r069-p0186-s10008-a03-26835e3d4d584f57972e613a7567ae3d	E1	M2	C0	T0	P1	P1	false	true	false	false	false	G02	true	0.5	0	1	5.281060616	0	30.0	0	1	0.0	6.395582991	5	5	1.0	OPERATIONAL_BUT_UNVERIFIED
187	10008	A20	19	20260826T133526Z-wp9-r069-p0187-s10008-a20-fe0522152fc34b01bf6cf234c8ca87a6	E2	M0	C0	T0	P1	P1	false	false	false	false	false	G08	false	1.0	0	1	2.7993162309999997	0	30.0	0	1	0.0	0.0	5	5	1.0	OPERATIONAL_BUT_UNVERIFIED
188	10008	A19	20	20260826T134057Z-wp9-r069-p0188-s10008-a19-d6de33b6f5414d329458626a38e6f426	E2	M0	C0	T0	P0	P0	false	false	false	false	false	G08	true	0.5	0	0	30.0	0	30.0	0	1	0.0	27.818900029	5	5	1.0	RECOVERY_FAILED
189	10008	A23	21	20260826T134552Z-wp9-r069-p0189-s10008-a23-90f2ac735f954886b158830b679e97b5	E4	M2	C0	T0	P4	P4	false	false	false	false	false	G09	true	0.5	0	0	30.0	0	30.0	1	1	1.0	0.0	2	3	0.6666666666666666	RECOVERY_FAILED
190	10008	A07	22	20260826T135025Z-wp9-r069-p0190-s10008-a07-4c175978480c46bfbf9764539a58b08c	E1	M2	C0	T0	P2	P2	false	false	false	false	true	G02	true	0.5	0	1	3.92463318	0	30.0	0	1	0.0	4.910480542	5	5	1.0	OPERATIONAL_BUT_UNVERIFIED
191	10008	A15	23	20260826T135502Z-wp9-r069-p0191-s10008-a15-6265e54a02954a3cb7038f6fe6fdc53b	E3	M4	C0	T1	P5	P5	false	false	false	true	false	G06	true	1.0	0	1	1.122923388	1	3.3967345790000003	0	1	0.0	0.918496064	10	10	1.0	TRUSTED_RECOVERY_CONFIRMED
192	10008	A21	24	20260826T135848Z-wp9-r069-p0192-s10008-a21-ab44cb5d80bc4413b809483469e99938	E2	M0	C0	T0	P7	P1	false	false	false	false	false	G08	false	1.0	0	1	2.277119341	0	30.0	0	1	0.0	0.0	5	5	1.0	OPERATIONAL_BUT_UNVERIFIED
193	10009	A16	1	20260826T140347Z-wp9-r069-p0193-s10009-a16-537246645fba4b159cf7c726b58baa13	E3	M4	C0	T0	P6	P6	true	false	true	false	false	G05	true	1.0	0	1	1.156215566	1	3.59625764	0	1	0.0	1.031830109	10	10	1.0	TRUSTED_RECOVERY_CONFIRMED
194	10009	A04	2	20260826T140747Z-wp9-r069-p0194-s10009-a04-fcd7b1a47ef5455daee0b1bbd6bb4714	E1	M2	C0	T0	P7	P2	false	true	false	false	true	G02	true	0.5	0	1	4.490362416	0	30.0	0	1	0.0	5.79422867	5	5	1.0	OPERATIONAL_BUT_UNVERIFIED
195	10009	A18	3	20260826T141249Z-wp9-r069-p0195-s10009-a18-fd0047045a2843569adaddcbeb18524e	E3	M4	C1	T0	P7	P5	false	false	true	false	false	G07	true	1.0	0	1	0.951530555	1	3.560418021	0	1	0.0	0.7859666479999999	10	10	1.0	TRUSTED_RECOVERY_CONFIRMED
196	10009	A06	4	20260826T141646Z-wp9-r069-p0196-s10009-a06-9a68e7c9f4b1400c9cb6e05b7952ac10	E1	M4	C0	T0	P7	P2	false	true	false	false	false	G03	true	0.5	0	1	4.548179038	0	30.0	0	1	0.0	5.6928298879999994	5	5	1.0	OPERATIONAL_BUT_UNVERIFIED
197	10009	A09	5	20260826T142125Z-wp9-r069-p0197-s10009-a09-3e0af1ca72e9434b974cbcb46943f8b0	E1	M2	C0	T1	P7	P4	false	false	false	false	true	G04	true	0.0	0	1	3.935921029	0	30.0	1	1	1.0	29.398542104	5	5	1.0	CONTAINED_NOT_RECOVERED
198	10009	A03	6	20260826T142601Z-wp9-r069-p0198-s10009-a03-120d2680274e49c6b351ce2d0df91f18	E1	M2	C0	T0	P1	P1	false	true	false	false	false	G02	true	0.5	0	1	3.9437645619999997	0	30.0	0	1	0.0	4.872197041	5	5	1.0	OPERATIONAL_BUT_UNVERIFIED
199	10009	A20	7	20260826T143041Z-wp9-r069-p0199-s10009-a20-863df303bbc841eab78f10dd615f98b1	E2	M0	C0	T0	P1	P1	false	false	false	false	false	G08	false	1.0	0	1	1.932459337	0	30.0	0	1	0.0	0.0	5	5	1.0	OPERATIONAL_BUT_UNVERIFIED
200	10009	A19	8	20260826T143535Z-wp9-r069-p0200-s10009-a19-a01e2dc7131446d5945978adb9286f9c	E2	M0	C0	T0	P0	P0	false	false	false	false	false	G08	true	0.5	0	0	30.0	0	30.0	0	1	0.0	28.267613175999998	5	5	1.0	RECOVERY_FAILED
201	10009	A10	9	20260826T144018Z-wp9-r069-p0201-s10009-a10-eb183bd1e29145b1b4be59e5ef541248	E3	M4	C0	T0	P2	P2	false	false	false	false	true	G05	true	0.5	0	0	30.0	0	30.0	0	1	0.0	29.86457042	10	10	1.0	RECOVERY_FAILED
202	10009	A02	10	20260826T144410Z-wp9-r069-p0202-s10009-a02-cf64d440dad84d26872a54a40e3a9927	E1	M0	C0	T0	P7	P1	false	true	false	false	false	G01	true	0.5	0	1	4.216850979999999	0	30.0	0	1	0.0	5.094986090999999	5	5	1.0	OPERATIONAL_BUT_UNVERIFIED
203	10009	A17	11	20260826T144855Z-wp9-r069-p0203-s10009-a17-0c95657706e843f6b080aac0b940b49c	E3	M4	C1	T0	P6	P6	true	false	true	false	false	G07	true	1.0	0	1	11.121712428	1	13.10226433	0	1	0.0	10.988221756	10	10	1.0	TRUSTED_RECOVERY_CONFIRMED
204	10009	A14	12	20260826T145234Z-wp9-r069-p0204-s10009-a14-699e848bdb804210bd24e2ccdb2abf48	E3	M4	C0	T0	P5	P5	false	false	false	true	false	G05	true	1.0	0	1	0.81517481	1	2.8767383719999997	0	1	0.0	0.69338538	10	10	1.0	TRUSTED_RECOVERY_CONFIRMED
205	10009	A11	13	20260826T145611Z-wp9-r069-p0205-s10009-a11-452ed5cf6fa247dc9391c9a58033eb0f	E3	M4	C0	T0	P7	P5	false	false	true	true	true	G05	true	1.0	0	1	0.8374687080000001	1	2.773745764	0	1	0.0	0.704774933	10	10	1.0	TRUSTED_RECOVERY_CONFIRMED
206	10009	A24	14	20260826T145950Z-wp9-r069-p0206-s10009-a24-d21d99d1de1a4cb9902bb689348c4537	E4	M2	C0	T0	P7	P4	false	false	false	false	false	G09	true	0.5	0	0	30.0	0	30.0	1	1	1.0	0.0	2	3	0.6666666666666666	RECOVERY_FAILED
207	10009	A07	15	20260826T150433Z-wp9-r069-p0207-s10009-a07-69f49603ad3e49e3a2a78ff4e9f60f8f	E1	M2	C0	T0	P2	P2	false	false	false	false	true	G02	true	0.5	0	1	4.017698958	0	30.0	0	1	0.0	4.979191891	5	5	1.0	OPERATIONAL_BUT_UNVERIFIED
208	10009	A15	16	20260826T150926Z-wp9-r069-p0208-s10009-a15-82886fdc9d0d428387d97cf139ac8bb1	E3	M4	C0	T1	P5	P5	false	false	false	true	false	G06	true	1.0	0	1	0.8772044029999999	1	3.255900493	0	1	0.0	0.741927135	10	10	1.0	TRUSTED_RECOVERY_CONFIRMED
209	10009	A13	17	20260826T151320Z-wp9-r069-p0209-s10009-a13-4adb3c4c60024f70aec503926b3ca02a	E3	M4	C0	T1	P7	P2	false	false	false	true	true	G06	true	0.5	0	0	30.0	0	30.0	0	1	0.0	29.882061227	10	10	1.0	RECOVERY_FAILED
210	10009	A01	18	20260826T151721Z-wp9-r069-p0210-s10009-a01-adbed5b9f25d4c7690eba5ea7f3447b9	E1	M0	C0	T0	P1	P1	false	true	false	false	false	G01	true	0.5	0	1	3.84658043	0	30.0	0	1	0.0	4.683151625	5	5	1.0	OPERATIONAL_BUT_UNVERIFIED
211	10009	A21	19	20260826T152153Z-wp9-r069-p0211-s10009-a21-2cc5b6c3e10b4cffb329f3858150f4d7	E2	M0	C0	T0	P7	P1	false	false	false	false	false	G08	false	1.0	0	1	1.7069633819999999	0	30.0	0	1	0.0	0.0	5	5	1.0	OPERATIONAL_BUT_UNVERIFIED
212	10009	A05	20	20260826T152629Z-wp9-r069-p0212-s10009-a05-d9073ae2555440a293f1bc92c75191e2	E1	M4	C0	T0	P1	P1	false	true	false	false	false	G03	true	0.5	0	1	4.1892869379999995	0	30.0	0	1	0.0	5.1993438649999995	5	5	1.0	OPERATIONAL_BUT_UNVERIFIED
213	10009	A08	21	20260826T153110Z-wp9-r069-p0213-s10009-a08-8749a43b426448ac8dc58147edbdc93e	E1	M2	C0	T1	P2	P2	false	false	false	false	true	G04	true	0.5	0	1	4.240247757	0	30.0	0	1	0.0	5.763016727	5	5	1.0	OPERATIONAL_BUT_UNVERIFIED
214	10009	A12	22	20260826T153546Z-wp9-r069-p0214-s10009-a12-72af5889bc504442aab857964150c872	E3	M4	C0	T1	P2	P2	false	false	false	false	true	G06	true	0.5	0	0	30.0	0	30.0	0	1	0.0	29.860578126	10	10	1.0	RECOVERY_FAILED
215	10009	A22	23	20260826T153943Z-wp9-r069-p0215-s10009-a22-d8e9698ace364b39bd65df7908148ba2	E4	M2	C0	T0	P0	P0	false	false	false	false	false	G09	true	0.5	0	0	30.0	0	30.0	0	1	0.0	0.0	2	3	0.6666666666666666	RECOVERY_FAILED
216	10009	A23	24	20260826T154443Z-wp9-r069-p0216-s10009-a23-8750c2ecaa884815911d3389432e65ce	E4	M2	C0	T0	P4	P4	false	false	false	false	false	G09	true	0.5	0	0	30.0	0	30.0	1	1	1.0	0.0	2	3	0.6666666666666666	RECOVERY_FAILED
217	10010	A17	1	20260826T154941Z-wp9-r069-p0217-s10010-a17-538657c6f8e849adb7349b853d63d09f	E3	M4	C1	T0	P6	P6	true	false	true	false	false	G07	true	1.0	0	1	11.091980974	1	13.205229255	0	1	0.0	10.95221074	10	10	1.0	TRUSTED_RECOVERY_CONFIRMED
218	10010	A09	2	20260826T155341Z-wp9-r069-p0218-s10010-a09-7aa52fc4cbe040f59ac0797575b389f1	E1	M2	C0	T1	P7	P4	false	false	false	false	true	G04	true	0.0	0	1	4.314909675	0	30.0	1	1	1.0	29.353775058	5	5	1.0	CONTAINED_NOT_RECOVERED
219	10010	A03	3	20260826T155825Z-wp9-r069-p0219-s10010-a03-a7907898c6e84b41a7b0e7bd24bfcdcd	E1	M2	C0	T0	P1	P1	false	true	false	false	false	G02	true	0.5	0	1	3.897590869	0	30.0	0	1	0.0	4.907366421	5	5	1.0	OPERATIONAL_BUT_UNVERIFIED
220	10010	A02	4	20260826T160323Z-wp9-r069-p0220-s10010-a02-63fcc8b579a6431b80b2d1f22b860e50	E1	M0	C0	T0	P7	P1	false	true	false	false	false	G01	true	0.5	0	1	4.297661702	0	30.0	0	1	0.0	5.463818009	5	5	1.0	OPERATIONAL_BUT_UNVERIFIED
221	10010	A13	5	20260826T160823Z-wp9-r069-p0221-s10010-a13-cc2a3fa051d14b2990e6df16cb7bac86	E3	M4	C0	T1	P7	P2	false	false	false	true	true	G06	true	0.5	0	0	30.0	0	30.0	0	1	0.0	29.870199464	10	10	1.0	RECOVERY_FAILED
222	10010	A20	6	20260826T161225Z-wp9-r069-p0222-s10010-a20-988afe635ce54bc482bbd361e43cf6e2	E2	M0	C0	T0	P1	P1	false	false	false	false	false	G08	false	1.0	0	1	1.809044524	0	30.0	0	1	0.0	0.0	5	5	1.0	OPERATIONAL_BUT_UNVERIFIED
223	10010	A22	7	20260826T161722Z-wp9-r069-p0223-s10010-a22-27058a67ad114f0180922b023905d95d	E4	M2	C0	T0	P0	P0	false	false	false	false	false	G09	true	0.5	0	0	30.0	0	30.0	0	1	0.0	0.0	2	3	0.6666666666666666	RECOVERY_FAILED
224	10010	A12	8	20260826T162219Z-wp9-r069-p0224-s10010-a12-fbc7cf4a45914fdc9b619112388a1a3b	E3	M4	C0	T1	P2	P2	false	false	false	false	true	G06	true	0.5	0	0	30.0	0	30.0	0	1	0.0	29.865301084000002	10	10	1.0	RECOVERY_FAILED
225	10010	A08	9	20260826T162610Z-wp9-r069-p0225-s10010-a08-1a59676360bb4bdfacf1627e413c910e	E1	M2	C0	T1	P2	P2	false	false	false	false	true	G04	true	0.5	0	1	4.436674582	0	30.0	0	1	0.0	5.510690617000001	5	5	1.0	OPERATIONAL_BUT_UNVERIFIED
226	10010	A05	10	20260826T163057Z-wp9-r069-p0226-s10010-a05-e85ff6df2bcc47c89d74a870d03f3da8	E1	M4	C0	T0	P1	P1	false	true	false	false	false	G03	true	0.5	0	1	3.9976910249999995	0	30.0	0	1	0.0	5.181737558	5	5	1.0	OPERATIONAL_BUT_UNVERIFIED
227	10010	A11	11	20260826T163531Z-wp9-r069-p0227-s10010-a11-3a3a58e325be43179483121f6aa8ca1b	E3	M4	C0	T0	P7	P5	false	false	true	true	true	G05	true	1.0	0	1	0.768888485	1	2.812041446	0	1	0.0	0.642528927	10	10	1.0	TRUSTED_RECOVERY_CONFIRMED
228	10010	A16	12	20260826T163910Z-wp9-r069-p0228-s10010-a16-58d9393d3bb14d4ca5c9cf5e43747ce1	E3	M4	C0	T0	P6	P6	true	false	true	false	false	G05	true	1.0	0	1	1.131880443	1	3.404041166	0	1	0.0	0.988849968	10	10	1.0	TRUSTED_RECOVERY_CONFIRMED
229	10010	A04	13	20260826T164303Z-wp9-r069-p0229-s10010-a04-ae4f97928b07497fa1f0cb835970b07c	E1	M2	C0	T0	P7	P2	false	true	false	false	true	G02	true	0.5	0	1	4.395557739	0	30.0	0	1	0.0	5.578526645	5	5	1.0	OPERATIONAL_BUT_UNVERIFIED
230	10010	A07	14	20260826T164759Z-wp9-r069-p0230-s10010-a07-447f2065556a400ea3a78e359289f3eb	E1	M2	C0	T0	P2	P2	false	false	false	false	true	G02	true	0.5	0	1	4.378246374	0	30.0	0	1	0.0	5.372228685	5	5	1.0	OPERATIONAL_BUT_UNVERIFIED
231	10010	A14	15	20260826T165255Z-wp9-r069-p0231-s10010-a14-0605c9d32e9143df92d38135f166cfb5	E3	M4	C0	T0	P5	P5	false	false	false	true	false	G05	true	1.0	0	1	0.8321769090000001	1	4.048429972999999	0	1	0.0	0.705814433	10	10	1.0	TRUSTED_RECOVERY_CONFIRMED
232	10010	A06	16	20260826T165654Z-wp9-r069-p0232-s10010-a06-58cfa75f5cc24262ba9c70ee139e697a	E1	M4	C0	T0	P7	P2	false	true	false	false	false	G03	true	0.5	0	1	4.489230557	0	30.0	0	1	0.0	5.7904689970000005	5	5	1.0	OPERATIONAL_BUT_UNVERIFIED
233	10010	A01	17	20260826T170200Z-wp9-r069-p0233-s10010-a01-e08ee0022af44d28baa7a891673c60ea	E1	M0	C0	T0	P1	P1	false	true	false	false	false	G01	true	0.5	0	1	4.705204317	0	30.0	0	1	0.0	5.550216988	5	5	1.0	OPERATIONAL_BUT_UNVERIFIED
234	10010	A15	18	20260826T171752Z-wp9-r069-p0234-s10010-a15-1611a7ecbad548a99afa7feca5fcb1d5	E3	M4	C0	T1	P5	P5	false	false	false	true	false	G06	true	1.0	0	1	0.9141770570000001	1	3.218174857	0	1	0.0	0.757531784	10	10	1.0	TRUSTED_RECOVERY_CONFIRMED
235	10010	A21	19	20260826T172142Z-wp9-r069-p0235-s10010-a21-8d045c7795494bbf8eb9b6707c63630e	E2	M0	C0	T0	P7	P1	false	false	false	false	false	G08	false	1.0	0	1	2.121630909	0	30.0	0	1	0.0	0.0	5	5	1.0	OPERATIONAL_BUT_UNVERIFIED
236	10010	A24	20	20260826T172634Z-wp9-r069-p0236-s10010-a24-15886f8dc0e949bdb6edf18afa47fcda	E4	M2	C0	T0	P7	P4	false	false	false	false	false	G09	true	0.5	0	0	30.0	0	30.0	1	1	1.0	0.0	2	3	0.6666666666666666	RECOVERY_FAILED
237	10010	A23	21	20260826T173119Z-wp9-r069-p0237-s10010-a23-079ffe2e260d4ceca131332c29bdf06c	E4	M2	C0	T0	P4	P4	false	false	false	false	false	G09	true	0.5	0	0	30.0	0	30.0	1	1	1.0	0.0	2	3	0.6666666666666666	RECOVERY_FAILED
238	10010	A18	22	20260826T173557Z-wp9-r069-p0238-s10010-a18-1b040331438347bbb861ab17168aaed8	E3	M4	C1	T0	P7	P5	false	false	true	false	false	G07	true	1.0	0	1	0.8343623680000001	1	2.8548448709999996	0	1	0.0	0.695695829	10	10	1.0	TRUSTED_RECOVERY_CONFIRMED
239	10010	A10	23	20260826T174005Z-wp9-r069-p0239-s10010-a10-d1333ef63a0f4d35a678408d855fc2f9	E3	M4	C0	T0	P2	P2	false	false	false	false	true	G05	true	0.5	0	0	30.0	0	30.0	0	1	0.0	29.877502935000003	10	10	1.0	RECOVERY_FAILED
240	10010	A19	24	20260826T174411Z-wp9-r069-p0240-s10010-a19-3610a1ca525846ee94fc0453e6fa2a9d	E2	M0	C0	T0	P0	P0	false	false	false	false	false	G08	true	0.5	0	0	30.0	0	30.0	0	1	0.0	28.198234906	5	5	1.0	RECOVERY_FAILED
241	10011	A22	1	20260826T174913Z-wp9-r069-p0241-s10011-a22-c70d9b1d0ce44031a934f126bdd09fda	E4	M2	C0	T0	P0	P0	false	false	false	false	false	G09	true	0.5	0	0	30.0	0	30.0	0	1	0.0	0.0	2	3	0.6666666666666666	RECOVERY_FAILED
242	10011	A04	2	20260826T175417Z-wp9-r069-p0242-s10011-a04-e51d3660a21f483b84495b5315b31549	E1	M2	C0	T0	P7	P2	false	true	false	false	true	G02	true	0.5	0	1	5.127324279000001	0	30.0	0	1	0.0	6.2648062	5	5	1.0	OPERATIONAL_BUT_UNVERIFIED
243	10011	A14	3	20260826T175931Z-wp9-r069-p0243-s10011-a14-cfd674a82f1f42039bb2e93553406928	E3	M4	C0	T0	P5	P5	false	false	false	true	false	G05	true	1.0	0	1	1.580600473	1	3.752127254	0	1	0.0	1.300016836	10	10	1.0	TRUSTED_RECOVERY_CONFIRMED
244	10011	A11	4	20260826T180318Z-wp9-r069-p0244-s10011-a11-944ab01c021f43b0bca738b716b91bc1	E3	M4	C0	T0	P7	P5	false	false	true	true	true	G05	true	1.0	0	1	0.781086636	1	2.739985177	0	1	0.0	0.660985908	10	10	1.0	TRUSTED_RECOVERY_CONFIRMED
245	10011	A01	5	20260826T180713Z-wp9-r069-p0245-s10011-a01-96e8a1df2a7040d8aca5cdab458a2ab5	E1	M0	C0	T0	P1	P1	false	true	false	false	false	G01	true	0.5	0	1	4.282835491999999	0	30.0	0	1	0.0	5.323184363	5	5	1.0	OPERATIONAL_BUT_UNVERIFIED
246	10011	A16	6	20260826T181221Z-wp9-r069-p0246-s10011-a16-558efde6ade845af97d7041753b98786	E3	M4	C0	T0	P6	P6	true	false	true	false	false	G05	true	1.0	0	1	1.238738288	1	3.732564518	0	1	0.0	1.104449377	10	10	1.0	TRUSTED_RECOVERY_CONFIRMED
247	10011	A15	7	20260826T181623Z-wp9-r069-p0247-s10011-a15-f1ca1d89f0774aab81690a0128ff0f60	E3	M4	C0	T1	P5	P5	false	false	false	true	false	G06	true	1.0	0	1	0.915128434	1	3.03063331	0	1	0.0	0.7668922570000001	10	10	1.0	TRUSTED_RECOVERY_CONFIRMED
248	10011	A05	8	20260826T182020Z-wp9-r069-p0248-s10011-a05-4f999d12902f439285cb6443986e5ab8	E1	M4	C0	T0	P1	P1	false	true	false	false	false	G03	true	0.5	0	1	4.138439134	0	30.0	0	1	0.0	5.163203054	5	5	1.0	OPERATIONAL_BUT_UNVERIFIED
249	10011	A12	9	20260826T182509Z-wp9-r069-p0249-s10011-a12-6d71c72de8144406be47fa74136f5e0e	E3	M4	C0	T1	P2	P2	false	false	false	false	true	G06	true	0.5	0	0	30.0	0	30.0	0	1	0.0	29.871404885999997	10	10	1.0	RECOVERY_FAILED
250	10011	A20	10	20260826T182900Z-wp9-r069-p0250-s10011-a20-3986fb3b76354f33ac09c7014a525f55	E2	M0	C0	T0	P1	P1	false	false	false	false	false	G08	false	1.0	0	1	1.8830269439999998	0	30.0	0	1	0.0	0.0	5	5	1.0	OPERATIONAL_BUT_UNVERIFIED
251	10011	A06	11	20260826T183349Z-wp9-r069-p0251-s10011-a06-dfe366c33824487581ff742b0c2df052	E1	M4	C0	T0	P7	P2	false	true	false	false	false	G03	true	0.5	0	1	4.791941139	0	30.0	0	1	0.0	5.7293960340000005	5	5	1.0	OPERATIONAL_BUT_UNVERIFIED
252	10011	A09	12	20260826T183855Z-wp9-r069-p0252-s10011-a09-120f789623bf4e03b44adf1ac6b4b653	E1	M2	C0	T1	P7	P4	false	false	false	false	true	G04	true	0.0	0	1	4.235899394	0	30.0	1	1	1.0	29.412975716	5	5	1.0	CONTAINED_NOT_RECOVERED
253	10011	A08	13	20260826T184344Z-wp9-r069-p0253-s10011-a08-fc003bc2b2e94d989539c742297b9388	E1	M2	C0	T1	P2	P2	false	false	false	false	true	G04	true	0.5	0	1	3.9095927390000003	0	30.0	0	1	0.0	4.976035874	5	5	1.0	OPERATIONAL_BUT_UNVERIFIED
254	10011	A13	14	20260826T184850Z-wp9-r069-p0254-s10011-a13-1b6dbfd971f941199a32eac3ad515e72	E3	M4	C0	T1	P7	P2	false	false	false	true	true	G06	true	0.5	0	0	30.0	0	30.0	0	1	0.0	29.758734931	10	10	1.0	RECOVERY_FAILED
255	10011	A07	15	20260826T185305Z-wp9-r069-p0255-s10011-a07-d6e0754de46d447f941fc17b0f5bcea8	E1	M2	C0	T0	P2	P2	false	false	false	false	true	G02	true	0.5	0	1	4.212576662	0	30.0	0	1	0.0	5.331825077	5	5	1.0	OPERATIONAL_BUT_UNVERIFIED
256	10011	A10	16	20260826T185814Z-wp9-r069-p0256-s10011-a10-7664a4f8d10f42ff86cbb7ef0052ce3e	E3	M4	C0	T0	P2	P2	false	false	false	false	true	G05	true	0.5	0	0	30.0	0	30.0	0	1	0.0	29.861104081999997	10	10	1.0	RECOVERY_FAILED
257	10011	A23	17	20260826T190214Z-wp9-r069-p0257-s10011-a23-9b057da6033a4eef9fe4f342800897c5	E4	M2	C0	T0	P4	P4	false	false	false	false	false	G09	true	0.5	0	0	30.0	0	30.0	1	1	1.0	0.0	2	3	0.6666666666666666	RECOVERY_FAILED
258	10011	A17	18	20260826T190714Z-wp9-r069-p0258-s10011-a17-491079487f4547d4b90fabcbb94d78b1	E3	M4	C1	T0	P6	P6	true	false	true	false	false	G07	true	1.0	0	1	11.199130757	1	13.216673603	0	1	0.0	11.059168707000001	10	10	1.0	TRUSTED_RECOVERY_CONFIRMED
259	10011	A02	19	20260826T191103Z-wp9-r069-p0259-s10011-a02-487cb7cb24cd45eb9cf80bc71415417c	E1	M0	C0	T0	P7	P1	false	true	false	false	false	G01	true	0.5	0	1	4.003331681000001	0	30.0	0	1	0.0	4.982744884	5	5	1.0	OPERATIONAL_BUT_UNVERIFIED
260	10011	A19	20	20260826T191607Z-wp9-r069-p0260-s10011-a19-8f4242f0e608439384e685040973bc1f	E2	M0	C0	T0	P0	P0	false	false	false	false	false	G08	true	0.5	0	0	30.0	0	30.0	0	1	0.0	27.111185444	5	5	1.0	RECOVERY_FAILED
261	10011	A18	21	20260826T192144Z-wp9-r069-p0261-s10011-a18-0b0f604840274c5592461758112aedc9	E3	M4	C1	T0	P7	P5	false	false	true	false	false	G07	true	1.0	0	1	1.177318578	1	4.119251837	0	1	0.0	0.9859699849999999	10	10	1.0	TRUSTED_RECOVERY_CONFIRMED
262	10011	A24	22	20260826T192620Z-wp9-r069-p0262-s10011-a24-d76b2044e6da4a2e859e034814bdbfad	E4	M2	C0	T0	P7	P4	false	false	false	false	false	G09	true	0.5	0	0	30.0	0	30.0	1	1	1.0	0.0	2	3	0.6666666666666666	RECOVERY_FAILED
263	10011	A21	23	20260826T193159Z-wp9-r069-p0263-s10011-a21-535d8a1ee3194f8f915e06b4f5d027ca	E2	M0	C0	T0	P7	P1	false	false	false	false	false	G08	false	1.0	0	1	2.610687472	0	30.0	0	1	0.0	0.0	5	5	1.0	OPERATIONAL_BUT_UNVERIFIED
264	10011	A03	24	20260826T193739Z-wp9-r069-p0264-s10011-a03-7e2a09af0aff4a778da6b52b386476ee	E1	M2	C0	T0	P1	P1	false	true	false	false	false	G02	true	0.5	0	1	5.218160838	0	30.0	0	1	0.0	6.270044387	5	5	1.0	OPERATIONAL_BUT_UNVERIFIED
265	10012	A23	1	20260826T194336Z-wp9-r069-p0265-s10012-a23-378c9ca0b4a6422e9e543c9fcbe67490	E4	M2	C0	T0	P4	P4	false	false	false	false	false	G09	true	0.5	0	0	30.0	0	30.0	1	1	1.0	0.0	2	3	0.6666666666666666	RECOVERY_FAILED
266	10012	A04	2	20260826T194931Z-wp9-r069-p0266-s10012-a04-8c9a35170004437c8b28f32fc817425d	E1	M2	C0	T0	P7	P2	false	true	false	false	true	G02	true	0.5	0	1	5.823194742	0	30.0	0	1	0.0	6.954507636	5	5	1.0	OPERATIONAL_BUT_UNVERIFIED
267	10012	A13	3	20260826T195524Z-wp9-r069-p0267-s10012-a13-46802132b2744a809a69e8deabd28c89	E3	M4	C0	T1	P7	P2	false	false	false	true	true	G06	true	0.5	0	0	30.0	0	30.0	0	1	0.0	29.810818090999998	10	10	1.0	RECOVERY_FAILED
268	10012	A07	4	20260826T200010Z-wp9-r069-p0268-s10012-a07-4c6a1441b7da4861a57b25adee85b1d3	E1	M2	C0	T0	P2	P2	false	false	false	false	true	G02	true	0.5	0	1	5.852369527	0	30.0	0	1	0.0	7.006237356	5	5	1.0	OPERATIONAL_BUT_UNVERIFIED
269	10012	A05	5	20260826T200559Z-wp9-r069-p0269-s10012-a05-e4a51b806d2c48fb960708f99d6b9e2a	E1	M4	C0	T0	P1	P1	false	true	false	false	false	G03	true	0.5	0	1	6.221334537	0	30.0	0	1	0.0	7.320820336000001	5	5	1.0	OPERATIONAL_BUT_UNVERIFIED
270	10012	A21	6	20260826T201204Z-wp9-r069-p0270-s10012-a21-f1df578b68b448dd8cf85671531d608d	E2	M0	C0	T0	P7	P1	false	false	false	false	false	G08	false	1.0	0	1	3.006276106	0	30.0	0	1	0.0	0.0	5	5	1.0	OPERATIONAL_BUT_UNVERIFIED
271	10012	A06	7	20260826T201757Z-wp9-r069-p0271-s10012-a06-6e9713b0c0824dd893ee02c0e1132f0c	E1	M4	C0	T0	P7	P2	false	true	false	false	false	G03	true	0.5	0	1	5.215973696	0	30.0	0	1	0.0	6.318281226	5	5	1.0	OPERATIONAL_BUT_UNVERIFIED
272	10012	A02	8	20260826T202340Z-wp9-r069-p0272-s10012-a02-86229058c5e84d9d8f640a2dfb7bbe01	E1	M0	C0	T0	P7	P1	false	true	false	false	false	G01	true	0.5	0	1	6.028962964	0	30.0	0	1	0.0	6.925199674999999	5	5	1.0	OPERATIONAL_BUT_UNVERIFIED
273	10012	A15	9	20260826T202948Z-wp9-r069-p0273-s10012-a15-32d7056bfe8a4898889cf06ad2ff8f3b	E3	M4	C0	T1	P5	P5	false	false	false	true	false	G06	true	1.0	0	1	1.610056129	1	4.652044274	0	1	0.0	1.3866514899999998	10	10	1.0	TRUSTED_RECOVERY_CONFIRMED
274	10012	A12	10	20260826T203434Z-wp9-r069-p0274-s10012-a12-9b8692961422499fbc51f11d62d95b30	E3	M4	C0	T1	P2	P2	false	false	false	false	true	G06	true	0.5	0	0	30.0	0	30.0	0	1	0.0	29.836620113	10	10	1.0	RECOVERY_FAILED
275	10012	A18	11	20260826T203934Z-wp9-r069-p0275-s10012-a18-0146a98654354a0eaf2aef05b89c2823	E3	M4	C1	T0	P7	P5	false	false	true	false	false	G07	true	1.0	0	1	1.430685745	1	4.9531948230000005	0	1	0.0	1.189656793	10	10	1.0	TRUSTED_RECOVERY_CONFIRMED
276	10012	A19	12	20260826T204429Z-wp9-r069-p0276-s10012-a19-e296099ea5ee4575a77a57b243f8adcc	E2	M0	C0	T0	P0	P0	false	false	false	false	false	G08	true	0.5	0	0	30.0	0	30.0	0	1	0.0	27.326386965999998	5	5	1.0	RECOVERY_FAILED
277	10012	A11	13	20260826T205025Z-wp9-r069-p0277-s10012-a11-09130a7c2e134b7f8c97227246aded37	E3	M4	C0	T0	P7	P5	false	false	true	true	true	G05	true	1.0	0	1	1.138751488	1	4.136526757	0	1	0.0	0.949547318	10	10	1.0	TRUSTED_RECOVERY_CONFIRMED
278	10012	A24	14	20260826T205513Z-wp9-r069-p0278-s10012-a24-f3a043a03e854dd09ce9cac1e85061f0	E4	M2	C0	T0	P7	P4	false	false	false	false	false	G09	true	0.5	0	0	30.0	0	30.0	1	1	1.0	0.0	2	3	0.6666666666666666	RECOVERY_FAILED
279	10012	A17	15	20260826T210118Z-wp9-r069-p0279-s10012-a17-7b517e11dd0240cab9e1c1aaec863a0b	E3	M4	C1	T0	P6	P6	true	false	true	false	false	G07	true	1.0	0	1	11.702244439	1	17.394599985000003	0	1	0.0	11.479300784	10	10	1.0	TRUSTED_RECOVERY_CONFIRMED
280	10012	A09	16	20260826T210610Z-wp9-r069-p0280-s10012-a09-5a46373545bd46cf90f4c74f5fd81451	E1	M2	C0	T1	P7	P4	false	false	false	false	true	G04	true	0.0	0	1	5.95990544	0	30.0	1	1	1.0	29.084176668999998	5	5	1.0	CONTAINED_NOT_RECOVERED
281	10012	A01	17	20260826T211205Z-wp9-r069-p0281-s10012-a01-cd3e63629dcc49458801817558cef56a	E1	M0	C0	T0	P1	P1	false	true	false	false	false	G01	true	0.5	0	1	5.678760649	0	30.0	0	1	0.0	6.8081836959999995	5	5	1.0	OPERATIONAL_BUT_UNVERIFIED
282	10012	A03	18	20260826T211759Z-wp9-r069-p0282-s10012-a03-9ad2ee73096948a0b53490f132e6b529	E1	M2	C0	T0	P1	P1	false	true	false	false	false	G02	true	0.5	0	1	6.985807004	0	30.0	0	1	0.0	7.943198208	5	5	1.0	OPERATIONAL_BUT_UNVERIFIED
283	10012	A08	19	20260826T212354Z-wp9-r069-p0283-s10012-a08-2b36e55e0e834966b33a3e7b0ff2516b	E1	M2	C0	T1	P2	P2	false	false	false	false	true	G04	true	0.5	0	1	5.2899016990000005	0	30.0	0	1	0.0	6.365739704	5	5	1.0	OPERATIONAL_BUT_UNVERIFIED
284	10012	A22	20	20260826T212938Z-wp9-r069-p0284-s10012-a22-bfd088b8011a4a1680714f172c4f69fa	E4	M2	C0	T0	P0	P0	false	false	false	false	false	G09	true	0.5	0	0	30.0	0	30.0	0	1	0.0	0.0	2	3	0.6666666666666666	RECOVERY_FAILED
285	10012	A14	21	20260826T213520Z-wp9-r069-p0285-s10012-a14-0ace29882fbd42cf8af33cc075b1f61c	E3	M4	C0	T0	P5	P5	false	false	false	true	false	G05	true	1.0	0	1	1.250767381	1	4.389773291	0	1	0.0	1.0804827320000001	10	10	1.0	TRUSTED_RECOVERY_CONFIRMED
286	10012	A10	22	20260826T213956Z-wp9-r069-p0286-s10012-a10-05edcdbb44844fc79a2bce299727da2e	E3	M4	C0	T0	P2	P2	false	false	false	false	true	G05	true	0.5	0	0	30.0	0	30.0	0	1	0.0	29.810775652	10	10	1.0	RECOVERY_FAILED
287	10012	A20	23	20260826T214430Z-wp9-r069-p0287-s10012-a20-195a49f5909a42adb3b34605b0d162e8	E2	M0	C0	T0	P1	P1	false	false	false	false	false	G08	false	1.0	0	1	2.824459608	0	30.0	0	1	0.0	0.0	5	5	1.0	OPERATIONAL_BUT_UNVERIFIED
288	10012	A16	24	20260826T215035Z-wp9-r069-p0288-s10012-a16-7bb4483eb24b420da6c8270b7e09b799	E3	M4	C0	T0	P6	P6	true	false	true	false	false	G05	true	1.0	0	1	1.7248148699999999	1	5.163769428999999	0	1	0.0	1.5264071519999998	10	10	1.0	TRUSTED_RECOVERY_CONFIRMED
289	10013	A14	1	20260826T222320Z-wp9-r069-p0289-s10013-a14-f1bea5d10cfa430394030613ee7904cb	E3	M4	C0	T0	P5	P5	false	false	false	true	false	G05	true	1.0	0	1	1.227749103	1	4.537802911	0	1	0.0	1.016144516	10	10	1.0	TRUSTED_RECOVERY_CONFIRMED
290	10013	A15	2	20260826T222828Z-wp9-r069-p0290-s10013-a15-c669bd22fae44cb2a395e50409616abe	E3	M4	C0	T1	P5	P5	false	false	false	true	false	G06	true	1.0	0	1	1.277272236	1	4.321124963	0	1	0.0	1.087241803	10	10	1.0	TRUSTED_RECOVERY_CONFIRMED
291	10013	A06	3	20260826T223330Z-wp9-r069-p0291-s10013-a06-55486868407d43ba8572a5a7d5cfa658	E1	M4	C0	T0	P7	P2	false	true	false	false	false	G03	true	0.5	0	1	6.060667456	0	30.0	0	1	0.0	7.218914398000001	5	5	1.0	OPERATIONAL_BUT_UNVERIFIED
292	10013	A21	4	20260826T223943Z-wp9-r069-p0292-s10013-a21-b3b976608d724de39558dc5f5298085f	E2	M0	C0	T0	P7	P1	false	false	false	false	false	G08	false	1.0	0	1	3.20589672	0	30.0	0	1	0.0	0.0	5	5	1.0	OPERATIONAL_BUT_UNVERIFIED
293	10013	A20	5	20260826T224559Z-wp9-r069-p0293-s10013-a20-a166898efc704d9bbaa4210cf8800925	E2	M0	C0	T0	P1	P1	false	false	false	false	false	G08	false	1.0	0	1	2.5584179139999996	0	30.0	0	1	0.0	0.0	5	5	1.0	OPERATIONAL_BUT_UNVERIFIED
294	10013	A08	6	20260826T225154Z-wp9-r069-p0294-s10013-a08-add8efd9ef584f49ae73104f4c693a47	E1	M2	C0	T1	P2	P2	false	false	false	false	true	G04	true	0.5	0	1	5.217289314	0	30.0	0	1	0.0	6.29153991	5	5	1.0	OPERATIONAL_BUT_UNVERIFIED
295	10013	A10	7	20260826T225800Z-wp9-r069-p0295-s10013-a10-20e9eecd748d4fb8ae447fe5c62b36f3	E3	M4	C0	T0	P2	P2	false	false	false	false	true	G05	true	0.5	0	0	30.0	0	30.0	0	1	0.0	29.747367652	10	10	1.0	RECOVERY_FAILED
296	10013	A13	8	20260826T230257Z-wp9-r069-p0296-s10013-a13-e80a17b5546e425e90bb3b0c70394801	E3	M4	C0	T1	P7	P2	false	false	false	true	true	G06	true	0.5	0	0	30.0	0	30.0	0	1	0.0	29.813015262	10	10	1.0	RECOVERY_FAILED
297	10013	A05	9	20260826T230740Z-wp9-r069-p0297-s10013-a05-25aa439dda314ad7bedfaa620c688c8d	E1	M4	C0	T0	P1	P1	false	true	false	false	false	G03	true	0.5	0	1	6.057925352	0	30.0	0	1	0.0	7.225563295	5	5	1.0	OPERATIONAL_BUT_UNVERIFIED
298	10013	A04	10	20260826T231330Z-wp9-r069-p0298-s10013-a04-8b50571defa64825bf25c9e5783948bd	E1	M2	C0	T0	P7	P2	false	true	false	false	true	G02	true	0.5	0	1	6.115326023000001	0	30.0	0	1	0.0	7.259377009	5	5	1.0	OPERATIONAL_BUT_UNVERIFIED
299	10013	A22	11	20260826T231945Z-wp9-r069-p0299-s10013-a22-6a6615bbe9864beda89b58cc94c41976	E4	M2	C0	T0	P0	P0	false	false	false	false	false	G09	true	0.5	0	0	30.0	0	30.0	0	1	0.0	0.0	2	3	0.6666666666666666	RECOVERY_FAILED
300	10013	A07	12	20260826T232530Z-wp9-r069-p0300-s10013-a07-0315c2332bfa47d38cb7c46e2e885595	E1	M2	C0	T0	P2	P2	false	false	false	false	true	G02	true	0.5	0	1	5.3750920849999995	0	30.0	0	1	0.0	6.452949783999999	5	5	1.0	OPERATIONAL_BUT_UNVERIFIED
301	10013	A17	13	20260826T233115Z-wp9-r069-p0301-s10013-a17-4bc8bde6132347b6ace024d23e93345f	E3	M4	C1	T0	P6	P6	true	false	true	false	false	G07	true	1.0	0	1	11.607810729	1	14.396461131	0	1	0.0	11.430216834000001	10	10	1.0	TRUSTED_RECOVERY_CONFIRMED
302	10013	A09	14	20260826T233547Z-wp9-r069-p0302-s10013-a09-528118fc6711487299cb0871951df4c4	E1	M2	C0	T1	P7	P4	false	false	false	false	true	G04	true	0.0	0	1	5.562673389	0	30.0	1	1	1.0	29.253510225	5	5	1.0	CONTAINED_NOT_RECOVERED
303	10013	A01	15	20260826T234127Z-wp9-r069-p0303-s10013-a01-bfa4c5aa6760422d9ac2f98c277d4929	E1	M0	C0	T0	P1	P1	false	true	false	false	false	G01	true	0.5	0	1	5.2793869429999996	0	30.0	0	1	0.0	6.407406386	5	5	1.0	OPERATIONAL_BUT_UNVERIFIED
304	10013	A02	16	20260826T234706Z-wp9-r069-p0304-s10013-a02-1a30ce911ff74903b0568d33c5352d53	E1	M0	C0	T0	P7	P1	false	true	false	false	false	G01	true	0.5	0	1	5.269509509000001	0	30.0	0	1	0.0	6.251772131	5	5	1.0	OPERATIONAL_BUT_UNVERIFIED
305	10013	A03	17	20260826T235246Z-wp9-r069-p0305-s10013-a03-7a9820aad6f64105b58553970c853e7a	E1	M2	C0	T0	P1	P1	false	true	false	false	false	G02	true	0.5	0	1	5.358582681	0	30.0	0	1	0.0	6.548261201999999	5	5	1.0	OPERATIONAL_BUT_UNVERIFIED
306	10013	A11	18	20260826T235825Z-wp9-r069-p0306-s10013-a11-5101be8073194ff98a9c8386453f40f3	E3	M4	C0	T0	P7	P5	false	false	true	true	true	G05	true	1.0	0	1	1.129964441	1	3.917362491	0	1	0.0	0.952425976	10	10	1.0	TRUSTED_RECOVERY_CONFIRMED
307	10013	A23	19	20260827T000259Z-wp9-r069-p0307-s10013-a23-623f6127ab304cce923a71bfc5f4d302	E4	M2	C0	T0	P4	P4	false	false	false	false	false	G09	true	0.5	0	0	30.0	0	30.0	1	1	1.0	0.0	2	3	0.6666666666666666	RECOVERY_FAILED
308	10013	A18	20	20260827T000841Z-wp9-r069-p0308-s10013-a18-d163be739b5a404d91b74091984f7558	E3	M4	C1	T0	P7	P5	false	false	true	false	false	G07	true	1.0	0	1	1.088102784	1	3.9011623699999998	0	1	0.0	0.8865112289999999	10	10	1.0	TRUSTED_RECOVERY_CONFIRMED
309	10013	A12	21	20260827T001316Z-wp9-r069-p0309-s10013-a12-1c07f4326de04bb38cc064187a1238cd	E3	M4	C0	T1	P2	P2	false	false	false	false	true	G06	true	0.5	0	0	30.0	0	30.0	0	1	0.0	29.815149066	10	10	1.0	RECOVERY_FAILED
310	10013	A24	22	20260827T001754Z-wp9-r069-p0310-s10013-a24-017441f340c640c19722e2365b4873f9	E4	M2	C0	T0	P7	P4	false	false	false	false	false	G09	true	0.5	0	0	30.0	0	30.0	1	1	1.0	0.0	2	3	0.6666666666666666	RECOVERY_FAILED
311	10013	A19	23	20260827T002337Z-wp9-r069-p0311-s10013-a19-3209c01bc8af45d28182d65799f983da	E2	M0	C0	T0	P0	P0	false	false	false	false	false	G08	true	0.5	0	0	30.0	0	30.0	0	1	0.0	27.557288571	5	5	1.0	RECOVERY_FAILED
312	10013	A16	24	20260827T002917Z-wp9-r069-p0312-s10013-a16-20a764de7c1547bbab33b5b4c71103a0	E3	M4	C0	T0	P6	P6	true	false	true	false	false	G05	true	1.0	0	1	1.656814746	1	4.785056329	0	1	0.0	1.4808302020000002	10	10	1.0	TRUSTED_RECOVERY_CONFIRMED
313	10014	A02	1	20260827T003351Z-wp9-r069-p0313-s10014-a02-f10eb35729404102bfab95fa65388d03	E1	M0	C0	T0	P7	P1	false	true	false	false	false	G01	true	0.5	0	1	5.601279341	0	30.0	0	1	0.0	6.488818457	5	5	1.0	OPERATIONAL_BUT_UNVERIFIED
314	10014	A23	2	20260827T003931Z-wp9-r069-p0314-s10014-a23-3f630f2ba3c14e999fb26e8206710b26	E4	M2	C0	T0	P4	P4	false	false	false	false	false	G09	true	0.5	0	0	30.0	0	30.0	1	1	1.0	0.0	2	3	0.6666666666666666	RECOVERY_FAILED
315	10014	A18	3	20260827T004513Z-wp9-r069-p0315-s10014-a18-e268fb8998fa4f41a7449d28e3abd844	E3	M4	C1	T0	P7	P5	false	false	true	false	false	G07	true	1.0	0	1	1.129859069	1	3.9901997380000003	0	1	0.0	0.9450951809999999	10	10	1.0	TRUSTED_RECOVERY_CONFIRMED
316	10014	A11	4	20260827T004948Z-wp9-r069-p0316-s10014-a11-c6013d7b0f014ae99f1015b68861b3fa	E3	M4	C0	T0	P7	P5	false	false	true	true	true	G05	true	1.0	0	1	1.3203638729999998	1	4.346424196999999	0	1	0.0	1.0853198259999999	10	10	1.0	TRUSTED_RECOVERY_CONFIRMED
317	10014	A16	5	20260827T005423Z-wp9-r069-p0317-s10014-a16-42c31ca953cc4750a66fe350701d5374	E3	M4	C0	T0	P6	P6	true	false	true	false	false	G05	true	1.0	0	1	1.572457344	1	4.422804635	0	1	0.0	1.39568403	10	10	1.0	TRUSTED_RECOVERY_CONFIRMED
318	10014	A01	6	20260827T005858Z-wp9-r069-p0318-s10014-a01-ae869c1544814743bb2bc2a7190c1951	E1	M0	C0	T0	P1	P1	false	true	false	false	false	G01	true	0.5	0	1	5.2843583259999996	0	30.0	0	1	0.0	6.6286879590000005	5	5	1.0	OPERATIONAL_BUT_UNVERIFIED
319	10014	A21	7	20260827T010440Z-wp9-r069-p0319-s10014-a21-b8988468d47c4cdebc499847ab4ffab5	E2	M0	C0	T0	P7	P1	false	false	false	false	false	G08	false	1.0	0	1	2.55538415	0	30.0	0	1	0.0	0.0	5	5	1.0	OPERATIONAL_BUT_UNVERIFIED
320	10014	A09	8	20260827T011024Z-wp9-r069-p0320-s10014-a09-3ac5143e4cc645d7a690db5b9815f040	E1	M2	C0	T1	P7	P4	false	false	false	false	true	G04	true	0.0	0	1	5.3140622650000005	0	30.0	1	1	1.0	29.105557683999997	5	5	1.0	CONTAINED_NOT_RECOVERED
321	10014	A08	9	20260827T011608Z-wp9-r069-p0321-s10014-a08-6fb053caa85f487d90e5ae3ad5703c71	E1	M2	C0	T1	P2	P2	false	false	false	false	true	G04	true	0.5	0	1	5.449792556	0	30.0	0	1	0.0	6.527255175	5	5	1.0	OPERATIONAL_BUT_UNVERIFIED
322	10014	A15	10	20260827T012159Z-wp9-r069-p0322-s10014-a15-c453b26d37f14028ae44a378277c6df1	E3	M4	C0	T1	P5	P5	false	false	false	true	false	G06	true	1.0	0	1	1.329099652	1	4.606425935000001	0	1	0.0	1.1463473300000002	10	10	1.0	TRUSTED_RECOVERY_CONFIRMED
323	10014	A06	11	20260827T012643Z-wp9-r069-p0323-s10014-a06-b49ba83421d14278ad06926487c35327	E1	M4	C0	T0	P7	P2	false	true	false	false	false	G03	true	0.5	0	1	5.841709045	0	30.0	0	1	0.0	7.209640688	5	5	1.0	OPERATIONAL_BUT_UNVERIFIED
324	10014	A13	12	20260827T013235Z-wp9-r069-p0324-s10014-a13-75fccbf7ad934f7ca85635197b6c2108	E3	M4	C0	T1	P7	P2	false	false	false	true	true	G06	true	0.5	0	0	30.0	0	30.0	0	1	0.0	29.811094961	10	10	1.0	RECOVERY_FAILED
325	10014	A20	13	20260827T013726Z-wp9-r069-p0325-s10014-a20-fb1e8a63c42547de8d710b34ac5bb360	E2	M0	C0	T0	P1	P1	false	false	false	false	false	G08	false	1.0	0	1	2.6248210609999996	0	30.0	0	1	0.0	0.0	5	5	1.0	OPERATIONAL_BUT_UNVERIFIED
326	10014	A17	14	20260827T014323Z-wp9-r069-p0326-s10014-a17-034932e804c04d3c8ff92972a5ee8cb1	E3	M4	C1	T0	P6	P6	true	false	true	false	false	G07	true	1.0	0	1	11.503981298	1	14.349783409	0	1	0.0	11.325399284	10	10	1.0	TRUSTED_RECOVERY_CONFIRMED
327	10014	A24	15	20260827T014813Z-wp9-r069-p0327-s10014-a24-fd8074176264480e9cd3ced1d949c4e0	E4	M2	C0	T0	P7	P4	false	false	false	false	false	G09	true	0.5	0	0	30.0	0	30.0	1	1	1.0	0.0	2	3	0.6666666666666666	RECOVERY_FAILED
328	10014	A22	16	20260827T015428Z-wp9-r069-p0328-s10014-a22-a9ec8997377042c7882f8942099ee0ff	E4	M2	C0	T0	P0	P0	false	false	false	false	false	G09	true	0.5	0	0	30.0	0	30.0	0	1	0.0	0.0	2	3	0.6666666666666666	RECOVERY_FAILED
329	10014	A14	17	20260827T020052Z-wp9-r069-p0329-s10014-a14-b2d999be427c4553bb9a7f34747cd387	E3	M4	C0	T0	P5	P5	false	false	false	true	false	G05	true	1.0	0	1	1.277828202	1	4.936991344	0	1	0.0	1.0527234880000003	10	10	1.0	TRUSTED_RECOVERY_CONFIRMED
330	10014	A05	18	20260827T020618Z-wp9-r069-p0330-s10014-a05-2de5c49b869943b59919fa3ffdad1187	E1	M4	C0	T0	P1	P1	false	true	false	false	false	G03	true	0.5	0	1	5.537877115	0	30.0	0	1	0.0	6.811087999	5	5	1.0	OPERATIONAL_BUT_UNVERIFIED
331	10014	A12	19	20260827T021220Z-wp9-r069-p0331-s10014-a12-22a3f2987c064bd7876f3d3f6edeeb8a	E3	M4	C0	T1	P2	P2	false	false	false	false	true	G06	true	0.5	0	0	30.0	0	30.0	0	1	0.0	29.81887556	10	10	1.0	RECOVERY_FAILED
332	10014	A07	20	20260827T021717Z-wp9-r069-p0332-s10014-a07-8ac6a4ce4f334cb8b8ad2a80415b3278	E1	M2	C0	T0	P2	P2	false	false	false	false	true	G02	true	0.5	0	1	6.211457234	0	30.0	0	1	0.0	7.508523898000001	5	5	1.0	OPERATIONAL_BUT_UNVERIFIED
333	10014	A19	21	20260827T022239Z-wp9-r069-p0333-s10014-a19-979e7f5cadfc4b32bbd68ca928ce7000	E2	M0	C0	T0	P0	P0	false	false	false	false	false	G08	true	0.5	0	0	30.0	0	30.0	0	1	0.0	28.006341541999998	5	5	1.0	RECOVERY_FAILED
334	10014	A03	22	20260827T022741Z-wp9-r069-p0334-s10014-a03-d940d33e52a24286bf46d17b1b3a5f0c	E1	M2	C0	T0	P1	P1	false	true	false	false	false	G02	true	0.5	0	1	4.060488587	0	30.0	0	1	0.0	5.030622942999999	5	5	1.0	OPERATIONAL_BUT_UNVERIFIED
335	10014	A04	23	20260827T023221Z-wp9-r069-p0335-s10014-a04-44ceb10295854714a663c21e1c0dd901	E1	M2	C0	T0	P7	P2	false	true	false	false	true	G02	true	0.5	0	1	3.8999826730000002	0	30.0	0	1	0.0	4.983026998	5	5	1.0	OPERATIONAL_BUT_UNVERIFIED
336	10014	A10	24	20260827T023655Z-wp9-r069-p0336-s10014-a10-c73250394f5e41a4a51b5cbbbbdb57e2	E3	M4	C0	T0	P2	P2	false	false	false	false	true	G05	true	0.5	0	0	30.0	0	30.0	0	1	0.0	29.874295672000002	10	10	1.0	RECOVERY_FAILED
337	10015	A20	1	20260827T025848Z-wp9-r069-p0337-s10015-a20-c5e0ee6b7e024b20aa4946e7a6717ad5	E2	M0	C0	T0	P1	P1	false	false	false	false	false	G08	false	1.0	0	1	1.7980206129999998	0	30.0	0	1	0.0	0.0	5	5	1.0	OPERATIONAL_BUT_UNVERIFIED
338	10015	A08	2	20260827T030339Z-wp9-r069-p0338-s10015-a08-34225db63d4e4a1d822e721c8456a256	E1	M2	C0	T1	P2	P2	false	false	false	false	true	G04	true	0.5	0	1	3.9128514909999996	0	30.0	0	1	0.0	4.874299915	5	5	1.0	OPERATIONAL_BUT_UNVERIFIED
339	10015	A22	3	20260827T030826Z-wp9-r069-p0339-s10015-a22-7d187e4eaad949caae06aaff6138fb4f	E4	M2	C0	T0	P0	P0	false	false	false	false	false	G09	true	0.5	0	0	30.0	0	30.0	0	1	0.0	0.0	2	3	0.6666666666666666	RECOVERY_FAILED
340	10015	A24	4	20260827T031321Z-wp9-r069-p0340-s10015-a24-f1e99a6047fa4d9ca941bf21364d9e24	E4	M2	C0	T0	P7	P4	false	false	false	false	false	G09	true	0.5	0	0	30.0	0	30.0	1	1	1.0	0.0	2	3	0.6666666666666666	RECOVERY_FAILED
341	10015	A18	5	20260827T031754Z-wp9-r069-p0341-s10015-a18-2c09fdbfc65e4aa682aa1d5be7edd103	E3	M4	C1	T0	P7	P5	false	false	true	false	false	G07	true	1.0	0	1	0.7922789659999999	1	2.831202281	0	1	0.0	0.660329768	10	10	1.0	TRUSTED_RECOVERY_CONFIRMED
342	10015	A06	6	20260827T032133Z-wp9-r069-p0342-s10015-a06-2e0e02eeacba42e6a29a3600a921f3a9	E1	M4	C0	T0	P7	P2	false	true	false	false	false	G03	true	0.5	0	1	4.013727416	0	30.0	0	1	0.0	5.043124151	5	5	1.0	OPERATIONAL_BUT_UNVERIFIED
343	10015	A11	7	20260827T032608Z-wp9-r069-p0343-s10015-a11-ae63974fcf184d6ba465f7fd3ebcf34c	E3	M4	C0	T0	P7	P5	false	false	true	true	true	G05	true	1.0	0	1	0.835940927	1	2.871000459	0	1	0.0	0.7004111420000001	10	10	1.0	TRUSTED_RECOVERY_CONFIRMED
344	10015	A13	8	20260827T032946Z-wp9-r069-p0344-s10015-a13-351984ef8a59418c80f6edc134785330	E3	M4	C0	T1	P7	P2	false	false	false	true	true	G06	true	0.5	0	0	30.0	0	30.0	0	1	0.0	29.873616534	10	10	1.0	RECOVERY_FAILED
345	10015	A01	9	20260827T033326Z-wp9-r069-p0345-s10015-a01-f676e8abf4f94c888d45f0e20a1e2018	E1	M0	C0	T0	P1	P1	false	true	false	false	false	G01	true	0.5	0	1	4.240804365	0	30.0	0	1	0.0	5.313366224	5	5	1.0	OPERATIONAL_BUT_UNVERIFIED
346	10015	A17	10	20260827T033800Z-wp9-r069-p0346-s10015-a17-a407c5c09bf94bf4a0ff32c793e620f4	E3	M4	C1	T0	P6	P6	true	false	true	false	false	G07	true	1.0	0	1	11.208496866	1	13.361227941000001	0	1	0.0	11.04985027	10	10	1.0	TRUSTED_RECOVERY_CONFIRMED
347	10015	A02	11	20260827T034148Z-wp9-r069-p0347-s10015-a02-7245aa87a49045af82ba2c86ed004c37	E1	M0	C0	T0	P7	P1	false	true	false	false	false	G01	true	0.5	0	1	3.819108941	0	30.0	0	1	0.0	4.773167252	5	5	1.0	OPERATIONAL_BUT_UNVERIFIED
348	10015	A03	12	20260827T034639Z-wp9-r069-p0348-s10015-a03-f78d706ab9e54d73a729e2621e26678a	E1	M2	C0	T0	P1	P1	false	true	false	false	false	G02	true	0.5	0	1	4.153811705	0	30.0	0	1	0.0	5.0445062279999995	5	5	1.0	OPERATIONAL_BUT_UNVERIFIED
349	10015	A09	13	20260827T035118Z-wp9-r069-p0349-s10015-a09-468da986f9054b2c96708f48557a0f53	E1	M2	C0	T1	P7	P4	false	false	false	false	true	G04	true	0.0	0	1	3.8272698540000003	0	30.0	1	1	1.0	29.160933733999997	5	5	1.0	CONTAINED_NOT_RECOVERED
350	10015	A23	14	20260827T035607Z-wp9-r069-p0350-s10015-a23-6e1bbcdb3e014473b4118fe5f8f733b4	E4	M2	C0	T0	P4	P4	false	false	false	false	false	G09	true	0.5	0	0	30.0	0	30.0	1	1	1.0	0.0	2	3	0.6666666666666666	RECOVERY_FAILED
351	10015	A15	15	20260827T040104Z-wp9-r069-p0351-s10015-a15-9faae8b3990d4321a0cc279bcdd44dd5	E3	M4	C0	T1	P5	P5	false	false	false	true	false	G06	true	1.0	0	1	0.8391162	1	2.7384466489999997	0	1	0.0	0.688009251	10	10	1.0	TRUSTED_RECOVERY_CONFIRMED
352	10015	A12	16	20260827T040519Z-wp9-r069-p0352-s10015-a12-efcf5a119948477bb96db5620f81f32b	E3	M4	C0	T1	P2	P2	false	false	false	false	true	G06	true	0.5	0	0	30.0	0	30.0	0	1	0.0	29.852336133	10	10	1.0	RECOVERY_FAILED
353	10015	A05	17	20260827T131517Z-wp9-r069-p0353-retry-s10015-a05-d62c3883c3234d6995a7d7dbbda90bdb	E1	M4	C0	T0	P1	P1	false	true	false	false	false	G03	true	0.5	0	1	4.2774415690000005	0	30.0	0	1	0.0	5.056820667	5	5	1.0	OPERATIONAL_BUT_UNVERIFIED
354	10015	A16	18	20260827T132010Z-wp9-r069-p0354-s10015-a16-2d8f8f6a47dc4ef48364efd137514e87	E3	M4	C0	T0	P6	P6	true	false	true	false	false	G05	true	1.0	0	1	1.3594905259999999	1	3.738523152	0	1	0.0	1.1606185299999998	10	10	1.0	TRUSTED_RECOVERY_CONFIRMED
355	10015	A07	19	20260827T132402Z-wp9-r069-p0355-s10015-a07-da4e92090dd64585ab74b596ae3226b5	E1	M2	C0	T0	P2	P2	false	false	false	false	true	G02	true	0.5	0	1	4.434554433	0	30.0	0	1	0.0	5.392786248	5	5	1.0	OPERATIONAL_BUT_UNVERIFIED
356	10015	A21	20	20260827T132858Z-wp9-r069-p0356-s10015-a21-214e9bbc4f2542e3baaa09de6abc83f1	E2	M0	C0	T0	P7	P1	false	false	false	false	false	G08	false	1.0	0	1	1.7677725249999998	0	30.0	0	1	0.0	0.0	5	5	1.0	OPERATIONAL_BUT_UNVERIFIED
357	10015	A10	21	20260827T133347Z-wp9-r069-p0357-s10015-a10-6b2bb0fecd9d48d6b95b896ce6cb1c2c	E3	M4	C0	T0	P2	P2	false	false	false	false	true	G05	true	0.5	0	0	30.0	0	30.0	0	1	0.0	29.758290885	10	10	1.0	RECOVERY_FAILED
358	10015	A14	22	20260827T133743Z-wp9-r069-p0358-s10015-a14-e17533e6ccfa434dbb8eb1c059ae105f	E3	M4	C0	T0	P5	P5	false	false	false	true	false	G05	true	1.0	0	1	0.923758062	1	2.95857335	0	1	0.0	0.7749496	10	10	1.0	TRUSTED_RECOVERY_CONFIRMED
359	10015	A19	23	20260827T134138Z-wp9-r069-p0359-s10015-a19-3a5c53bb1b9a4afe96985f5c46d06943	E2	M0	C0	T0	P0	P0	false	false	false	false	false	G08	true	0.5	0	0	30.0	0	30.0	0	1	0.0	28.34427583	5	5	1.0	RECOVERY_FAILED
360	10015	A04	24	20260827T134624Z-wp9-r069-p0360-s10015-a04-36e96c00bff54d76b8dd5dc4ba19599f	E1	M2	C0	T0	P7	P2	false	true	false	false	true	G02	true	0.5	0	1	4.496108926	0	30.0	0	1	0.0	5.3775406189999995	5	5	1.0	OPERATIONAL_BUT_UNVERIFIED
361	10016	A10	1	20260827T135123Z-wp9-r069-p0361-s10016-a10-a63627c350304ede93adfc44fce31e34	E3	M4	C0	T0	P2	P2	false	false	false	false	true	G05	true	0.5	0	0	30.0	0	30.0	0	1	0.0	29.856736130999998	10	10	1.0	RECOVERY_FAILED
362	10016	A02	2	20260827T135517Z-wp9-r069-p0362-s10016-a02-ba4ed3981c064c078d89075dbc4feefb	E1	M0	C0	T0	P7	P1	false	true	false	false	false	G01	true	0.5	0	1	4.369613996	0	30.0	0	1	0.0	5.364854382	5	5	1.0	OPERATIONAL_BUT_UNVERIFIED
363	10016	A01	3	20260827T140011Z-wp9-r069-p0363-s10016-a01-928906241d254d3fb092c22f7e3f5d2c	E1	M0	C0	T0	P1	P1	false	true	false	false	false	G01	true	0.5	0	1	4.121881667999999	0	30.0	0	1	0.0	5.083477654999999	5	5	1.0	OPERATIONAL_BUT_UNVERIFIED
364	10016	A09	4	20260827T140459Z-wp9-r069-p0364-s10016-a09-2b815657d8be432aa717cbc4ed36f9bb	E1	M2	C0	T1	P7	P4	false	false	false	false	true	G04	true	0.0	0	1	4.3036774950000005	0	30.0	1	1	1.0	29.381878609	5	5	1.0	CONTAINED_NOT_RECOVERED
365	10016	A19	5	20260827T140947Z-wp9-r069-p0365-s10016-a19-4d9316cda23940d1904783449d5fdd01	E2	M0	C0	T0	P0	P0	false	false	false	false	false	G08	true	0.5	0	0	30.0	0	30.0	0	1	0.0	28.104570285	5	5	1.0	RECOVERY_FAILED
366	10016	A20	6	20260827T141434Z-wp9-r069-p0366-s10016-a20-0e8d846a1911441e861729f282e5fdc9	E2	M0	C0	T0	P1	P1	false	false	false	false	false	G08	false	1.0	0	1	1.9615502110000003	0	30.0	0	1	0.0	0.0	5	5	1.0	OPERATIONAL_BUT_UNVERIFIED
367	10016	A04	7	20260827T141926Z-wp9-r069-p0367-s10016-a04-b88f3a1f2e4f4a8881d71736ceade364	E1	M2	C0	T0	P7	P2	false	true	false	false	true	G02	true	0.5	0	1	4.1552360770000005	0	30.0	0	1	0.0	5.12688247	5	5	1.0	OPERATIONAL_BUT_UNVERIFIED
368	10016	A21	8	20260827T142415Z-wp9-r069-p0368-s10016-a21-0e8d016c1bf6482a8274c6669f86e0ce	E2	M0	C0	T0	P7	P1	false	false	false	false	false	G08	false	1.0	0	1	1.936165109	0	30.0	0	1	0.0	0.0	5	5	1.0	OPERATIONAL_BUT_UNVERIFIED
369	10016	A15	9	20260827T142907Z-wp9-r069-p0369-s10016-a15-69dfd4c4e3584f9abfac772a5ec0837f	E3	M4	C0	T1	P5	P5	false	false	false	true	false	G06	true	1.0	0	1	0.9433166000000001	1	3.147721594	0	1	0.0	0.814631571	10	10	1.0	TRUSTED_RECOVERY_CONFIRMED
370	10016	A03	10	20260827T143300Z-wp9-r069-p0370-s10016-a03-a2703a0734aa431c86d4e0991aa55e6d	E1	M2	C0	T0	P1	P1	false	true	false	false	false	G02	true	0.5	0	1	4.080892765	0	30.0	0	1	0.0	5.021741004	5	5	1.0	OPERATIONAL_BUT_UNVERIFIED
371	10016	A24	11	20260827T143746Z-wp9-r069-p0371-s10016-a24-3c7c379bd4484d449e121a278f0ea275	E4	M2	C0	T0	P7	P4	false	false	false	false	false	G09	true	0.5	0	0	30.0	0	30.0	1	1	1.0	0.0	2	3	0.6666666666666666	RECOVERY_FAILED
372	10016	A12	12	20260827T144239Z-wp9-r069-p0372-s10016-a12-fa68f9c1516f46cd93d2de283e28feb8	E3	M4	C0	T1	P2	P2	false	false	false	false	true	G06	true	0.5	0	0	30.0	0	30.0	0	1	0.0	29.866764168	10	10	1.0	RECOVERY_FAILED
373	10016	A23	13	20260827T144636Z-wp9-r069-p0373-s10016-a23-5192d9464c5e4418b3c72f3e21e23d6a	E4	M2	C0	T0	P4	P4	false	false	false	false	false	G09	true	0.5	0	0	30.0	0	30.0	1	1	1.0	0.0	2	3	0.6666666666666666	RECOVERY_FAILED
374	10016	A06	14	20260827T145135Z-wp9-r069-p0374-s10016-a06-0ebcf03d4a44490b9a30c7c68159990e	E1	M4	C0	T0	P7	P2	false	true	false	false	false	G03	true	0.5	0	1	4.592079606	0	30.0	0	1	0.0	5.483193442	5	5	1.0	OPERATIONAL_BUT_UNVERIFIED
375	10016	A13	15	20260827T145632Z-wp9-r069-p0375-s10016-a13-d5ea63cff7f84ff8b624f952b4379554	E3	M4	C0	T1	P7	P2	false	false	false	true	true	G06	true	0.5	0	0	30.0	0	30.0	0	1	0.0	29.831558883	10	10	1.0	RECOVERY_FAILED
376	10016	A07	16	20260827T150027Z-wp9-r069-p0376-s10016-a07-a4b071c1a8af4ab0a83b664b4764f57f	E1	M2	C0	T0	P2	P2	false	false	false	false	true	G02	true	0.5	0	1	3.902762056	0	30.0	0	1	0.0	4.911539739	5	5	1.0	OPERATIONAL_BUT_UNVERIFIED
377	10016	A08	17	20260827T150936Z-wp9-r069-p0377-s10016-a08-e0e17c5ab27b4652b52845cad59b2bcd	E1	M2	C0	T1	P2	P2	false	false	false	false	true	G04	true	0.5	0	1	4.549447772	0	30.0	0	1	0.0	5.82694266	5	5	1.0	OPERATIONAL_BUT_UNVERIFIED
378	10016	A14	18	20260827T151423Z-wp9-r069-p0378-s10016-a14-5a4e8fabf30c453abb8619584b4e74ac	E3	M4	C0	T0	P5	P5	false	false	false	true	false	G05	true	1.0	0	1	1.014768797	1	3.57278567	0	1	0.0	0.850623702	10	10	1.0	TRUSTED_RECOVERY_CONFIRMED
379	10016	A22	19	20260827T151806Z-wp9-r069-p0379-s10016-a22-0201e25690ce4cf7ba5e93f4a0a3f9e5	E4	M2	C0	T0	P0	P0	false	false	false	false	false	G09	true	0.5	0	0	30.0	0	30.0	0	1	0.0	0.0	2	3	0.6666666666666666	RECOVERY_FAILED
380	10016	A16	20	20260827T152238Z-wp9-r069-p0380-s10016-a16-381fc8db64b2406b9f234d788ee17ffa	E3	M4	C0	T0	P6	P6	true	false	true	false	false	G05	true	1.0	0	1	1.090237517	1	2.9130761290000002	0	1	0.0	0.971755795	10	10	1.0	TRUSTED_RECOVERY_CONFIRMED
381	10016	A18	21	20260827T152626Z-wp9-r069-p0381-s10016-a18-c16e72a61659408691361ac244eebe8a	E3	M4	C1	T0	P7	P5	false	false	true	false	false	G07	true	1.0	0	1	1.12984068	1	3.4816991180000003	0	1	0.0	0.8983462689999999	10	10	1.0	TRUSTED_RECOVERY_CONFIRMED
382	10016	A17	22	20260827T153022Z-wp9-r069-p0382-s10016-a17-c441df745b924761bd7a28f45796c1f4	E3	M4	C1	T0	P6	P6	true	false	true	false	false	G07	true	1.0	0	1	11.091201843999999	1	13.170384206	0	1	0.0	10.952155126	10	10	1.0	TRUSTED_RECOVERY_CONFIRMED
383	10016	A05	23	20260827T153412Z-wp9-r069-p0383-s10016-a05-a4b3d97445aa4378a075740dfe6d9fcc	E1	M4	C0	T0	P1	P1	false	true	false	false	false	G03	true	0.5	0	1	4.598794019	0	30.0	0	1	0.0	5.497921723999999	5	5	1.0	OPERATIONAL_BUT_UNVERIFIED
384	10016	A11	24	20260827T153919Z-wp9-r069-p0384-s10016-a11-3edcb819f6b945fdb88dc098248d5409	E3	M4	C0	T0	P7	P5	false	false	true	true	true	G05	true	1.0	0	1	0.807701846	1	2.972853946	0	1	0.0	0.6736477999999999	10	10	1.0	TRUSTED_RECOVERY_CONFIRMED
385	10017	A20	1	20260827T154304Z-wp9-r069-p0385-s10017-a20-d93455c01b534a6d9ba5593592b098ff	E2	M0	C0	T0	P1	P1	false	false	false	false	false	G08	false	1.0	0	1	1.9690424999999998	0	30.0	0	1	0.0	0.0	5	5	1.0	OPERATIONAL_BUT_UNVERIFIED
386	10017	A14	2	20260827T154806Z-wp9-r069-p0386-s10017-a14-740b2996f7da4930a6bafd12fa5b88bb	E3	M4	C0	T0	P5	P5	false	false	false	true	false	G05	true	1.0	0	1	0.7870595469999999	1	2.660104618	0	1	0.0	0.654389814	10	10	1.0	TRUSTED_RECOVERY_CONFIRMED
387	10017	A10	3	20260827T155154Z-wp9-r069-p0387-s10017-a10-b4980869f95c416d8cad5d79d64068ca	E3	M4	C0	T0	P2	P2	false	false	false	false	true	G05	true	0.5	0	0	30.0	0	30.0	0	1	0.0	29.84527799	10	10	1.0	RECOVERY_FAILED
388	10017	A02	4	20260827T155551Z-wp9-r069-p0388-s10017-a02-458ab2d5bab24ae088153481811cc0f3	E1	M0	C0	T0	P7	P1	false	true	false	false	false	G01	true	0.5	0	1	3.710544478	0	30.0	0	1	0.0	4.739860633999999	5	5	1.0	OPERATIONAL_BUT_UNVERIFIED
389	10017	A15	5	20260827T160042Z-wp9-r069-p0389-s10017-a15-bebd8d0cd7024dfa90bbf48ccf92d1a7	E3	M4	C0	T1	P5	P5	false	false	false	true	false	G06	true	1.0	0	1	0.8633926639999999	1	2.973592199	0	1	0.0	0.710962887	10	10	1.0	TRUSTED_RECOVERY_CONFIRMED
390	10017	A06	6	20260827T160437Z-wp9-r069-p0390-s10017-a06-51ca95cfeb1f4d9e99fb7a26cfa5d5a8	E1	M4	C0	T0	P7	P2	false	true	false	false	false	G03	true	0.5	0	1	4.237971942	0	30.0	0	1	0.0	5.300619009	5	5	1.0	OPERATIONAL_BUT_UNVERIFIED
391	10017	A01	7	20260827T160936Z-wp9-r069-p0391-s10017-a01-1e07a9162c964c33935e020b45da3b1b	E1	M0	C0	T0	P1	P1	false	true	false	false	false	G01	true	0.5	0	1	3.6953382379999997	0	30.0	0	1	0.0	4.59100616	5	5	1.0	OPERATIONAL_BUT_UNVERIFIED
392	10017	A05	8	20260827T161409Z-wp9-r069-p0392-s10017-a05-cc5bc73b40774b91beef1e36827d4ac6	E1	M4	C0	T0	P1	P1	false	true	false	false	false	G03	true	0.5	0	1	3.636482461	0	30.0	0	1	0.0	4.605765668	5	5	1.0	OPERATIONAL_BUT_UNVERIFIED
393	10017	A13	9	20260827T161839Z-wp9-r069-p0393-s10017-a13-0354feb9a35f4370b6ad96efb7849544	E3	M4	C0	T1	P7	P2	false	false	false	true	true	G06	true	0.5	0	0	30.0	0	30.0	0	1	0.0	29.883780439	10	10	1.0	RECOVERY_FAILED
394	10017	A04	10	20260827T162215Z-wp9-r069-p0394-s10017-a04-d88eb60453b6425194053d48f95c13df	E1	M2	C0	T0	P7	P2	false	true	false	false	true	G02	true	0.5	0	1	3.853457175	0	30.0	0	1	0.0	4.780078475	5	5	1.0	OPERATIONAL_BUT_UNVERIFIED
395	10017	A11	11	20260827T162700Z-wp9-r069-p0395-s10017-a11-e92e6ac7907d4b56b41350549059e4ce	E3	M4	C0	T0	P7	P5	false	false	true	true	true	G05	true	1.0	0	1	0.9339166080000001	1	2.871184569	0	1	0.0	0.795892112	10	10	1.0	TRUSTED_RECOVERY_CONFIRMED
396	10017	A09	12	20260827T163043Z-wp9-r069-p0396-s10017-a09-4c2f5dbe9e06465fb2cdeb12540efb2b	E1	M2	C0	T1	P7	P4	false	false	false	false	true	G04	true	0.0	0	1	4.274239395	0	30.0	1	1	1.0	29.364657664	5	5	1.0	CONTAINED_NOT_RECOVERED
397	10017	A18	13	20260827T163602Z-wp9-r069-p0397-s10017-a18-8f7f31985a2e49c299f27976cf552825	E3	M4	C1	T0	P7	P5	false	false	true	false	false	G07	true	1.0	0	1	1.081592738	1	3.518450616	0	1	0.0	0.9372616090000001	10	10	1.0	TRUSTED_RECOVERY_CONFIRMED
398	10017	A03	14	20260827T163952Z-wp9-r069-p0398-s10017-a03-ca1dac8f08704c57bff9c6e6fd778517	E1	M2	C0	T0	P1	P1	false	true	false	false	false	G02	true	0.5	0	1	3.73186229	0	30.0	0	1	0.0	4.68628142	5	5	1.0	OPERATIONAL_BUT_UNVERIFIED
399	10017	A22	15	20260827T164446Z-wp9-r069-p0399-s10017-a22-0d35f715b3b241f8b033f19f2e675a3a	E4	M2	C0	T0	P0	P0	false	false	false	false	false	G09	true	0.5	0	0	30.0	0	30.0	0	1	0.0	0.0	2	3	0.6666666666666666	RECOVERY_FAILED
400	10017	A16	16	20260827T165000Z-wp9-r069-p0400-s10017-a16-c7c06bd3ad624954a867ad05de413fc0	E3	M4	C0	T0	P6	P6	true	false	true	false	false	G05	true	1.0	0	1	1.091828162	1	3.106080473	0	1	0.0	0.9376695340000001	10	10	1.0	TRUSTED_RECOVERY_CONFIRMED
401	10017	A24	17	20260827T170425Z-wp9-r069-p0401-s10017-a24-5e943b9bde474c209bc9ccdaa908f7b6	E4	M2	C0	T0	P7	P4	false	false	false	false	false	G09	true	0.5	0	0	30.0	0	30.0	1	1	1.0	0.0	2	3	0.6666666666666666	RECOVERY_FAILED
402	10017	A12	18	20260827T170919Z-wp9-r069-p0402-s10017-a12-93d56ec0b20b4bab97fade11f1d48359	E3	M4	C0	T1	P2	P2	false	false	false	false	true	G06	true	0.5	0	0	30.0	0	30.0	0	1	0.0	29.856439145	10	10	1.0	RECOVERY_FAILED
403	10017	A07	19	20260827T171305Z-wp9-r069-p0403-s10017-a07-f69b8b4f56eb458b89218c55cd50f097	E1	M2	C0	T0	P2	P2	false	false	false	false	true	G02	true	0.5	0	1	3.707482458	0	30.0	0	1	0.0	4.638088017	5	5	1.0	OPERATIONAL_BUT_UNVERIFIED
404	10017	A19	20	20260827T175142Z-wp9-r069-p0404-retry-s10017-a19-31b96f6303974779aab12fe7c2999d8b	E2	M0	C0	T0	P0	P0	false	false	false	false	false	G08	true	0.5	0	0	30.0	0	30.0	0	1	0.0	28.166487756000002	5	5	1.0	RECOVERY_FAILED
405	10017	A08	21	20260827T175631Z-wp9-r069-p0405-s10017-a08-d67e5325145d464aadc349443e4a54b1	E1	M2	C0	T1	P2	P2	false	false	false	false	true	G04	true	0.5	0	1	4.209400762	0	30.0	0	1	0.0	5.125862382	5	5	1.0	OPERATIONAL_BUT_UNVERIFIED
406	10017	A23	22	20260827T201304Z-wp9-r069-p0406-s10017-a23-ff3469786c5945c1a82d94440af6c01b	E4	M2	C0	T0	P4	P4	false	false	false	false	false	G09	true	0.5	0	0	30.0	0	30.0	1	1	1.0	0.0	2	3	0.6666666666666666	RECOVERY_FAILED
407	10017	A17	23	20260828T003730Z-wp9-r069-p0407-retry-s10017-a17-584202ed6ed746ec96fd93dfc586493b	E3	M4	C1	T0	P6	P6	true	false	true	false	false	G07	true	1.0	0	1	11.244845426	1	13.576645989	0	1	0.0	11.095772200999999	10	10	1.0	TRUSTED_RECOVERY_CONFIRMED
408	10017	A21	24	20260828T004137Z-wp9-r069-p0408-s10017-a21-40f1a8a05f2f4fa69dc5cb731dff06d7	E2	M0	C0	T0	P7	P1	false	false	false	false	false	G08	false	1.0	0	1	2.0102051330000004	0	30.0	0	1	0.0	0.0	5	5	1.0	OPERATIONAL_BUT_UNVERIFIED
409	10018	A23	1	20260828T004636Z-wp9-r069-p0409-s10018-a23-585310ab178640cbb3d9bf5ff5d91e9e	E4	M2	C0	T0	P4	P4	false	false	false	false	false	G09	true	0.5	0	0	30.0	0	30.0	1	1	1.0	0.0	2	3	0.6666666666666666	RECOVERY_FAILED
410	10018	A24	2	20260828T005133Z-wp9-r069-p0410-s10018-a24-03c3f383090c413997220acca15e4d93	E4	M2	C0	T0	P7	P4	false	false	false	false	false	G09	true	0.5	0	0	30.0	0	30.0	1	1	1.0	0.0	2	3	0.6666666666666666	RECOVERY_FAILED
411	10018	A13	3	20260828T005632Z-wp9-r069-p0411-s10018-a13-70e53328fe984d1687dc309e02894dfc	E3	M4	C0	T1	P7	P2	false	false	false	true	true	G06	true	0.5	0	0	30.0	0	30.0	0	1	0.0	29.87790435	10	10	1.0	RECOVERY_FAILED
412	10018	A19	4	20260828T010030Z-wp9-r069-p0412-s10018-a19-a016ada0560441fcaedfa24982faec58	E2	M0	C0	T0	P0	P0	false	false	false	false	false	G08	true	0.5	0	0	30.0	0	30.0	0	1	0.0	28.321473548	5	5	1.0	RECOVERY_FAILED
413	10018	A15	5	20260828T010531Z-wp9-r069-p0413-s10018-a15-bb5b011923734b8f9d5bd72cf3bec0bc	E3	M4	C0	T1	P5	P5	false	false	false	true	false	G06	true	1.0	0	1	0.790274609	1	2.8155082790000003	0	1	0.0	0.675244035	10	10	1.0	TRUSTED_RECOVERY_CONFIRMED
414	10018	A01	6	20260828T010930Z-wp9-r069-p0414-s10018-a01-152c773a4eb9476fa9e5f4427a53523a	E1	M0	C0	T0	P1	P1	false	true	false	false	false	G01	true	0.5	0	1	4.144044729	0	30.0	0	1	0.0	5.141224439999999	5	5	1.0	OPERATIONAL_BUT_UNVERIFIED
415	10018	A16	7	20260828T011426Z-wp9-r069-p0415-s10018-a16-7cc11c109e37430c8f58ee0cca9826f1	E3	M4	C0	T0	P6	P6	true	false	true	false	false	G05	true	1.0	0	1	1.8199337700000002	1	4.435698328	0	1	0.0	1.6458363480000002	10	10	1.0	TRUSTED_RECOVERY_CONFIRMED
416	10018	A03	8	20260828T011822Z-wp9-r069-p0416-s10018-a03-1c02145b86b6485aa49bfca6b97e2c20	E1	M2	C0	T0	P1	P1	false	true	false	false	false	G02	true	0.5	0	1	3.951701929	0	30.0	0	1	0.0	4.916585743	5	5	1.0	OPERATIONAL_BUT_UNVERIFIED
417	10018	A18	9	20260828T012313Z-wp9-r069-p0417-s10018-a18-f181c3acb1e5441abe44454165b94af6	E3	M4	C1	T0	P7	P5	false	false	true	false	false	G07	true	1.0	0	1	0.7570204039999999	1	2.805179454	0	1	0.0	0.632354416	10	10	1.0	TRUSTED_RECOVERY_CONFIRMED
418	10018	A06	10	20260828T012715Z-wp9-r069-p0418-s10018-a06-a802d9c4fb8646b0935430280bb74329	E1	M4	C0	T0	P7	P2	false	true	false	false	false	G03	true	0.5	0	1	5.130757612	0	30.0	0	1	0.0	6.488838025000001	5	5	1.0	OPERATIONAL_BUT_UNVERIFIED
419	10018	A14	11	20260828T013227Z-wp9-r069-p0419-s10018-a14-f145a0a1ab2c4ef89dfe7c7fba4f5ced	E3	M4	C0	T0	P5	P5	false	false	false	true	false	G05	true	1.0	0	1	0.767812468	1	3.0256822779999997	0	1	0.0	0.642112347	10	10	1.0	TRUSTED_RECOVERY_CONFIRMED
420	10018	A08	12	20260828T013623Z-wp9-r069-p0420-s10018-a08-90ffbbcada72433c809638fa4d88c4da	E1	M2	C0	T1	P2	P2	false	false	false	false	true	G04	true	0.5	0	1	3.809694095	0	30.0	0	1	0.0	4.79553926	5	5	1.0	OPERATIONAL_BUT_UNVERIFIED
421	10018	A22	13	20260828T014124Z-wp9-r069-p0421-s10018-a22-323e5f6547434c6593e7833976e622c9	E4	M2	C0	T0	P0	P0	false	false	false	false	false	G09	true	0.5	0	0	30.0	0	30.0	0	1	0.0	0.0	2	3	0.6666666666666666	RECOVERY_FAILED
422	10018	A02	14	20260828T014625Z-wp9-r069-p0422-s10018-a02-3a8998c4f086472f908e502ea338d159	E1	M0	C0	T0	P7	P1	false	true	false	false	false	G01	true	0.5	0	1	3.856662724	0	30.0	0	1	0.0	4.949868031	5	5	1.0	OPERATIONAL_BUT_UNVERIFIED
423	10018	A10	15	20260828T015145Z-wp9-r069-p0423-s10018-a10-85990d3dc6a8498ea07df52a3d1f7c1f	E3	M4	C0	T0	P2	P2	false	false	false	false	true	G05	true	0.5	0	0	30.0	0	30.0	0	1	0.0	29.858717461	10	10	1.0	RECOVERY_FAILED
424	10018	A04	16	20260828T015544Z-wp9-r069-p0424-s10018-a04-9fecde2180ec4421bcef200ffa754add	E1	M2	C0	T0	P7	P2	false	true	false	false	true	G02	true	0.5	0	1	3.8628908589999997	0	30.0	0	1	0.0	4.848629714	5	5	1.0	OPERATIONAL_BUT_UNVERIFIED
425	10018	A09	17	20260828T020050Z-wp9-r069-p0425-s10018-a09-931de2b6d426463ea1068e35d3cfa7da	E1	M2	C0	T1	P7	P4	false	false	false	false	true	G04	true	0.0	0	1	5.307439048	0	30.0	1	1	1.0	29.270201375	5	5	1.0	CONTAINED_NOT_RECOVERED
426	10018	A05	18	20260828T020609Z-wp9-r069-p0426-s10018-a05-feb9d210efec448987ac77cf5bdd4b4d	E1	M4	C0	T0	P1	P1	false	true	false	false	false	G03	true	0.5	0	1	3.7460417169999998	0	30.0	0	1	0.0	4.7808085789999994	5	5	1.0	OPERATIONAL_BUT_UNVERIFIED
427	10018	A20	19	20260828T021101Z-wp9-r069-p0427-s10018-a20-74b344360ddc490ba4e7e7e7e5f92666	E2	M0	C0	T0	P1	P1	false	false	false	false	false	G08	false	1.0	0	1	1.7849157660000001	0	30.0	0	1	0.0	0.0	5	5	1.0	OPERATIONAL_BUT_UNVERIFIED
428	10018	A21	20	20260828T021552Z-wp9-r069-p0428-s10018-a21-8dbe9084539b4f98a370cb7a39bfed43	E2	M0	C0	T0	P7	P1	false	false	false	false	false	G08	false	1.0	0	1	1.818131209	0	30.0	0	1	0.0	0.0	5	5	1.0	OPERATIONAL_BUT_UNVERIFIED
429	10018	A12	21	20260828T022053Z-wp9-r069-p0429-s10018-a12-30ec6b47cb0e4ec293f0d6d7bc5aeb05	E3	M4	C0	T1	P2	P2	false	false	false	false	true	G06	true	0.5	0	0	30.0	0	30.0	0	1	0.0	29.830095548	10	10	1.0	RECOVERY_FAILED
430	10018	A07	22	20260828T022510Z-wp9-r069-p0430-s10018-a07-da9f0c1efefb4c079bfc2fbd5f8871c7	E1	M2	C0	T0	P2	P2	false	false	false	false	true	G02	true	0.5	0	1	4.4489530969999995	0	30.0	0	1	0.0	5.612334185	5	5	1.0	OPERATIONAL_BUT_UNVERIFIED
431	10018	A11	23	20260828T023716Z-wp9-r069-p0431-s10018-a11-5984587ab34a4633b37c16099a3adda1	E3	M4	C0	T0	P7	P5	false	false	true	true	true	G05	true	1.0	0	1	0.710012017	1	2.6094981949999996	0	1	0.0	0.597912781	10	10	1.0	TRUSTED_RECOVERY_CONFIRMED
432	10018	A17	24	20260828T024107Z-wp9-r069-p0432-s10018-a17-b6f4465b3002475c82bb64eed98379ed	E3	M4	C1	T0	P6	P6	true	false	true	false	false	G07	true	1.0	0	1	11.073908755	1	13.08114142	0	1	0.0	10.946705983000001	10	10	1.0	TRUSTED_RECOVERY_CONFIRMED
433	10019	A02	1	20260828T024500Z-wp9-r069-p0433-s10019-a02-c2cc5f797fa04bbaa5c2013630b28926	E1	M0	C0	T0	P7	P1	false	true	false	false	false	G01	true	0.5	0	1	4.843909663000001	0	30.0	0	1	0.0	5.906309506	5	5	1.0	OPERATIONAL_BUT_UNVERIFIED
434	10019	A19	2	20260828T024958Z-wp9-r069-p0434-s10019-a19-4c984309a7ce42b7a3a7c14965a85e91	E2	M0	C0	T0	P0	P0	false	false	false	false	false	G08	true	0.5	0	0	30.0	0	30.0	0	1	0.0	28.055290297000003	5	5	1.0	RECOVERY_FAILED
435	10019	A24	3	20260828T025507Z-wp9-r069-p0435-s10019-a24-c31ab4c28bdd441cb08c7450577d06e8	E4	M2	C0	T0	P7	P4	false	false	false	false	false	G09	true	0.5	0	0	30.0	0	30.0	1	1	1.0	0.0	2	3	0.6666666666666666	RECOVERY_FAILED
436	10019	A20	4	20260828T030033Z-wp9-r069-p0436-s10019-a20-f372eda39b8c4bb6960da4e95fe249b7	E2	M0	C0	T0	P1	P1	false	false	false	false	false	G08	false	1.0	0	1	3.075447092	0	30.0	0	1	0.0	0.0	5	5	1.0	OPERATIONAL_BUT_UNVERIFIED
437	10019	A18	5	20260828T030549Z-wp9-r069-p0437-s10019-a18-e42da245c1394cfcb9ff20b266d3b7cf	E3	M4	C1	T0	P7	P5	false	false	true	false	false	G07	true	1.0	0	1	0.816654576	1	2.750016481	0	1	0.0	0.691055438	10	10	1.0	TRUSTED_RECOVERY_CONFIRMED
438	10019	A13	6	20260828T030937Z-wp9-r069-p0438-s10019-a13-5edcfdda88444b17ad4a59c46126830e	E3	M4	C0	T1	P7	P2	false	false	false	true	true	G06	true	0.5	0	0	30.0	0	30.0	0	1	0.0	29.871658266	10	10	1.0	RECOVERY_FAILED
439	10019	A05	7	20260828T031330Z-wp9-r069-p0439-s10019-a05-09d85346dfae45f7ac0be0bec0e34526	E1	M4	C0	T0	P1	P1	false	true	false	false	false	G03	true	0.5	0	1	4.168560284	0	30.0	0	1	0.0	5.1424155869999995	5	5	1.0	OPERATIONAL_BUT_UNVERIFIED
440	10019	A07	8	20260828T031812Z-wp9-r069-p0440-s10019-a07-af0be645bae04efa9a8c8eff12fa5bbe	E1	M2	C0	T0	P2	P2	false	false	false	false	true	G02	true	0.5	0	1	3.9133697409999995	0	30.0	0	1	0.0	4.6912353389999994	5	5	1.0	OPERATIONAL_BUT_UNVERIFIED
441	10019	A03	9	20260828T032301Z-wp9-r069-p0441-s10019-a03-fffba4e142ed4930b8750de385ac8f91	E1	M2	C0	T0	P1	P1	false	true	false	false	false	G02	true	0.5	0	1	3.995750176	0	30.0	0	1	0.0	4.95297123	5	5	1.0	OPERATIONAL_BUT_UNVERIFIED
442	10019	A21	10	20260828T032816Z-wp9-r069-p0442-s10019-a21-6954be8f78464c4cbadba006b9f1b2d7	E2	M0	C0	T0	P7	P1	false	false	false	false	false	G08	false	1.0	0	1	2.549884189	0	30.0	0	1	0.0	0.0	5	5	1.0	OPERATIONAL_BUT_UNVERIFIED
443	10019	A01	11	20260828T033309Z-wp9-r069-p0443-s10019-a01-45a0c58569dd444b926a1fe129b9fd34	E1	M0	C0	T0	P1	P1	false	true	false	false	false	G01	true	0.5	0	1	4.131593683	0	30.0	0	1	0.0	5.241659688	5	5	1.0	OPERATIONAL_BUT_UNVERIFIED
444	10019	A22	12	20260828T033810Z-wp9-r069-p0444-s10019-a22-545daf51d73546808c026ad0f528257c	E4	M2	C0	T0	P0	P0	false	false	false	false	false	G09	true	0.5	0	0	30.0	0	30.0	0	1	0.0	0.0	2	3	0.6666666666666666	RECOVERY_FAILED
445	10019	A14	13	20260828T034321Z-wp9-r069-p0445-s10019-a14-f34ed58ca98340fa9901250c5c2021b3	E3	M4	C0	T0	P5	P5	false	false	false	true	false	G05	true	1.0	0	1	0.900709358	1	3.2460905259999997	0	1	0.0	0.740862364	10	10	1.0	TRUSTED_RECOVERY_CONFIRMED
446	10019	A12	14	20260828T034736Z-wp9-r069-p0446-s10019-a12-ded6642cb33d45669bbaaf5707a030a1	E3	M4	C0	T1	P2	P2	false	false	false	false	true	G06	true	0.5	0	0	30.0	0	30.0	0	1	0.0	29.849521495999998	10	10	1.0	RECOVERY_FAILED
447	10019	A15	15	20260828T035154Z-wp9-r069-p0447-s10019-a15-00a3abaa0a7946eab359ffb3a092f682	E3	M4	C0	T1	P5	P5	false	false	false	true	false	G06	true	1.0	0	1	0.961383253	1	4.096840867999999	0	1	0.0	0.8014114010000001	10	10	1.0	TRUSTED_RECOVERY_CONFIRMED
448	10019	A17	16	20260828T035605Z-wp9-r069-p0448-s10019-a17-32036beb092c4b32a88b3aacbfc114cc	E3	M4	C1	T0	P6	P6	true	false	true	false	false	G07	true	1.0	0	1	11.294216299	1	13.978028624	0	1	0.0	11.159252246	10	10	1.0	TRUSTED_RECOVERY_CONFIRMED
449	10019	A10	17	20260828T040020Z-wp9-r069-p0449-s10019-a10-c021d7bcfa094d5887bde7717956ef54	E3	M4	C0	T0	P2	P2	false	false	false	false	true	G05	true	0.5	0	0	30.0	0	30.0	0	1	0.0	29.852506511999998	10	10	1.0	RECOVERY_FAILED
450	10019	A16	18	20260828T040428Z-wp9-r069-p0450-s10019-a16-4c717cef4f164bba862bb2551f31f123	E3	M4	C0	T0	P6	P6	true	false	true	false	false	G05	true	1.0	0	1	1.2881448930000001	1	3.5857988539999996	0	1	0.0	1.13679065	10	10	1.0	TRUSTED_RECOVERY_CONFIRMED
451	10019	A09	19	20260828T040845Z-wp9-r069-p0451-s10019-a09-dcc3233ca566493cad766b9227ea444e	E1	M2	C0	T1	P7	P4	false	false	false	false	true	G04	true	0.0	0	1	3.806175007	0	30.0	1	1	1.0	29.402225523	5	5	1.0	CONTAINED_NOT_RECOVERED
452	10019	A23	20	20260828T041324Z-wp9-r069-p0452-s10019-a23-bad6e465623d4cc280ebc3d447414f76	E4	M2	C0	T0	P4	P4	false	false	false	false	false	G09	true	0.5	0	0	30.0	0	30.0	1	1	1.0	0.0	2	3	0.6666666666666666	RECOVERY_FAILED
453	10019	A08	21	20260828T041813Z-wp9-r069-p0453-s10019-a08-09af9d06782e4262be3ba078612cd1c8	E1	M2	C0	T1	P2	P2	false	false	false	false	true	G04	true	0.5	0	1	3.9557616670000004	0	30.0	0	1	0.0	4.944943706	5	5	1.0	OPERATIONAL_BUT_UNVERIFIED
454	10019	A11	22	20260828T042307Z-wp9-r069-p0454-s10019-a11-5443091085ef4feca716d60e7932a281	E3	M4	C0	T0	P7	P5	false	false	true	true	true	G05	true	1.0	0	1	0.777165043	1	2.812795036	0	1	0.0	0.6544686439999999	10	10	1.0	TRUSTED_RECOVERY_CONFIRMED
455	10019	A06	23	20260828T051623Z-wp9-r069-p0455-s10019-a06-9ec6bc03e6904c5b895d375854c197ee	E1	M4	C0	T0	P7	P2	false	true	false	false	false	G03	true	0.5	0	1	4.704210276	0	30.0	0	1	0.0	5.891003292	5	5	1.0	OPERATIONAL_BUT_UNVERIFIED
456	10019	A04	24	20260828T052156Z-wp9-r069-p0456-s10019-a04-5ec62abbee0745118b184f5723d7a2ed	E1	M2	C0	T0	P7	P2	false	true	false	false	true	G02	true	0.5	0	1	4.678278231	0	30.0	0	1	0.0	5.923238646	5	5	1.0	OPERATIONAL_BUT_UNVERIFIED
457	10020	A08	1	20260828T052729Z-wp9-r069-p0457-s10020-a08-510259a779c740ed8b526b62419449a0	E1	M2	C0	T1	P2	P2	false	false	false	false	true	G04	true	0.5	0	1	4.46594054	0	30.0	0	1	0.0	5.576101512	5	5	1.0	OPERATIONAL_BUT_UNVERIFIED
458	10020	A24	2	20260828T053255Z-wp9-r069-p0458-s10020-a24-16ab346d72f347dba316ef356dc4b83d	E4	M2	C0	T0	P7	P4	false	false	false	false	false	G09	true	0.5	0	0	30.0	0	30.0	1	1	1.0	0.0	2	3	0.6666666666666666	RECOVERY_FAILED
459	10020	A03	3	20260828T053814Z-wp9-r069-p0459-s10020-a03-da527ad858694ead96b381048d04f4cd	E1	M2	C0	T0	P1	P1	false	true	false	false	false	G02	true	0.5	0	1	5.43016985	0	30.0	0	1	0.0	6.565085126	5	5	1.0	OPERATIONAL_BUT_UNVERIFIED
460	10020	A06	4	20260828T054338Z-wp9-r069-p0460-s10020-a06-3b64090a2c96415eb1b1e8446a17da39	E1	M4	C0	T0	P7	P2	false	true	false	false	false	G03	true	0.5	0	1	3.830032525	0	30.0	0	1	0.0	4.89029215	5	5	1.0	OPERATIONAL_BUT_UNVERIFIED
461	10020	A04	5	20260828T054838Z-wp9-r069-p0461-s10020-a04-af84e77bac174ee083192f595a05d30b	E1	M2	C0	T0	P7	P2	false	true	false	false	true	G02	true	0.5	0	1	3.83196719	0	30.0	0	1	0.0	4.879669712	5	5	1.0	OPERATIONAL_BUT_UNVERIFIED
462	10020	A23	6	20260828T055328Z-wp9-r069-p0462-s10020-a23-d8f7b2dae44b4bf281db987de6f5dea8	E4	M2	C0	T0	P4	P4	false	false	false	false	false	G09	true	0.5	0	0	30.0	0	30.0	1	1	1.0	0.0	2	3	0.6666666666666666	RECOVERY_FAILED
463	10020	A11	7	20260828T055818Z-wp9-r069-p0463-s10020-a11-d747236fc7164ccc9cee293519045299	E3	M4	C0	T0	P7	P5	false	false	true	true	true	G05	true	1.0	0	1	0.801293701	1	2.909474721	0	1	0.0	0.667999443	10	10	1.0	TRUSTED_RECOVERY_CONFIRMED
464	10020	A20	8	20260828T060209Z-wp9-r069-p0464-s10020-a20-bb1d1509e79a4b828e1aeaf3ae135bea	E2	M0	C0	T0	P1	P1	false	false	false	false	false	G08	false	1.0	0	1	1.913727662	0	30.0	0	1	0.0	0.0	5	5	1.0	OPERATIONAL_BUT_UNVERIFIED
465	10020	A16	9	20260828T060701Z-wp9-r069-p0465-s10020-a16-a745db269dde422db4948f3596002387	E3	M4	C0	T0	P6	P6	true	false	true	false	false	G05	true	1.0	0	1	1.20281571	1	3.1954500899999996	0	1	0.0	1.0768867180000001	10	10	1.0	TRUSTED_RECOVERY_CONFIRMED
466	10020	A10	10	20260828T061052Z-wp9-r069-p0466-s10020-a10-bec90fe9187d4288aff3f2afc6d74f9d	E3	M4	C0	T0	P2	P2	false	false	false	false	true	G05	true	0.5	0	0	30.0	0	30.0	0	1	0.0	29.846627872	10	10	1.0	RECOVERY_FAILED
467	10020	A17	11	20260828T061447Z-wp9-r069-p0467-s10020-a17-b4be3af8d87b40b1a215d91d2d0aa2e5	E3	M4	C1	T0	P6	P6	true	false	true	false	false	G07	true	1.0	0	1	11.054917022	1	13.184220315	0	1	0.0	10.934877374000001	10	10	1.0	TRUSTED_RECOVERY_CONFIRMED
468	10020	A14	12	20260828T061837Z-wp9-r069-p0468-s10020-a14-90fe2ec1e1aa4c1dad150b0816c48b75	E3	M4	C0	T0	P5	P5	false	false	false	true	false	G05	true	1.0	0	1	0.807055025	1	2.775422819	0	1	0.0	0.6507010440000001	10	10	1.0	TRUSTED_RECOVERY_CONFIRMED
469	10020	A21	13	20260828T062223Z-wp9-r069-p0469-s10020-a21-803f9db4471a4f1c82ff8ddc2139c81c	E2	M0	C0	T0	P7	P1	false	false	false	false	false	G08	false	1.0	0	1	1.7267322	0	30.0	0	1	0.0	0.0	5	5	1.0	OPERATIONAL_BUT_UNVERIFIED
470	10020	A05	14	20260828T062706Z-wp9-r069-p0470-s10020-a05-b185fbe5e0a74b5699d0f29950263d6f	E1	M4	C0	T0	P1	P1	false	true	false	false	false	G03	true	0.5	0	1	3.83890329	0	30.0	0	1	0.0	4.808787296	5	5	1.0	OPERATIONAL_BUT_UNVERIFIED
471	10020	A01	15	20260828T063149Z-wp9-r069-p0471-s10020-a01-8b797edbf1bc4ea19edc891233b88a26	E1	M0	C0	T0	P1	P1	false	true	false	false	false	G01	true	0.5	0	1	3.9208039200000004	0	30.0	0	1	0.0	4.964461174	5	5	1.0	OPERATIONAL_BUT_UNVERIFIED
472	10020	A02	16	20260828T063632Z-wp9-r069-p0472-s10020-a02-da570250d7fa47ff97d0453f0a40d470	E1	M0	C0	T0	P7	P1	false	true	false	false	false	G01	true	0.5	0	1	4.076137962	0	30.0	0	1	0.0	5.118943485	5	5	1.0	OPERATIONAL_BUT_UNVERIFIED
473	10020	A15	17	20260828T064115Z-wp9-r069-p0473-s10020-a15-9c0b89cd5637424ebf946227bb8edb30	E3	M4	C0	T1	P5	P5	false	false	false	true	false	G06	true	1.0	0	1	0.80685546	1	2.759257164	0	1	0.0	0.687244653	10	10	1.0	TRUSTED_RECOVERY_CONFIRMED
474	10020	A07	18	20260828T064516Z-wp9-r069-p0474-s10020-a07-312e3a452f3c44b5bfc1c8e8d4e1deec	E1	M2	C0	T0	P2	P2	false	false	false	false	true	G02	true	0.5	0	1	6.02399488	0	30.0	0	1	0.0	7.223917608000001	5	5	1.0	OPERATIONAL_BUT_UNVERIFIED
475	10020	A19	19	20260828T065048Z-wp9-r069-p0475-s10020-a19-00840b70093b4f3fb4a4c680a995747b	E2	M0	C0	T0	P0	P0	false	false	false	false	false	G08	true	0.5	0	0	30.0	0	30.0	0	1	0.0	26.757032166000002	5	5	1.0	RECOVERY_FAILED
476	10020	A22	20	20260828T065622Z-wp9-r069-p0476-s10020-a22-cc2a7507c2524d088ae38071b1dc42b4	E4	M2	C0	T0	P0	P0	false	false	false	false	false	G09	true	0.5	0	0	30.0	0	30.0	0	1	0.0	0.0	2	3	0.6666666666666666	RECOVERY_FAILED
477	10020	A13	21	20260828T070206Z-wp9-r069-p0477-s10020-a13-6318f443ccad4107836e4bc6942c3006	E3	M4	C0	T1	P7	P2	false	false	false	true	true	G06	true	0.5	0	0	30.0	0	30.0	0	1	0.0	29.78107962	10	10	1.0	RECOVERY_FAILED
478	10020	A12	22	20260828T070633Z-wp9-r069-p0478-s10020-a12-ff75f7fab9cd4faf9c70452d35784164	E3	M4	C0	T1	P2	P2	false	false	false	false	true	G06	true	0.5	0	0	30.0	0	30.0	0	1	0.0	29.878630617	10	10	1.0	RECOVERY_FAILED
479	10020	A09	23	20260828T071018Z-wp9-r069-p0479-s10020-a09-cf86937e94e64767858da26332e013f1	E1	M2	C0	T1	P7	P4	false	false	false	false	true	G04	true	0.0	0	1	3.811897837	0	30.0	1	1	1.0	29.398824715	5	5	1.0	CONTAINED_NOT_RECOVERED
480	10020	A18	24	20260828T071518Z-wp9-r069-p0480-s10020-a18-2a4fbcb4e15640ec897dbd29bc432af7	E3	M4	C1	T0	P7	P5	false	false	true	false	false	G07	true	1.0	0	1	1.193181938	1	4.572605297	0	1	0.0	1.0060476170000001	10	10	1.0	TRUSTED_RECOVERY_CONFIRMED
481	10021	A22	1	20260828T071938Z-wp9-r069-p0481-s10021-a22-04df68fcf5b745b59459a2a7713c7efd	E4	M2	C0	T0	P0	P0	false	false	false	false	false	G09	true	0.5	0	0	30.0	0	30.0	0	1	0.0	0.0	2	3	0.6666666666666666	RECOVERY_FAILED
482	10021	A09	2	20260828T072521Z-wp9-r069-p0482-s10021-a09-b15fe32284ba4d0382603e7c52bc8596	E1	M2	C0	T1	P7	P4	false	false	false	false	true	G04	true	0.0	0	1	6.656305361	0	30.0	1	1	1.0	28.914209242000002	5	5	1.0	CONTAINED_NOT_RECOVERED
483	10021	A03	3	20260828T073103Z-wp9-r069-p0483-s10021-a03-dc7e4781d2df422980967a966a622660	E1	M2	C0	T0	P1	P1	false	true	false	false	false	G02	true	0.5	0	1	6.994369715	0	30.0	0	1	0.0	8.429240815	5	5	1.0	OPERATIONAL_BUT_UNVERIFIED
484	10021	A04	4	20260828T073625Z-wp9-r069-p0484-s10021-a04-fd41c30b20e24f34b249677117a046e0	E1	M2	C0	T0	P7	P2	false	true	false	false	true	G02	true	0.5	0	1	3.9902090849999996	0	30.0	0	1	0.0	5.136046995	5	5	1.0	OPERATIONAL_BUT_UNVERIFIED
485	10021	A14	5	20260828T074128Z-wp9-r069-p0485-s10021-a14-315d256c05c7472eb4f059174e0eda71	E3	M4	C0	T0	P5	P5	false	false	false	true	false	G05	true	1.0	0	1	1.450932265	1	5.490942502	0	1	0.0	1.1972479699999998	10	10	1.0	TRUSTED_RECOVERY_CONFIRMED
486	10021	A05	6	20260828T074553Z-wp9-r069-p0486-s10021-a05-44a6a5dcd971409d8304eb354c57ab10	E1	M4	C0	T0	P1	P1	false	true	false	false	false	G03	true	0.5	0	1	7.110213904	0	30.0	0	1	0.0	8.699662487	5	5	1.0	OPERATIONAL_BUT_UNVERIFIED
487	10021	A08	7	20260828T075138Z-wp9-r069-p0487-s10021-a08-67b1ce9a996f41d0b49e68392fc7f5f0	E1	M2	C0	T1	P2	P2	false	false	false	false	true	G04	true	0.5	0	1	7.050631184999999	0	30.0	0	1	0.0	8.482463995	5	5	1.0	OPERATIONAL_BUT_UNVERIFIED
488	10021	A13	8	20260828T075656Z-wp9-r069-p0488-s10021-a13-1b01c5cc8aed4a4a955ff156e62feb20	E3	M4	C0	T1	P7	P2	false	false	false	true	true	G06	true	0.5	0	0	30.0	0	30.0	0	1	0.0	29.874307834	10	10	1.0	RECOVERY_FAILED
489	10021	A24	9	20260828T080056Z-wp9-r069-p0489-s10021-a24-4dc953ca56b74f5fbefe9472dd06771f	E4	M2	C0	T0	P7	P4	false	false	false	false	false	G09	true	0.5	0	0	30.0	0	30.0	1	1	1.0	0.0	2	3	0.6666666666666666	RECOVERY_FAILED
490	10021	A17	10	20260828T080637Z-wp9-r069-p0490-s10021-a17-b43c6b81c816419baa3d1754aad766eb	E3	M4	C1	T0	P6	P6	true	false	true	false	false	G07	true	1.0	0	1	11.987734755	1	15.814391121	0	1	0.0	11.737227334	10	10	1.0	TRUSTED_RECOVERY_CONFIRMED
491	10021	A11	11	20260828T081108Z-wp9-r069-p0491-s10021-a11-556964d566a14f7fbd977193fa3f0936	E3	M4	C0	T0	P7	P5	false	false	true	true	true	G05	true	1.0	0	1	1.6487195870000002	1	5.4900227	0	1	0.0	1.4018516360000002	10	10	1.0	TRUSTED_RECOVERY_CONFIRMED
492	10021	A23	12	20260828T081539Z-wp9-r069-p0492-s10021-a23-281a7e011fc1400a96f2594382038529	E4	M2	C0	T0	P4	P4	false	false	false	false	false	G09	true	0.5	0	0	30.0	0	30.0	1	1	1.0	0.0	2	3	0.6666666666666666	RECOVERY_FAILED
493	10021	A16	13	20260828T082027Z-wp9-r069-p0493-s10021-a16-9ca17d7e030b479b981e3d1421bbf6e2	E3	M4	C0	T0	P6	P6	true	false	true	false	false	G05	true	1.0	0	1	1.1399505140000001	1	3.4064645419999997	0	1	0.0	1.007727654	10	10	1.0	TRUSTED_RECOVERY_CONFIRMED
494	10021	A15	14	20260828T082446Z-wp9-r069-p0494-s10021-a15-8cbcd3e5b9e04d02ae0efb29cf825119	E3	M4	C0	T1	P5	P5	false	false	false	true	false	G06	true	1.0	0	1	1.299769239	1	4.820904567	0	1	0.0	1.093025184	10	10	1.0	TRUSTED_RECOVERY_CONFIRMED
495	10021	A19	15	20260828T082913Z-wp9-r069-p0495-s10021-a19-b866521680c64eddbd09d2c739c9dd5a	E2	M0	C0	T0	P0	P0	false	false	false	false	false	G08	true	0.5	0	0	30.0	0	30.0	0	1	0.0	26.761522734	5	5	1.0	RECOVERY_FAILED
496	10021	A21	16	20260828T083456Z-wp9-r069-p0496-s10021-a21-70e051b9a95a42408d160f68c0c2d766	E2	M0	C0	T0	P7	P1	false	false	false	false	false	G08	false	1.0	0	1	3.4233310219999997	0	30.0	0	1	0.0	0.0	5	5	1.0	OPERATIONAL_BUT_UNVERIFIED
497	10021	A20	17	20260828T084017Z-wp9-r069-p0497-s10021-a20-375e9465d4464562a24b128b0ff8389f	E2	M0	C0	T0	P1	P1	false	false	false	false	false	G08	false	1.0	0	1	1.8901737920000001	0	30.0	0	1	0.0	0.0	5	5	1.0	OPERATIONAL_BUT_UNVERIFIED
498	10021	A06	18	20260828T084511Z-wp9-r069-p0498-s10021-a06-e11414d38726418fb3fd519773aed591	E1	M4	C0	T0	P7	P2	false	true	false	false	false	G03	true	0.5	0	1	4.580493596999999	0	30.0	0	1	0.0	5.91925981	5	5	1.0	OPERATIONAL_BUT_UNVERIFIED
499	10021	A10	19	20260828T085020Z-wp9-r069-p0499-s10021-a10-0def228da52942f0a7ad0d6920c1aff7	E3	M4	C0	T0	P2	P2	false	false	false	false	true	G05	true	0.5	0	0	30.0	0	30.0	0	1	0.0	29.848092389	10	10	1.0	RECOVERY_FAILED
500	10021	A18	20	20260828T085426Z-wp9-r069-p0500-s10021-a18-d628c2ae8a9e406296c56f461290c9b1	E3	M4	C1	T0	P7	P5	false	false	true	false	false	G07	true	1.0	0	1	1.1059747229999999	1	4.159246812	0	1	0.0	0.9392736149999998	10	10	1.0	TRUSTED_RECOVERY_CONFIRMED
501	10021	A07	21	20260828T085831Z-wp9-r069-p0501-s10021-a07-5a25c99c38384b26a74a0b3e9c601495	E1	M2	C0	T0	P2	P2	false	false	false	false	true	G02	true	0.5	0	1	3.932404917	0	30.0	0	1	0.0	4.910030623	5	5	1.0	OPERATIONAL_BUT_UNVERIFIED
502	10021	A02	22	20260828T090314Z-wp9-r069-p0502-s10021-a02-7c813406da5c489891d08047f388be87	E1	M0	C0	T0	P7	P1	false	true	false	false	false	G01	true	0.5	0	1	3.8948584569999998	0	30.0	0	1	0.0	4.855446057	5	5	1.0	OPERATIONAL_BUT_UNVERIFIED
503	10021	A01	23	20260828T090806Z-wp9-r069-p0503-s10021-a01-59b06a2c38384c3fba580260f356916f	E1	M0	C0	T0	P1	P1	false	true	false	false	false	G01	true	0.5	0	1	4.10036088	0	30.0	0	1	0.0	5.360485359	5	5	1.0	OPERATIONAL_BUT_UNVERIFIED
504	10021	A12	24	20260828T091317Z-wp9-r069-p0504-s10021-a12-2919f1a0a40c4f25a589f8e12867d4a9	E3	M4	C0	T1	P2	P2	false	false	false	false	true	G06	true	0.5	0	0	30.0	0	30.0	0	1	0.0	29.818354336000002	10	10	1.0	RECOVERY_FAILED
505	10022	A20	1	20260828T091723Z-wp9-r069-p0505-s10022-a20-31c36d68a78c474f8061ef1cb28fa617	E2	M0	C0	T0	P1	P1	false	false	false	false	false	G08	false	1.0	0	1	2.626196723	0	30.0	0	1	0.0	0.0	5	5	1.0	OPERATIONAL_BUT_UNVERIFIED
506	10022	A23	2	20260828T092236Z-wp9-r069-p0506-s10022-a23-3f49dbefc6f545a99a60f6c2ae9c2c05	E4	M2	C0	T0	P4	P4	false	false	false	false	false	G09	true	0.5	0	0	30.0	0	30.0	1	1	1.0	0.0	2	3	0.6666666666666666	RECOVERY_FAILED
507	10022	A12	3	20260828T092748Z-wp9-r069-p0507-s10022-a12-f3377e30db214b78867d80682c972148	E3	M4	C0	T1	P2	P2	false	false	false	false	true	G06	true	0.5	0	0	30.0	0	30.0	0	1	0.0	29.833169849	10	10	1.0	RECOVERY_FAILED
508	10022	A01	4	20260828T093138Z-wp9-r069-p0508-s10022-a01-d37961fd20fc4fcb9800ad25c3d16168	E1	M0	C0	T0	P1	P1	false	true	false	false	false	G01	true	0.5	0	1	3.9542016510000004	0	30.0	0	1	0.0	5.049341232	5	5	1.0	OPERATIONAL_BUT_UNVERIFIED
509	10022	A11	5	20260828T093621Z-wp9-r069-p0509-s10022-a11-8642fdbc51fc477dae91e4c6d35fbcee	E3	M4	C0	T0	P7	P5	false	false	true	true	true	G05	true	1.0	0	1	0.8258978510000001	1	2.907621209	0	1	0.0	0.6879765630000001	10	10	1.0	TRUSTED_RECOVERY_CONFIRMED
510	10022	A04	6	20260828T094054Z-wp9-r069-p0510-s10022-a04-bc15a9d0907a484eb4223ae91fa0f878	E1	M2	C0	T0	P7	P2	false	true	false	false	true	G02	true	0.5	0	1	5.375657239	0	30.0	0	1	0.0	6.956855832	5	5	1.0	OPERATIONAL_BUT_UNVERIFIED
511	10022	A24	7	20260828T094605Z-wp9-r069-p0511-s10022-a24-2139924fbcbb42dba5ee3b6f9b624eac	E4	M2	C0	T0	P7	P4	false	false	false	false	false	G09	true	0.5	0	0	30.0	0	30.0	1	1	1.0	0.0	2	3	0.6666666666666666	RECOVERY_FAILED
512	10022	A21	8	20260828T095120Z-wp9-r069-p0512-s10022-a21-8d34b81ec25f498c9a57ea31e95bedb4	E2	M0	C0	T0	P7	P1	false	false	false	false	false	G08	false	1.0	0	1	2.812136013	0	30.0	0	1	0.0	0.0	5	5	1.0	OPERATIONAL_BUT_UNVERIFIED
513	10022	A17	9	20260828T095632Z-wp9-r069-p0513-s10022-a17-e832355939bc4334b76d09bcfc2d9db2	E3	M4	C1	T0	P6	P6	true	false	true	false	false	G07	true	1.0	0	1	11.516862478	1	14.570994283	0	1	0.0	11.339183265	10	10	1.0	TRUSTED_RECOVERY_CONFIRMED
514	10022	A06	10	20260828T100021Z-wp9-r069-p0514-s10022-a06-dd896db58cd14048b350312008275f69	E1	M4	C0	T0	P7	P2	false	true	false	false	false	G03	true	0.5	0	1	4.043616206	0	30.0	0	1	0.0	5.012570134000001	5	5	1.0	OPERATIONAL_BUT_UNVERIFIED
515	10022	A02	11	20260828T100502Z-wp9-r069-p0515-s10022-a02-17dfaac2aebe4b4eb7bdff9af886f33b	E1	M0	C0	T0	P7	P1	false	true	false	false	false	G01	true	0.5	0	1	4.033508152	0	30.0	0	1	0.0	5.029620537	5	5	1.0	OPERATIONAL_BUT_UNVERIFIED
516	10022	A19	12	20260828T101005Z-wp9-r069-p0516-s10022-a19-8b58f68530b14d779a091946a38c73d4	E2	M0	C0	T0	P0	P0	false	false	false	false	false	G08	true	0.5	0	0	30.0	0	30.0	0	1	0.0	27.584636603	5	5	1.0	RECOVERY_FAILED
517	10022	A13	13	20260828T101517Z-wp9-r069-p0517-s10022-a13-04f3f96031b1443da9af842ac1513ca5	E3	M4	C0	T1	P7	P2	false	false	false	true	true	G06	true	0.5	0	0	30.0	0	30.0	0	1	0.0	29.832191191	10	10	1.0	RECOVERY_FAILED
518	10022	A22	14	20260828T101925Z-wp9-r069-p0518-s10022-a22-d1b3838feb5042d6b57ec595640d9672	E4	M2	C0	T0	P0	P0	false	false	false	false	false	G09	true	0.5	0	0	30.0	0	30.0	0	1	0.0	0.0	2	3	0.6666666666666666	RECOVERY_FAILED
519	10022	A03	15	20260828T102438Z-wp9-r069-p0519-s10022-a03-5a4e854efa8842b496cb751d4686c8a9	E1	M2	C0	T0	P1	P1	false	true	false	false	false	G02	true	0.5	0	1	5.081014650999999	0	30.0	0	1	0.0	6.4985806440000005	5	5	1.0	OPERATIONAL_BUT_UNVERIFIED
520	10022	A09	16	20260828T102932Z-wp9-r069-p0520-s10022-a09-719480852492427dafbd4d3a587cd5f8	E1	M2	C0	T1	P7	P4	false	false	false	false	true	G04	true	0.0	0	1	4.230457159	0	30.0	1	1	1.0	29.383925463	5	5	1.0	CONTAINED_NOT_RECOVERED
521	10022	A08	17	20260828T103415Z-wp9-r069-p0521-s10022-a08-ffa0f2f339eb42d8a81be810c75bb7aa	E1	M2	C0	T1	P2	P2	false	false	false	false	true	G04	true	0.5	0	1	3.9475732530000003	0	30.0	0	1	0.0	4.944789051	5	5	1.0	OPERATIONAL_BUT_UNVERIFIED
522	10022	A18	18	20260828T103923Z-wp9-r069-p0522-s10022-a18-4f1b84a5aa1246c8a81e9920c2d594ea	E3	M4	C1	T0	P7	P5	false	false	true	false	false	G07	true	1.0	0	1	0.9600623999999999	1	3.54723139	0	1	0.0	0.8165344929999999	10	10	1.0	TRUSTED_RECOVERY_CONFIRMED
523	10022	A16	19	20260828T104330Z-wp9-r069-p0523-s10022-a16-02427a4f0cf744e9826a8f213bc73ac2	E3	M4	C0	T0	P6	P6	true	false	true	false	false	G05	true	1.0	0	1	1.7812620930000003	1	4.694117982	0	1	0.0	1.6065686350000004	10	10	1.0	TRUSTED_RECOVERY_CONFIRMED
524	10022	A14	20	20260828T104738Z-wp9-r069-p0524-s10022-a14-3b8c03b63a234adb851f70d73909b82a	E3	M4	C0	T0	P5	P5	false	false	false	true	false	G05	true	1.0	0	1	1.0217065429999999	1	3.831496243	0	1	0.0	0.861861912	10	10	1.0	TRUSTED_RECOVERY_CONFIRMED
525	10022	A15	21	20260828T105147Z-wp9-r069-p0525-s10022-a15-eb085cd46f8042ea995d9e361e93ad43	E3	M4	C0	T1	P5	P5	false	false	false	true	false	G06	true	1.0	0	1	1.067649168	1	3.8008497820000002	0	1	0.0	0.8501026620000001	10	10	1.0	TRUSTED_RECOVERY_CONFIRMED
526	10022	A10	22	20260828T105553Z-wp9-r069-p0526-s10022-a10-4173178b20454f338a6ad060f5462826	E3	M4	C0	T0	P2	P2	false	false	false	false	true	G05	true	0.5	0	0	30.0	0	30.0	0	1	0.0	29.875286069	10	10	1.0	RECOVERY_FAILED
527	10022	A07	23	20260828T105939Z-wp9-r069-p0527-s10022-a07-1f583e81005645f78481533a79662895	E1	M2	C0	T0	P2	P2	false	false	false	false	true	G02	true	0.5	0	1	3.962874071	0	30.0	0	1	0.0	4.911474696000001	5	5	1.0	OPERATIONAL_BUT_UNVERIFIED
528	10022	A05	24	20260828T110420Z-wp9-r069-p0528-s10022-a05-8ce8e518e87c4c9f964a671487518f60	E1	M4	C0	T0	P1	P1	false	true	false	false	false	G03	true	0.5	0	1	3.834919061	0	30.0	0	1	0.0	4.822419704	5	5	1.0	OPERATIONAL_BUT_UNVERIFIED
529	10023	A23	1	20260828T110925Z-wp9-r069-p0529-s10023-a23-457d77449c424b868beb5a328741a968	E4	M2	C0	T0	P4	P4	false	false	false	false	false	G09	true	0.5	0	0	30.0	0	30.0	1	1	1.0	0.0	2	3	0.6666666666666666	RECOVERY_FAILED
530	10023	A03	2	20260828T111433Z-wp9-r069-p0530-s10023-a03-7cd6aff3f33a4699a5a1a58390123c55	E1	M2	C0	T0	P1	P1	false	true	false	false	false	G02	true	0.5	0	1	5.119082414	0	30.0	0	1	0.0	6.289943783	5	5	1.0	OPERATIONAL_BUT_UNVERIFIED
531	10023	A07	3	20260828T111950Z-wp9-r069-p0531-s10023-a07-e8c9cc93a78c4f558003f1d449798094	E1	M2	C0	T0	P2	P2	false	false	false	false	true	G02	true	0.5	0	1	5.39320864	0	30.0	0	1	0.0	6.932944124	5	5	1.0	OPERATIONAL_BUT_UNVERIFIED
532	10023	A08	4	20260828T112502Z-wp9-r069-p0532-s10023-a08-6d07ac733adb4273bd9ba7e277277855	E1	M2	C0	T1	P2	P2	false	false	false	false	true	G04	true	0.5	0	1	4.100967295	0	30.0	0	1	0.0	5.029218676	5	5	1.0	OPERATIONAL_BUT_UNVERIFIED
533	10023	A24	5	20260828T112942Z-wp9-r069-p0533-s10023-a24-c838a410a5b14dbfa1ff30fd1eb2a07c	E4	M2	C0	T0	P7	P4	false	false	false	false	false	G09	true	0.5	0	0	30.0	0	30.0	1	1	1.0	0.0	2	3	0.6666666666666666	RECOVERY_FAILED
534	10023	A20	6	20260828T113431Z-wp9-r069-p0534-s10023-a20-d71739c167aa444c8072e5268c07da58	E2	M0	C0	T0	P1	P1	false	false	false	false	false	G08	false	1.0	0	1	2.487271558	0	30.0	0	1	0.0	0.0	5	5	1.0	OPERATIONAL_BUT_UNVERIFIED
535	10023	A01	7	20260828T113938Z-wp9-r069-p0535-s10023-a01-d38c18fd95b64d60bedb87260e7caaa1	E1	M0	C0	T0	P1	P1	false	true	false	false	false	G01	true	0.5	0	1	5.372654013	0	30.0	0	1	0.0	6.877631063	5	5	1.0	OPERATIONAL_BUT_UNVERIFIED
536	10023	A05	8	20260828T114448Z-wp9-r069-p0536-s10023-a05-1a0cf75564db4ae48c6fd6b380ea6e8e	E1	M4	C0	T0	P1	P1	false	true	false	false	false	G03	true	0.5	0	1	5.584129149	0	30.0	0	1	0.0	6.871694008	5	5	1.0	OPERATIONAL_BUT_UNVERIFIED
537	10023	A06	9	20260828T114957Z-wp9-r069-p0537-s10023-a06-69fe737bdd4a4667b1adc4627e37cbdd	E1	M4	C0	T0	P7	P2	false	true	false	false	false	G03	true	0.5	0	1	5.646895005999999	0	30.0	0	1	0.0	7.207655106000001	5	5	1.0	OPERATIONAL_BUT_UNVERIFIED
538	10023	A17	10	20260828T115505Z-wp9-r069-p0538-s10023-a17-cfedb2953cfd404ebc6b40a294cc24c3	E3	M4	C1	T0	P6	P6	true	false	true	false	false	G07	true	1.0	0	1	11.089780281000001	1	13.059976198000001	0	1	0.0	10.96032844	10	10	1.0	TRUSTED_RECOVERY_CONFIRMED
539	10023	A21	11	20260828T115849Z-wp9-r069-p0539-s10023-a21-281ed119e7ed4d86b6510aa41eb72584	E2	M0	C0	T0	P7	P1	false	false	false	false	false	G08	false	1.0	0	1	1.816690793	0	30.0	0	1	0.0	0.0	5	5	1.0	OPERATIONAL_BUT_UNVERIFIED
540	10023	A09	12	20260828T120330Z-wp9-r069-p0540-s10023-a09-cc070c1548d846ac8263ce120726bf84	E1	M2	C0	T1	P7	P4	false	false	false	false	true	G04	true	0.0	0	1	4.091828706	0	30.0	1	1	1.0	29.231473091999998	5	5	1.0	CONTAINED_NOT_RECOVERED
541	10023	A02	13	20260828T120835Z-wp9-r069-p0541-s10023-a02-fcb72749647341fc8969010092cc353e	E1	M0	C0	T0	P7	P1	false	true	false	false	false	G01	true	0.5	0	1	5.215961987	0	30.0	0	1	0.0	6.312325402	5	5	1.0	OPERATIONAL_BUT_UNVERIFIED
542	10023	A16	14	20260828T121343Z-wp9-r069-p0542-s10023-a16-2570f490e4de4072bf95d0321ba13008	E3	M4	C0	T0	P6	P6	true	false	true	false	false	G05	true	1.0	0	1	1.527910569	1	4.611789667	0	1	0.0	1.3637835440000001	10	10	1.0	TRUSTED_RECOVERY_CONFIRMED
543	10023	A10	15	20260828T121746Z-wp9-r069-p0543-s10023-a10-3c5cf1cad9a04012946c40f32faf0f6a	E3	M4	C0	T0	P2	P2	false	false	false	false	true	G05	true	0.5	0	0	30.0	0	30.0	0	1	0.0	29.809889176	10	10	1.0	RECOVERY_FAILED
544	10023	A12	16	20260828T122151Z-wp9-r069-p0544-s10023-a12-cf15235b576e4f51955bdd59b78b8887	E3	M4	C0	T1	P2	P2	false	false	false	false	true	G06	true	0.5	0	0	30.0	0	30.0	0	1	0.0	29.820147803	10	10	1.0	RECOVERY_FAILED
545	10023	A14	17	20260828T122554Z-wp9-r069-p0545-s10023-a14-0f905819150046f5abcd6da664f2aa31	E3	M4	C0	T0	P5	P5	false	false	false	true	false	G05	true	1.0	0	1	0.792304648	1	2.883639234	0	1	0.0	0.671725063	10	10	1.0	TRUSTED_RECOVERY_CONFIRMED
546	10023	A11	18	20260828T122937Z-wp9-r069-p0546-s10023-a11-9e928d1575904d608349652a5c00a4da	E3	M4	C0	T0	P7	P5	false	false	true	true	true	G05	true	1.0	0	1	0.840569707	1	2.820336662	0	1	0.0	0.7157024519999999	10	10	1.0	TRUSTED_RECOVERY_CONFIRMED
547	10023	A18	19	20260828T123322Z-wp9-r069-p0547-s10023-a18-f8904098ca0040788da0cc2f2f906966	E3	M4	C1	T0	P7	P5	false	false	true	false	false	G07	true	1.0	0	1	0.8316101470000001	1	2.883701407	0	1	0.0	0.702851968	10	10	1.0	TRUSTED_RECOVERY_CONFIRMED
548	10023	A22	20	20260828T123724Z-wp9-r069-p0548-s10023-a22-fa07f196dc59466fa2be407b92a9e3e8	E4	M2	C0	T0	P0	P0	false	false	false	false	false	G09	true	0.5	0	0	30.0	0	30.0	0	1	0.0	0.0	2	3	0.6666666666666666	RECOVERY_FAILED
549	10023	A04	21	20260828T124233Z-wp9-r069-p0549-s10023-a04-e8315625084d4032ba34e10e5bf7b604	E1	M2	C0	T0	P7	P2	false	true	false	false	true	G02	true	0.5	0	1	5.659409193	0	30.0	0	1	0.0	6.819867037	5	5	1.0	OPERATIONAL_BUT_UNVERIFIED
550	10023	A15	22	20260828T124740Z-wp9-r069-p0550-s10023-a15-f33056918bc141d9adadc451a425be6e	E3	M4	C0	T1	P5	P5	false	false	false	true	false	G06	true	1.0	0	1	0.997332761	1	3.824742914	0	1	0.0	0.82430162	10	10	1.0	TRUSTED_RECOVERY_CONFIRMED
551	10023	A13	23	20260828T131751Z-wp9-r069-p0551-s10023-a13-0ccc25fb637e44bbb100117cfabe9df7	E3	M4	C0	T1	P7	P2	false	false	false	true	true	G06	true	0.5	0	0	30.0	0	30.0	0	1	0.0	29.782293987	10	10	1.0	RECOVERY_FAILED
552	10023	A19	24	20260828T132208Z-wp9-r069-p0552-s10023-a19-41e691c8610b477ca181f6f006dedbb4	E2	M0	C0	T0	P0	P0	false	false	false	false	false	G08	true	0.5	0	0	30.0	0	30.0	0	1	0.0	28.178910583	5	5	1.0	RECOVERY_FAILED
553	10024	A13	1	20260828T132657Z-wp9-r069-p0553-s10024-a13-619fc8b509634c559175f719cf4653a1	E3	M4	C0	T1	P7	P2	false	false	false	true	true	G06	true	0.5	0	0	30.0	0	30.0	0	1	0.0	29.853781304	10	10	1.0	RECOVERY_FAILED
554	10024	A15	2	20260828T133049Z-wp9-r069-p0554-s10024-a15-cab8ca91221f4df2856af044b99e10e6	E3	M4	C0	T1	P5	P5	false	false	false	true	false	G06	true	1.0	0	1	0.823435293	1	2.7974417369999998	0	1	0.0	0.6716932229999999	10	10	1.0	TRUSTED_RECOVERY_CONFIRMED
555	10024	A07	3	20260828T133510Z-wp9-r069-p0555-s10024-a07-678a09082e7545f99ad720165fc589d4	E1	M2	C0	T0	P2	P2	false	false	false	false	true	G02	true	0.5	0	1	5.721390699	0	30.0	0	1	0.0	6.972672896	5	5	1.0	OPERATIONAL_BUT_UNVERIFIED
556	10024	A08	4	20260828T134042Z-wp9-r069-p0556-s10024-a08-542a415f7b9e446d9b56b611e9d590a8	E1	M2	C0	T1	P2	P2	false	false	false	false	true	G04	true	0.5	0	1	4.113304115	0	30.0	0	1	0.0	5.070573947	5	5	1.0	OPERATIONAL_BUT_UNVERIFIED
557	10024	A24	5	20260828T134544Z-wp9-r069-p0557-s10024-a24-ade980b6651143d7b39bb4b6995253be	E4	M2	C0	T0	P7	P4	false	false	false	false	false	G09	true	0.5	0	0	30.0	0	30.0	1	1	1.0	0.0	2	3	0.6666666666666666	RECOVERY_FAILED
558	10024	A10	6	20260828T135149Z-wp9-r069-p0558-s10024-a10-cfdd833308ea4cd398e4f6d277bdc771	E3	M4	C0	T0	P2	P2	false	false	false	false	true	G05	true	0.5	0	0	30.0	0	30.0	0	1	0.0	29.728717169	10	10	1.0	RECOVERY_FAILED
559	10024	A01	7	20260828T135715Z-wp9-r069-p0559-s10024-a01-6ce6f95a36e04d989432941f41f5f475	E1	M0	C0	T0	P1	P1	false	true	false	false	false	G01	true	0.5	0	1	7.700886414	0	30.0	0	1	0.0	8.834400502	5	5	1.0	OPERATIONAL_BUT_UNVERIFIED
560	10024	A21	8	20260828T140342Z-wp9-r069-p0560-s10024-a21-400b994f80154b188a5aeaa21adce876	E2	M0	C0	T0	P7	P1	false	false	false	false	false	G08	false	1.0	0	1	3.0482825339999997	0	30.0	0	1	0.0	0.0	5	5	1.0	OPERATIONAL_BUT_UNVERIFIED
561	10024	A05	9	20260828T141027Z-wp9-r069-p0561-s10024-a05-28a2a14d417645038a4b56ad01e8c17c	E1	M4	C0	T0	P1	P1	false	true	false	false	false	G03	true	0.5	0	1	4.195330582	0	30.0	0	1	0.0	5.307357154	5	5	1.0	OPERATIONAL_BUT_UNVERIFIED
562	10024	A19	10	20260828T141538Z-wp9-r069-p0562-s10024-a19-e3f69d68c66a4f0ba8e636f1b10ca5d2	E2	M0	C0	T0	P0	P0	false	false	false	false	false	G08	true	0.5	0	0	30.0	0	30.0	0	1	0.0	26.471191982	5	5	1.0	RECOVERY_FAILED
563	10024	A11	11	20260828T142129Z-wp9-r069-p0563-s10024-a11-57aca3ab7ddf4fb9a5a43e751cb7344d	E3	M4	C0	T0	P7	P5	false	false	true	true	true	G05	true	1.0	0	1	1.6135013789999997	1	5.897699502	0	1	0.0	1.3643201009999997	10	10	1.0	TRUSTED_RECOVERY_CONFIRMED
564	10024	A14	12	20260828T142616Z-wp9-r069-p0564-s10024-a14-82967ba74ee349f0b9a930fd47ad0f8c	E3	M4	C0	T0	P5	P5	false	false	false	true	false	G05	true	1.0	0	1	1.7884884030000001	1	6.82011379	0	1	0.0	1.510091445	10	10	1.0	TRUSTED_RECOVERY_CONFIRMED
565	10024	A18	13	20260828T143119Z-wp9-r069-p0565-s10024-a18-e9a17dc1efbb4ee8a4c8ecd33c2378ba	E3	M4	C1	T0	P7	P5	false	false	true	false	false	G07	true	1.0	0	1	1.911523777	1	6.923948145	0	1	0.0	1.550492616	10	10	1.0	TRUSTED_RECOVERY_CONFIRMED
566	10024	A02	14	20260828T143522Z-wp9-r069-p0566-s10024-a02-f0af0b23f59e47899828bb5868f29ac6	E1	M0	C0	T0	P7	P1	false	true	false	false	false	G01	true	0.5	0	1	3.899072767	0	30.0	0	1	0.0	4.882037507000001	5	5	1.0	OPERATIONAL_BUT_UNVERIFIED
567	10024	A12	15	20260828T144046Z-wp9-r069-p0567-s10024-a12-a982066b1f16428c9baf9511a87755cc	E3	M4	C0	T1	P2	P2	false	false	false	false	true	G06	true	0.5	0	0	30.0	0	30.0	0	1	0.0	29.748745642000003	10	10	1.0	RECOVERY_FAILED
568	10024	A23	16	20260828T144516Z-wp9-r069-p0568-s10024-a23-5660598eea8a4c69a3b02526ddd9286a	E4	M2	C0	T0	P4	P4	false	false	false	false	false	G09	true	0.5	0	0	30.0	0	30.0	1	1	1.0	0.0	2	3	0.6666666666666666	RECOVERY_FAILED
569	10024	A22	17	20260828T145142Z-wp9-r069-p0569-s10024-a22-21b1184e053a4ec88dd9e78411332590	E4	M2	C0	T0	P0	P0	false	false	false	false	false	G09	true	0.5	0	0	30.0	0	30.0	0	1	0.0	0.0	2	3	0.6666666666666666	RECOVERY_FAILED
570	10024	A16	18	20260828T145804Z-wp9-r069-p0570-s10024-a16-d74f411163214ff5a7221977abcec448	E3	M4	C0	T0	P6	P6	true	false	true	false	false	G05	true	1.0	0	1	1.9824539559999999	1	5.911671795	0	1	0.0	1.7492006679999998	10	10	1.0	TRUSTED_RECOVERY_CONFIRMED
571	10024	A04	19	20260828T150215Z-wp9-r069-p0571-s10024-a04-2f2e3a8b61a94ad7a40a7c1950712fc2	E1	M2	C0	T0	P7	P2	false	true	false	false	true	G02	true	0.5	0	1	3.856735831	0	30.0	0	1	0.0	4.925593521	5	5	1.0	OPERATIONAL_BUT_UNVERIFIED
572	10024	A03	20	20260828T150720Z-wp9-r069-p0572-s10024-a03-a46e98c3f61e4ac29f36150926a86864	E1	M2	C0	T0	P1	P1	false	true	false	false	false	G02	true	0.5	0	1	6.364017288	0	30.0	0	1	0.0	7.796120895	5	5	1.0	OPERATIONAL_BUT_UNVERIFIED
573	10024	A09	21	20260828T151301Z-wp9-r069-p0573-s10024-a09-a81b570cd1c84a5da5fd04d94567f1ed	E1	M2	C0	T1	P7	P4	false	false	false	false	true	G04	true	0.0	0	1	6.554057276	0	30.0	1	1	1.0	28.927755326	5	5	1.0	CONTAINED_NOT_RECOVERED
574	10024	A06	22	20260828T151850Z-wp9-r069-p0574-s10024-a06-8d6b3303279345f1b75e914507aff6be	E1	M4	C0	T0	P7	P2	false	true	false	false	false	G03	true	0.5	0	1	6.868239366	0	30.0	0	1	0.0	8.503556479	5	5	1.0	OPERATIONAL_BUT_UNVERIFIED
575	10024	A17	23	20260828T155021Z-wp9-r069-p0575-s10024-a17-7688536330a049979e79a725e196d6d5	E3	M4	C1	T0	P6	P6	true	false	true	false	false	G07	true	1.0	0	1	11.151454617	1	13.470281918	0	1	0.0	11.013856139000001	10	10	1.0	TRUSTED_RECOVERY_CONFIRMED
576	10024	A20	24	20260828T155446Z-wp9-r069-p0576-s10024-a20-72e2b0ac21b542c492c175ff21099a83	E2	M0	C0	T0	P1	P1	false	false	false	false	false	G08	false	1.0	0	1	2.735805451	0	30.0	0	1	0.0	0.0	5	5	1.0	OPERATIONAL_BUT_UNVERIFIED
577	10025	A10	1	20260828T160007Z-wp9-r069-p0577-s10025-a10-404a1272ac614903aaf2a6b85bef6ed9	E3	M4	C0	T0	P2	P2	false	false	false	false	true	G05	true	0.5	0	0	30.0	0	30.0	0	1	0.0	29.76762158	10	10	1.0	RECOVERY_FAILED
578	10025	A01	2	20260828T160429Z-wp9-r069-p0578-s10025-a01-afafb1a3296546ca97b143e0c6e0606a	E1	M0	C0	T0	P1	P1	false	true	false	false	false	G01	true	0.5	0	1	4.167384859999999	0	30.0	0	1	0.0	5.1367130770000005	5	5	1.0	OPERATIONAL_BUT_UNVERIFIED
579	10025	A04	3	20260828T161123Z-wp9-r069-p0579-s10025-a04-07380e90a4e342128377e0f9488f2752	E1	M2	C0	T0	P7	P2	false	true	false	false	true	G02	true	0.5	0	1	9.687631175	0	30.0	0	1	0.0	11.327445305000001	5	5	1.0	OPERATIONAL_BUT_UNVERIFIED
580	10025	A06	4	20260828T161853Z-wp9-r069-p0580-s10025-a06-dfd642496e6d49b9b994549e1ba454d5	E1	M4	C0	T0	P7	P2	false	true	false	false	false	G03	true	0.5	0	1	8.740467686	0	30.0	0	1	0.0	10.338929756	5	5	1.0	OPERATIONAL_BUT_UNVERIFIED
581	10025	A17	5	20260828T162602Z-wp9-r069-p0581-s10025-a17-ca1e324810df48649f8f8e5b4d1f6f14	E3	M4	C1	T0	P6	P6	true	false	true	false	false	G07	true	1.0	0	1	13.452614173999999	1	19.06293563	0	1	0.0	13.08229396	10	10	1.0	TRUSTED_RECOVERY_CONFIRMED
582	10025	A08	6	20260828T205228Z-wp9-r069-p0582-retry-s10025-a08-7b80078d23ef4da088fd29f2ef2407c5	E1	M2	C0	T1	P2	P2	false	false	false	false	true	G04	true	0.5	0	1	4.124598205	0	30.0	0	1	0.0	5.080723253	5	5	1.0	OPERATIONAL_BUT_UNVERIFIED
583	10025	A07	7	20260828T205816Z-wp9-r069-p0583-s10025-a07-b5cba6615d404f7d939e1b176e2f24d5	E1	M2	C0	T0	P2	P2	false	false	false	false	true	G02	true	0.5	0	1	3.7929371720000002	0	30.0	0	1	0.0	4.721113387	5	5	1.0	OPERATIONAL_BUT_UNVERIFIED
584	10025	A12	8	20260828T210314Z-wp9-r069-p0584-s10025-a12-f20722890b6a4ab794f39cd3e309e23c	E3	M4	C0	T1	P2	P2	false	false	false	false	true	G06	true	0.5	0	0	30.0	0	30.0	0	1	0.0	29.785001117	10	10	1.0	RECOVERY_FAILED
585	10025	A21	9	20260828T210734Z-wp9-r069-p0585-s10025-a21-1137d0d44c8345fd981faafb55e01173	E2	M0	C0	T0	P7	P1	false	false	false	false	false	G08	false	1.0	0	1	1.9645033100000002	0	30.0	0	1	0.0	0.0	5	5	1.0	OPERATIONAL_BUT_UNVERIFIED
586	10025	A22	10	20260828T211255Z-wp9-r069-p0586-s10025-a22-9974fed895994c5eaa74d536f687ef83	E4	M2	C0	T0	P0	P0	false	false	false	false	false	G09	true	0.5	0	0	30.0	0	30.0	0	1	0.0	0.0	2	3	0.6666666666666666	RECOVERY_FAILED
587	10025	A11	11	20260828T211757Z-wp9-r069-p0587-s10025-a11-e9837f2d463644b1aec7b5c8d9000a9f	E3	M4	C0	T0	P7	P5	false	false	true	true	true	G05	true	1.0	0	1	0.799019889	1	2.967499235	0	1	0.0	0.672716909	10	10	1.0	TRUSTED_RECOVERY_CONFIRMED
588	10025	A19	12	20260828T212156Z-wp9-r069-p0588-s10025-a19-6d35e5e171ce42b5b51ed89e098ac5a4	E2	M0	C0	T0	P0	P0	false	false	false	false	false	G08	true	0.5	0	0	30.0	0	30.0	0	1	0.0	28.175979701	5	5	1.0	RECOVERY_FAILED
589	10025	A05	13	20260828T212653Z-wp9-r069-p0589-s10025-a05-178a8863155e4ee3b81b0321890634eb	E1	M4	C0	T0	P1	P1	false	true	false	false	false	G03	true	0.5	0	1	3.931814611	0	30.0	0	1	0.0	4.674454438	5	5	1.0	OPERATIONAL_BUT_UNVERIFIED
590	10025	A14	14	20260828T213149Z-wp9-r069-p0590-s10025-a14-c6b86114eec7469e8e24194266582e25	E3	M4	C0	T0	P5	P5	false	false	false	true	false	G05	true	1.0	0	1	0.865771407	1	2.811224161	0	1	0.0	0.7344705469999999	10	10	1.0	TRUSTED_RECOVERY_CONFIRMED
591	10025	A16	15	20260828T213544Z-wp9-r069-p0591-s10025-a16-415b4f3f8f824504920b94b759605d98	E3	M4	C0	T0	P6	P6	true	false	true	false	false	G05	true	1.0	0	1	1.201959901	1	3.213679403	0	1	0.0	1.0754026030000001	10	10	1.0	TRUSTED_RECOVERY_CONFIRMED
592	10025	A02	16	20260828T213939Z-wp9-r069-p0592-s10025-a02-fd4157fc7d404973936f7636e3656f8f	E1	M0	C0	T0	P7	P1	false	true	false	false	false	G01	true	0.5	0	1	3.9358228290000006	0	30.0	0	1	0.0	4.822880527	5	5	1.0	OPERATIONAL_BUT_UNVERIFIED
593	10025	A23	17	20260828T214506Z-wp9-r069-p0593-s10025-a23-0bdadf216e9e4f8f9f28f9038e2bd31f	E4	M2	C0	T0	P4	P4	false	false	false	false	false	G09	true	0.5	0	0	30.0	0	30.0	1	1	1.0	0.0	2	3	0.6666666666666666	RECOVERY_FAILED
594	10025	A18	18	20260828T220351Z-wp9-r069-p0594-retry-s10025-a18-b84cb739ce174026b0620a2854ced98c	E3	M4	C1	T0	P7	P5	false	false	true	false	false	G07	true	1.0	0	1	1.050793769	1	3.497480093	0	1	0.0	0.8685972040000001	10	10	1.0	TRUSTED_RECOVERY_CONFIRMED
595	10025	A24	19	20260828T220808Z-wp9-r069-p0595-s10025-a24-547caffed2c34dbcbff097b3ae9e6ee9	E4	M2	C0	T0	P7	P4	false	false	false	false	false	G09	true	0.5	0	0	30.0	0	30.0	1	1	1.0	0.0	2	3	0.6666666666666666	RECOVERY_FAILED
596	10025	A09	20	20260828T221314Z-wp9-r069-p0596-s10025-a09-e8a16ddd603243f884b1e5cb5204a3d9	E1	M2	C0	T1	P7	P4	false	false	false	false	true	G04	true	0.0	0	1	3.949227771	0	30.0	1	1	1.0	29.377007213	5	5	1.0	CONTAINED_NOT_RECOVERED
597	10025	A13	21	20260828T221820Z-wp9-r069-p0597-s10025-a13-fda7b949534f44239fee77636c58d99e	E3	M4	C0	T1	P7	P2	false	false	false	true	true	G06	true	0.5	0	0	30.0	0	30.0	0	1	0.0	29.854129807000003	10	10	1.0	RECOVERY_FAILED
598	10025	A20	22	20260828T222224Z-wp9-r069-p0598-s10025-a20-cf0a88ef196f409391d5f5d8218064ee	E2	M0	C0	T0	P1	P1	false	false	false	false	false	G08	false	1.0	0	1	1.973036086	0	30.0	0	1	0.0	0.0	5	5	1.0	OPERATIONAL_BUT_UNVERIFIED
599	10025	A03	23	20260828T222728Z-wp9-r069-p0599-s10025-a03-44272ccb0a024f02b64a671dcce3799b	E1	M2	C0	T0	P1	P1	false	true	false	false	false	G02	true	0.5	0	1	3.9843491330000003	0	30.0	0	1	0.0	4.946523968	5	5	1.0	OPERATIONAL_BUT_UNVERIFIED
600	10025	A15	24	20260828T223233Z-wp9-r069-p0600-s10025-a15-b1ffcc63684f4d3bb194592627615de5	E3	M4	C0	T1	P5	P5	false	false	false	true	false	G06	true	1.0	0	1	0.884395505	1	2.9542454940000002	0	1	0.0	0.7309058159999999	10	10	1.0	TRUSTED_RECOVERY_CONFIRMED
601	10026	A03	1	20260828T223640Z-wp9-r069-p0601-s10026-a03-a7c99bd687ce4950b07771ddff4e8878	E1	M2	C0	T0	P1	P1	false	true	false	false	false	G02	true	0.5	0	1	3.969324921	0	30.0	0	1	0.0	4.872551435	5	5	1.0	OPERATIONAL_BUT_UNVERIFIED
602	10026	A23	2	20260828T224149Z-wp9-r069-p0602-s10026-a23-1aed5e2eca764a27b4464e576f7f397a	E4	M2	C0	T0	P4	P4	false	false	false	false	false	G09	true	0.5	0	0	30.0	0	30.0	1	1	1.0	0.0	2	3	0.6666666666666666	RECOVERY_FAILED
603	10026	A19	3	20260828T224657Z-wp9-r069-p0603-s10026-a19-6818da597bca46b98d0579e1929f3049	E2	M0	C0	T0	P0	P0	false	false	false	false	false	G08	true	0.5	0	0	30.0	0	30.0	0	1	0.0	26.329745305	5	5	1.0	RECOVERY_FAILED
604	10026	A06	4	20260828T225240Z-wp9-r069-p0604-s10026-a06-8298fbbcd84641db879d839443fe6a51	E1	M4	C0	T0	P7	P2	false	true	false	false	false	G03	true	0.5	0	1	4.758528774999999	0	30.0	0	1	0.0	5.9215019	5	5	1.0	OPERATIONAL_BUT_UNVERIFIED
605	10026	A09	5	20260828T225811Z-wp9-r069-p0605-s10026-a09-ab90dc939db14a8b890355fab7dc6e08	E1	M2	C0	T1	P7	P4	false	false	false	false	true	G04	true	0.0	0	1	4.7338655009999995	0	30.0	1	1	1.0	29.329694095999997	5	5	1.0	CONTAINED_NOT_RECOVERED
606	10026	A17	6	20260828T230334Z-wp9-r069-p0606-s10026-a17-45ba922e96244421bfc38c07b17d8182	E3	M4	C1	T0	P6	P6	true	false	true	false	false	G07	true	1.0	0	1	11.399419739	1	13.981558994	0	1	0.0	11.215187374	10	10	1.0	TRUSTED_RECOVERY_CONFIRMED
607	10026	A05	7	20260828T230750Z-wp9-r069-p0607-s10026-a05-1221b9270898406fb9fabd906798a5b8	E1	M4	C0	T0	P1	P1	false	true	false	false	false	G03	true	0.5	0	1	3.9466398910000002	0	30.0	0	1	0.0	4.914417161	5	5	1.0	OPERATIONAL_BUT_UNVERIFIED
608	10026	A18	8	20260828T231255Z-wp9-r069-p0608-s10026-a18-36ec155fa2a24bfdba09fad8d9cd9d10	E3	M4	C1	T0	P7	P5	false	false	true	false	false	G07	true	1.0	0	1	0.8163829069999999	1	2.996029285	0	1	0.0	0.6860705389999999	10	10	1.0	TRUSTED_RECOVERY_CONFIRMED
609	10026	A15	9	20260828T231659Z-wp9-r069-p0609-s10026-a15-3bef69fb5e8c427cb99effc20407b0ab	E3	M4	C0	T1	P5	P5	false	false	false	true	false	G06	true	1.0	0	1	0.8398075589999999	1	2.7350474599999997	0	1	0.0	0.715255644	10	10	1.0	TRUSTED_RECOVERY_CONFIRMED
610	10026	A12	10	20260828T232129Z-wp9-r069-p0610-s10026-a12-510c7233a3354374b8ab7c2de71629b0	E3	M4	C0	T1	P2	P2	false	false	false	false	true	G06	true	0.5	0	0	30.0	0	30.0	0	1	0.0	29.699931313	10	10	1.0	RECOVERY_FAILED
611	10026	A22	11	20260828T232623Z-wp9-r069-p0611-s10026-a22-ed4a0d639fba4a24ad591fc8f13c0cb5	E4	M2	C0	T0	P0	P0	false	false	false	false	false	G09	true	0.5	0	0	30.0	0	30.0	0	1	0.0	0.0	2	3	0.6666666666666666	RECOVERY_FAILED
612	10026	A16	12	20260828T233233Z-wp9-r069-p0612-s10026-a16-4fc6f4618417404f87a226f95ce583ea	E3	M4	C0	T0	P6	P6	true	false	true	false	false	G05	true	1.0	0	1	2.366947514	1	6.546474072	0	1	0.0	2.07536808	10	10	1.0	TRUSTED_RECOVERY_CONFIRMED
613	10026	A07	13	20260828T233741Z-wp9-r069-p0613-s10026-a07-17855fa774b84d899ea33d515847c375	E1	M2	C0	T0	P2	P2	false	false	false	false	true	G02	true	0.5	0	1	6.19812226	0	30.0	0	1	0.0	7.5965889749999995	5	5	1.0	OPERATIONAL_BUT_UNVERIFIED
614	10026	A20	14	20260828T234400Z-wp9-r069-p0614-s10026-a20-b9c7cb1d355741f881a48f79650af2b4	E2	M0	C0	T0	P1	P1	false	false	false	false	false	G08	false	1.0	0	1	1.934156539	0	30.0	0	1	0.0	0.0	5	5	1.0	OPERATIONAL_BUT_UNVERIFIED
615	10026	A02	15	20260828T234916Z-wp9-r069-p0615-s10026-a02-8f0bed72a3ed4d338f9b2363345d60e0	E1	M0	C0	T0	P7	P1	false	true	false	false	false	G01	true	0.5	0	1	5.106525534999999	0	30.0	0	1	0.0	6.153681723	5	5	1.0	OPERATIONAL_BUT_UNVERIFIED
616	10026	A13	16	20260828T235538Z-wp9-r069-p0616-s10026-a13-27ee238642864f238c1af701c38ae8a6	E3	M4	C0	T1	P7	P2	false	false	false	true	true	G06	true	0.5	0	0	30.0	0	30.0	0	1	0.0	29.482875206	10	10	1.0	RECOVERY_FAILED
617	10026	A04	17	20260829T000158Z-wp9-r069-p0617-s10026-a04-86e501e9a41a4ee4ba3fae21af43ff3e	E1	M2	C0	T0	P7	P2	false	true	false	false	true	G02	true	0.5	0	1	8.009735376	0	30.0	0	1	0.0	9.102052930000001	5	5	1.0	OPERATIONAL_BUT_UNVERIFIED
618	10026	A11	18	20260829T002107Z-wp9-r069-p0618-s10026-a11-8c6644f057404e0895a138b893c1619a	E3	M4	C0	T0	P7	P5	false	false	true	true	true	G05	true	1.0	0	1	0.8257936860000001	1	2.981273599	0	1	0.0	0.6809620140000001	10	10	1.0	TRUSTED_RECOVERY_CONFIRMED
619	10026	A10	19	20260829T002551Z-wp9-r069-p0619-s10026-a10-e9c8bbc889f348029b1b6a5d8e1af070	E3	M4	C0	T0	P2	P2	false	false	false	false	true	G05	true	0.5	0	0	30.0	0	30.0	0	1	0.0	29.832255814	10	10	1.0	RECOVERY_FAILED
620	10026	A14	20	20260829T003035Z-wp9-r069-p0620-s10026-a14-bfa819f84cf84d2a9e0cd01d36aeab8a	E3	M4	C0	T0	P5	P5	false	false	false	true	false	G05	true	1.0	0	1	0.9461221900000001	1	3.293954473	0	1	0.0	0.7912941840000001	10	10	1.0	TRUSTED_RECOVERY_CONFIRMED
621	10026	A21	21	20260829T003518Z-wp9-r069-p0621-s10026-a21-0541705358ec4e4ba4c1d9bfc23ea848	E2	M0	C0	T0	P7	P1	false	false	false	false	false	G08	false	1.0	0	1	3.108004205	0	30.0	0	1	0.0	0.0	5	5	1.0	OPERATIONAL_BUT_UNVERIFIED
622	10026	A24	22	20260829T004118Z-wp9-r069-p0622-s10026-a24-ca42f51c04f640f0aa601497c5ebe61e	E4	M2	C0	T0	P7	P4	false	false	false	false	false	G09	true	0.5	0	0	30.0	0	30.0	1	1	1.0	0.0	2	3	0.6666666666666666	RECOVERY_FAILED
623	10026	A01	23	20260829T004858Z-wp9-r069-p0623-s10026-a01-408ab6316cf846f594983245dad77ca7	E1	M0	C0	T0	P1	P1	false	true	false	false	false	G01	true	0.5	0	1	9.467492557	0	30.0	0	1	0.0	10.948338098	5	5	1.0	OPERATIONAL_BUT_UNVERIFIED
624	10026	A08	24	20260829T005603Z-wp9-r069-p0624-s10026-a08-6f158bdb3f99404ba397e8f84b8ff18b	E1	M2	C0	T1	P2	P2	false	false	false	false	true	G04	true	0.5	0	1	3.724590837	0	30.0	0	1	0.0	4.644077735	5	5	1.0	OPERATIONAL_BUT_UNVERIFIED
625	10027	A18	1	20260829T010113Z-wp9-r069-p0625-s10027-a18-7ab104b6321e4fa5932f1e891a0632b6	E3	M4	C1	T0	P7	P5	false	false	true	false	false	G07	true	1.0	0	1	1.247126622	1	4.363373705	0	1	0.0	1.061122522	10	10	1.0	TRUSTED_RECOVERY_CONFIRMED
626	10027	A13	2	20260829T010534Z-wp9-r069-p0626-s10027-a13-9f7490cf46174b8f9119bc3f8af28604	E3	M4	C0	T1	P7	P2	false	false	false	true	true	G06	true	0.5	0	0	30.0	0	30.0	0	1	0.0	29.808581313	10	10	1.0	RECOVERY_FAILED
627	10027	A16	3	20260829T011836Z-wp9-r069-p0627-retry-s10027-a16-abe4684cc3614d86b53c2a5522f8772c	E3	M4	C0	T0	P6	P6	true	false	true	false	false	G05	true	1.0	0	1	1.256759005	1	3.368730373	0	1	0.0	1.1128763259999999	10	10	1.0	TRUSTED_RECOVERY_CONFIRMED
628	10027	A05	4	20260829T012255Z-wp9-r069-p0628-s10027-a05-825b771fe8094936a211895489a1b8a6	E1	M4	C0	T0	P1	P1	false	true	false	false	false	G03	true	0.5	0	1	5.341737322	0	30.0	0	1	0.0	6.634991533	5	5	1.0	OPERATIONAL_BUT_UNVERIFIED
629	10027	A15	5	20260829T012813Z-wp9-r069-p0629-s10027-a15-398d4afc6f204b0f9a363142144e581b	E3	M4	C0	T1	P5	P5	false	false	false	true	false	G06	true	1.0	0	1	0.9573408769999999	1	3.215365642	0	1	0.0	0.8065450999999999	10	10	1.0	TRUSTED_RECOVERY_CONFIRMED
630	10027	A20	6	20260829T013225Z-wp9-r069-p0630-s10027-a20-c910b440cd424250a46403dc227b45b6	E2	M0	C0	T0	P1	P1	false	false	false	false	false	G08	false	1.0	0	1	2.770028425	0	30.0	0	1	0.0	0.0	5	5	1.0	OPERATIONAL_BUT_UNVERIFIED
631	10027	A11	7	20260829T013846Z-wp9-r069-p0631-s10027-a11-0387f06f98be43ae8731b9a80972a3bc	E3	M4	C0	T0	P7	P5	false	false	true	true	true	G05	true	1.0	0	1	2.563690714	1	9.07814007	0	1	0.0	2.1411234739999996	10	10	1.0	TRUSTED_RECOVERY_CONFIRMED
632	10027	A23	8	20260829T014506Z-wp9-r069-p0632-s10027-a23-9bf78a3ad30d4f5fb3f4130650d02a43	E4	M2	C0	T0	P4	P4	false	false	false	false	false	G09	true	0.5	0	0	30.0	0	30.0	1	1	1.0	0.0	2	3	0.6666666666666666	RECOVERY_FAILED
633	10027	A03	9	20260829T015320Z-wp9-r069-p0633-s10027-a03-8f0c5aa514674fda920b75c9ad2338fd	E1	M2	C0	T0	P1	P1	false	true	false	false	false	G02	true	0.5	0	1	11.624588194	0	30.0	0	1	0.0	13.472298657	5	5	1.0	OPERATIONAL_BUT_UNVERIFIED
634	10027	A24	10	20260829T015944Z-wp9-r069-p0634-s10027-a24-3d3b6910c8394f09bf729b999d13af77	E4	M2	C0	T0	P7	P4	false	false	false	false	false	G09	true	0.5	0	0	30.0	0	30.0	1	1	1.0	0.0	2	3	0.6666666666666666	RECOVERY_FAILED
635	10027	A19	11	20260829T020516Z-wp9-r069-p0635-s10027-a19-0931d6c51c6048abaad44f2ba0afe1df	E2	M0	C0	T0	P0	P0	false	false	false	false	false	G08	true	0.5	0	0	30.0	0	30.0	0	1	0.0	26.812841104999997	5	5	1.0	RECOVERY_FAILED
636	10027	A22	12	20260829T021107Z-wp9-r069-p0636-s10027-a22-f5a1d20d5fbf450bbbb3bfd493aeb65f	E4	M2	C0	T0	P0	P0	false	false	false	false	false	G09	true	0.5	0	0	30.0	0	30.0	0	1	0.0	0.0	2	3	0.6666666666666666	RECOVERY_FAILED
637	10027	A07	13	20260829T021709Z-wp9-r069-p0637-s10027-a07-0ecee63dd2ca4449bdd8fbc5d0c79dbd	E1	M2	C0	T0	P2	P2	false	false	false	false	true	G02	true	0.5	0	1	7.077460913	0	30.0	0	1	0.0	8.309153158	5	5	1.0	OPERATIONAL_BUT_UNVERIFIED
638	10027	A01	14	20260829T022253Z-wp9-r069-p0638-s10027-a01-4fc7e8d892ad4eb3aa4f289b5080ccce	E1	M0	C0	T0	P1	P1	false	true	false	false	false	G01	true	0.5	0	1	3.910663283	0	30.0	0	1	0.0	5.100917183	5	5	1.0	OPERATIONAL_BUT_UNVERIFIED
639	10027	A02	15	20260829T023005Z-wp9-r069-p0639-s10027-a02-34bf76a62b014da6b146021257c2c730	E1	M0	C0	T0	P7	P1	false	true	false	false	false	G01	true	0.5	0	1	7.157640708	0	30.0	0	1	0.0	8.540255039	5	5	1.0	OPERATIONAL_BUT_UNVERIFIED
640	10027	A17	16	20260829T023701Z-wp9-r069-p0640-s10027-a17-031aef388e0a44549c6af93062bba41c	E3	M4	C1	T0	P6	P6	true	false	true	false	false	G07	true	1.0	0	1	11.671133774	1	14.281220337	0	1	0.0	11.458426879	10	10	1.0	TRUSTED_RECOVERY_CONFIRMED
641	10027	A21	17	20260829T024148Z-wp9-r069-p0641-s10027-a21-8bdf90b9663841fa8beda5448ae919f7	E2	M0	C0	T0	P7	P1	false	false	false	false	false	G08	false	1.0	0	1	4.445613929	0	30.0	0	1	0.0	0.0	5	5	1.0	OPERATIONAL_BUT_UNVERIFIED
642	10027	A12	18	20260829T025041Z-wp9-r069-p0642-s10027-a12-d2198b60a45646058f236fdfd3588389	E3	M4	C0	T1	P2	P2	false	false	false	false	true	G06	true	0.5	0	0	30.0	0	30.0	0	1	0.0	29.57989748	10	10	1.0	RECOVERY_FAILED
643	10027	A14	19	20260829T025707Z-wp9-r069-p0643-s10027-a14-d1ff1c4d25c64e239d0213bcf1f4421f	E3	M4	C0	T0	P5	P5	false	false	false	true	false	G05	true	1.0	0	1	0.835450172	1	2.844750778	0	1	0.0	0.673500211	10	10	1.0	TRUSTED_RECOVERY_CONFIRMED
644	10027	A10	20	20260829T030102Z-wp9-r069-p0644-s10027-a10-607e6ff4b6fc40ac89e3e8d0b7cda47d	E3	M4	C0	T0	P2	P2	false	false	false	false	true	G05	true	0.5	0	0	30.0	0	30.0	0	1	0.0	29.7920271	10	10	1.0	RECOVERY_FAILED
645	10027	A09	21	20260829T030556Z-wp9-r069-p0645-s10027-a09-1b62121cdc4a4d249740fa6712d66e6d	E1	M2	C0	T1	P7	P4	false	false	false	false	true	G04	true	0.0	0	1	7.749862858	0	30.0	1	1	1.0	28.663430679	5	5	1.0	CONTAINED_NOT_RECOVERED
646	10027	A06	22	20260829T031218Z-wp9-r069-p0646-s10027-a06-6d15ccbc3e084facbafe5a3655bbe5d0	E1	M4	C0	T0	P7	P2	false	true	false	false	false	G03	true	0.5	0	1	7.249841796	0	30.0	0	1	0.0	9.015918447999999	5	5	1.0	OPERATIONAL_BUT_UNVERIFIED
647	10027	A08	23	20260829T031823Z-wp9-r069-p0647-s10027-a08-48d20c5ab3eb4f4eb4c64d6a5cf2c6bf	E1	M2	C0	T1	P2	P2	false	false	false	false	true	G04	true	0.5	0	1	7.678050207	0	30.0	0	1	0.0	9.088043026	5	5	1.0	OPERATIONAL_BUT_UNVERIFIED
648	10027	A04	24	20260829T032333Z-wp9-r069-p0648-s10027-a04-bfbc2d2c5eac4ada987136737cab3d91	E1	M2	C0	T0	P7	P2	false	true	false	false	true	G02	true	0.5	0	1	3.961181605	0	30.0	0	1	0.0	4.996420186	5	5	1.0	OPERATIONAL_BUT_UNVERIFIED
649	10028	A14	1	20260829T032914Z-wp9-r069-p0649-s10028-a14-2fb62e915add425ebfd7c553010f4e81	E3	M4	C0	T0	P5	P5	false	false	false	true	false	G05	true	1.0	0	1	1.561784908	1	5.304271723	0	1	0.0	1.319606882	10	10	1.0	TRUSTED_RECOVERY_CONFIRMED
650	10028	A16	2	20260829T033359Z-wp9-r069-p0650-s10028-a16-a8af6385aca74875aba832528edf1299	E3	M4	C0	T0	P6	P6	true	false	true	false	false	G05	true	1.0	0	1	2.179308497	1	6.129650857	0	1	0.0	1.8768807779999999	10	10	1.0	TRUSTED_RECOVERY_CONFIRMED
651	10028	A10	3	20260829T042146Z-wp9-r069-p0651-s10028-a10-87e981aa441d484dac09aa6677276aa8	E3	M4	C0	T0	P2	P2	false	false	false	false	true	G05	true	0.5	0	0	30.0	0	30.0	0	1	0.0	29.855869314	10	10	1.0	RECOVERY_FAILED
652	10028	A12	4	20260829T042601Z-wp9-r069-p0652-s10028-a12-25577552335e454897a21a3608ccc30a	E3	M4	C0	T1	P2	P2	false	false	false	false	true	G06	true	0.5	0	0	30.0	0	30.0	0	1	0.0	29.835246340999998	10	10	1.0	RECOVERY_FAILED
653	10028	A08	5	20260829T043012Z-wp9-r069-p0653-s10028-a08-b452dfa147684ded8743fbf1c3ff55e9	E1	M2	C0	T1	P2	P2	false	false	false	false	true	G04	true	0.5	0	1	4.746517459	0	30.0	0	1	0.0	6.177931757	5	5	1.0	OPERATIONAL_BUT_UNVERIFIED
654	10028	A07	6	20260829T043527Z-wp9-r069-p0654-s10028-a07-f5a409d24abd424b93e1dd6cecefa73f	E1	M2	C0	T0	P2	P2	false	false	false	false	true	G02	true	0.5	0	1	4.725033624	0	30.0	0	1	0.0	5.859238702	5	5	1.0	OPERATIONAL_BUT_UNVERIFIED
655	10028	A18	7	20260829T044046Z-wp9-r069-p0655-s10028-a18-91ee61a25b1c47f382eb9e9ecb161f59	E3	M4	C1	T0	P7	P5	false	false	true	false	false	G07	true	1.0	0	1	0.902197811	1	3.060422613	0	1	0.0	0.7749616530000001	10	10	1.0	TRUSTED_RECOVERY_CONFIRMED
656	10028	A06	8	20260829T044448Z-wp9-r069-p0656-s10028-a06-108d4429416348c5b4d9098bb1e07724	E1	M4	C0	T0	P7	P2	false	true	false	false	false	G03	true	0.5	0	1	4.0051786289999995	0	30.0	0	1	0.0	4.959474645999999	5	5	1.0	OPERATIONAL_BUT_UNVERIFIED
657	10028	A23	9	20260829T044950Z-wp9-r069-p0657-s10028-a23-b871130dc3e04daead7fe58b9a552a56	E4	M2	C0	T0	P4	P4	false	false	false	false	false	G09	true	0.5	0	0	30.0	0	30.0	1	1	1.0	0.0	2	3	0.6666666666666666	RECOVERY_FAILED
658	10028	A21	10	20260829T045509Z-wp9-r069-p0658-s10028-a21-5e9d525df6bc4cf4b996f181220f2a8d	E2	M0	C0	T0	P7	P1	false	false	false	false	false	G08	false	1.0	0	1	2.1811930590000004	0	30.0	0	1	0.0	0.0	5	5	1.0	OPERATIONAL_BUT_UNVERIFIED
659	10028	A17	11	20260829T050214Z-wp9-r069-p0659-s10028-a17-3aa1a095d3ef46eb91fde98b7d9691c5	E3	M4	C1	T0	P6	P6	true	false	true	false	false	G07	true	1.0	0	1	14.67568979	1	25.74624442	0	1	0.0	14.137333422000001	10	10	1.0	TRUSTED_RECOVERY_CONFIRMED
660	10028	A05	12	20260829T061530Z-wp9-r069-p0660-s10028-a05-82655b59ddfa45fcb9a3bd55aecc91be	E1	M4	C0	T0	P1	P1	false	true	false	false	false	G03	true	0.5	0	1	7.716721793	0	30.0	0	1	0.0	9.405109018	5	5	1.0	OPERATIONAL_BUT_UNVERIFIED
661	10028	A01	13	20260829T062254Z-wp9-r069-p0661-s10028-a01-aeaff19e2cf240238a4ea82edea8e7ad	E1	M0	C0	T0	P1	P1	false	true	false	false	false	G01	true	0.5	0	1	9.269250818	0	30.0	0	1	0.0	10.428843174	5	5	1.0	OPERATIONAL_BUT_UNVERIFIED
662	10028	A11	14	20260829T063024Z-wp9-r069-p0662-s10028-a11-ba127fad2b9345528627863bb6d6f7ca	E3	M4	C0	T0	P7	P5	false	false	true	true	true	G05	true	1.0	0	1	2.0491302809999996	1	6.562908102000001	0	1	0.0	1.7407203919999998	10	10	1.0	TRUSTED_RECOVERY_CONFIRMED
663	10028	A03	15	20260829T063617Z-wp9-r069-p0663-s10028-a03-353c79ba1ca8480d8759dde93967a3df	E1	M2	C0	T0	P1	P1	false	true	false	false	false	G02	true	0.5	0	1	8.432798550000001	0	30.0	0	1	0.0	9.964596303	5	5	1.0	OPERATIONAL_BUT_UNVERIFIED
664	10028	A02	16	20260829T064218Z-wp9-r069-p0664-s10028-a02-17657d4d1d064ea68fae9ee0634d4e41	E1	M0	C0	T0	P7	P1	false	true	false	false	false	G01	true	0.5	0	1	7.061135607	0	30.0	0	1	0.0	8.642046257	5	5	1.0	OPERATIONAL_BUT_UNVERIFIED
665	10028	A13	17	20260829T064927Z-wp9-r069-p0665-s10028-a13-0dfb56bd54ea456caa80fc84b0d1c2b0	E3	M4	C0	T1	P7	P2	false	false	false	true	true	G06	true	0.5	0	0	30.0	0	30.0	0	1	0.0	29.694066865	10	10	1.0	RECOVERY_FAILED
666	10028	A09	18	20260829T065456Z-wp9-r069-p0666-s10028-a09-f6d5d0d115fc4f5fa12bed4afb85fd3c	E1	M2	C0	T1	P7	P4	false	false	false	false	true	G04	true	0.0	0	1	6.807964811000001	0	30.0	1	1	1.0	29.050435639	5	5	1.0	CONTAINED_NOT_RECOVERED
667	10028	A04	19	20260829T070025Z-wp9-r069-p0667-s10028-a04-cd289a053f6b46f7b1614815c2c33c62	E1	M2	C0	T0	P7	P2	false	true	false	false	true	G02	true	0.5	0	1	3.937361395	0	30.0	0	1	0.0	4.9597215850000005	5	5	1.0	OPERATIONAL_BUT_UNVERIFIED
668	10028	A20	20	20260829T070505Z-wp9-r069-p0668-s10028-a20-65ec7775f1b9440b9afd06702e66c39a	E2	M0	C0	T0	P1	P1	false	false	false	false	false	G08	false	1.0	0	1	2.3306439190000003	0	30.0	0	1	0.0	0.0	5	5	1.0	OPERATIONAL_BUT_UNVERIFIED
669	10028	A24	21	20260829T071029Z-wp9-r069-p0669-s10028-a24-f512d9b08f7b4fbfae1fef1fe08ce598	E4	M2	C0	T0	P7	P4	false	false	false	false	false	G09	true	0.5	0	0	30.0	0	30.0	1	1	1.0	0.0	2	3	0.6666666666666666	RECOVERY_FAILED
670	10028	A22	22	20260829T071603Z-wp9-r069-p0670-s10028-a22-01d32617f88b4080a9bb83f575a60906	E4	M2	C0	T0	P0	P0	false	false	false	false	false	G09	true	0.5	0	0	30.0	0	30.0	0	1	0.0	0.0	2	3	0.6666666666666666	RECOVERY_FAILED
671	10028	A19	23	20260829T072142Z-wp9-r069-p0671-s10028-a19-107220c54baf4801a17dbb06ec4781c2	E2	M0	C0	T0	P0	P0	false	false	false	false	false	G08	true	0.5	0	0	30.0	0	30.0	0	1	0.0	27.372648054000003	5	5	1.0	RECOVERY_FAILED
672	10028	A15	24	20260829T072629Z-wp9-r069-p0672-s10028-a15-4f98b430cccc4b93ab60f12636b8add4	E3	M4	C0	T1	P5	P5	false	false	false	true	false	G06	true	1.0	0	1	0.8978662820000001	1	3.1304386220000002	0	1	0.0	0.7590139260000002	10	10	1.0	TRUSTED_RECOVERY_CONFIRMED
673	10029	A04	1	20260829T073032Z-wp9-r069-p0673-s10029-a04-8e8323261cf14cbfae256579edef7954	E1	M2	C0	T0	P7	P2	false	true	false	false	true	G02	true	0.5	0	1	5.863161412	0	30.0	0	1	0.0	7.004941058	5	5	1.0	OPERATIONAL_BUT_UNVERIFIED
674	10029	A12	2	20260829T073554Z-wp9-r069-p0674-s10029-a12-080438e9e7014f0a8d458f4ec53eedd4	E3	M4	C0	T1	P2	P2	false	false	false	false	true	G06	true	0.5	0	0	30.0	0	30.0	0	1	0.0	29.820112389000002	10	10	1.0	RECOVERY_FAILED
675	10029	A08	3	20260829T074010Z-wp9-r069-p0675-s10029-a08-1ba9746009684240a07d2464bb107391	E1	M2	C0	T1	P2	P2	false	false	false	false	true	G04	true	0.5	0	1	5.92589372	0	30.0	0	1	0.0	7.271390185	5	5	1.0	OPERATIONAL_BUT_UNVERIFIED
676	10029	A24	4	20260829T074506Z-wp9-r069-p0676-s10029-a24-fe7cc416b0ac488ea0a6e004b25de24b	E4	M2	C0	T0	P7	P4	false	false	false	false	false	G09	true	0.5	0	0	30.0	0	30.0	1	1	1.0	0.0	2	3	0.6666666666666666	RECOVERY_FAILED
677	10029	A20	5	20260829T075000Z-wp9-r069-p0677-s10029-a20-872de768e76244f89a6a4bd0d0278d8b	E2	M0	C0	T0	P1	P1	false	false	false	false	false	G08	false	1.0	0	1	2.91835398	0	30.0	0	1	0.0	0.0	5	5	1.0	OPERATIONAL_BUT_UNVERIFIED
678	10029	A21	6	20260829T075520Z-wp9-r069-p0678-s10029-a21-32438aaa09ee44c2bce487ebb3965da4	E2	M0	C0	T0	P7	P1	false	false	false	false	false	G08	false	1.0	0	1	3.107055002	0	30.0	0	1	0.0	0.0	5	5	1.0	OPERATIONAL_BUT_UNVERIFIED
679	10029	A22	7	20260829T080044Z-wp9-r069-p0679-s10029-a22-c5ac7ce8fbc5419fa457b035351105eb	E4	M2	C0	T0	P0	P0	false	false	false	false	false	G09	true	0.5	0	0	30.0	0	30.0	0	1	0.0	0.0	2	3	0.6666666666666666	RECOVERY_FAILED
680	10029	A19	8	20260829T080608Z-wp9-r069-p0680-s10029-a19-b84e83c38e2f43069207f2576e6d6d41	E2	M0	C0	T0	P0	P0	false	false	false	false	false	G08	true	0.5	0	0	30.0	0	30.0	0	1	0.0	28.36422519	5	5	1.0	RECOVERY_FAILED
681	10029	A06	9	20260829T081044Z-wp9-r069-p0681-s10029-a06-38f178cf3c9545f6acabb6f7642c0a58	E1	M4	C0	T0	P7	P2	false	true	false	false	false	G03	true	0.5	0	1	3.848301027	0	30.0	0	1	0.0	4.806370654999999	5	5	1.0	OPERATIONAL_BUT_UNVERIFIED
682	10029	A23	10	20260829T081600Z-wp9-r069-p0682-s10029-a23-0ab74838aff144c78ace9f78a57e9b68	E4	M2	C0	T0	P4	P4	false	false	false	false	false	G09	true	0.5	0	0	30.0	0	30.0	1	1	1.0	0.0	2	3	0.6666666666666666	RECOVERY_FAILED
683	10029	A15	11	20260829T082122Z-wp9-r069-p0683-s10029-a15-250f4b42b9cc4756808814f1c7908047	E3	M4	C0	T1	P5	P5	false	false	false	true	false	G06	true	1.0	0	1	1.219342491	1	4.470711741	0	1	0.0	1.031393028	10	10	1.0	TRUSTED_RECOVERY_CONFIRMED
684	10029	A02	12	20260829T082543Z-wp9-r069-p0684-s10029-a02-0bc0811bcb2c4b8ebbe2c6cf2c1caed7	E1	M0	C0	T0	P7	P1	false	true	false	false	false	G01	true	0.5	0	1	5.975126058	0	30.0	0	1	0.0	7.140797409	5	5	1.0	OPERATIONAL_BUT_UNVERIFIED
685	10029	A03	13	20260829T083043Z-wp9-r069-p0685-s10029-a03-46f9f4671a2d4ab38a4ace08ef2f47dd	E1	M2	C0	T0	P1	P1	false	true	false	false	false	G02	true	0.5	0	1	3.865915447	0	30.0	0	1	0.0	4.777845697	5	5	1.0	OPERATIONAL_BUT_UNVERIFIED
686	10029	A11	14	20260829T083534Z-wp9-r069-p0686-s10029-a11-aa2a5a6ef60942b8b6f6fb954f7963a5	E3	M4	C0	T0	P7	P5	false	false	true	true	true	G05	true	1.0	0	1	1.2569489139999999	1	4.3711577550000005	0	1	0.0	1.0647025179999998	10	10	1.0	TRUSTED_RECOVERY_CONFIRMED
687	10029	A14	15	20260829T083951Z-wp9-r069-p0687-s10029-a14-c56bd660037e4893a95cee4d8748f9c2	E3	M4	C0	T0	P5	P5	false	false	false	true	false	G05	true	1.0	0	1	1.335618619	1	4.796142137	0	1	0.0	1.111113525	10	10	1.0	TRUSTED_RECOVERY_CONFIRMED
688	10029	A13	16	20260829T084412Z-wp9-r069-p0688-s10029-a13-0a4747534444472db8563a019d38dccf	E3	M4	C0	T1	P7	P2	false	false	false	true	true	G06	true	0.5	0	0	30.0	0	30.0	0	1	0.0	29.797175877999997	10	10	1.0	RECOVERY_FAILED
689	10029	A18	17	20260829T084834Z-wp9-r069-p0689-s10029-a18-7145d3b7b8114d5da86f6a574a774ab0	E3	M4	C1	T0	P7	P5	false	false	true	false	false	G07	true	1.0	0	1	1.466923438	1	4.95315965	0	1	0.0	1.251736617	10	10	1.0	TRUSTED_RECOVERY_CONFIRMED
690	10029	A17	18	20260829T085241Z-wp9-r069-p0690-s10029-a17-e269a2689a2f4e84b46737e0b60cf699	E3	M4	C1	T0	P6	P6	true	false	true	false	false	G07	true	1.0	0	1	11.131880572	1	13.049709523	0	1	0.0	11.002306685999999	10	10	1.0	TRUSTED_RECOVERY_CONFIRMED
691	10029	A09	19	20260829T085623Z-wp9-r069-p0691-s10029-a09-73788a4f4d044ed283ee2550a17e7196	E1	M2	C0	T1	P7	P4	false	false	false	false	true	G04	true	0.0	0	1	3.643184015	0	30.0	1	1	1.0	29.41472508	5	5	1.0	CONTAINED_NOT_RECOVERED
692	10029	A16	20	20260829T090137Z-wp9-r069-p0692-s10029-a16-072bb15b46ad44a5bf3c393fad7e33a2	E3	M4	C0	T0	P6	P6	true	false	true	false	false	G05	true	1.0	0	1	1.813260864	1	4.999975035	0	1	0.0	1.6094937180000002	10	10	1.0	TRUSTED_RECOVERY_CONFIRMED
693	10029	A01	21	20260829T090552Z-wp9-r069-p0693-s10029-a01-120fd92f631a4ec3b9af1cc5daa32b71	E1	M0	C0	T0	P1	P1	false	true	false	false	false	G01	true	0.5	0	1	5.873173608	0	30.0	0	1	0.0	7.297780573	5	5	1.0	OPERATIONAL_BUT_UNVERIFIED
694	10029	A07	22	20260829T091115Z-wp9-r069-p0694-s10029-a07-b57e4a85cd9d4bf18c36140b4f5b014b	E1	M2	C0	T0	P2	P2	false	false	false	false	true	G02	true	0.5	0	1	5.867775448000001	0	30.0	0	1	0.0	7.083378725999999	5	5	1.0	OPERATIONAL_BUT_UNVERIFIED
695	10029	A05	23	20260829T091614Z-wp9-r069-p0695-s10029-a05-bf59f7d51bcd4b8b949bc9bb6e115b38	E1	M4	C0	T0	P1	P1	false	true	false	false	false	G03	true	0.5	0	1	4.016425751	0	30.0	0	1	0.0	5.000423125999999	5	5	1.0	OPERATIONAL_BUT_UNVERIFIED
696	10029	A10	24	20260829T092050Z-wp9-r069-p0696-s10029-a10-9886736abfbd4bc6ad9af83535441c16	E3	M4	C0	T0	P2	P2	false	false	false	false	true	G05	true	0.5	0	0	30.0	0	30.0	0	1	0.0	29.858200829	10	10	1.0	RECOVERY_FAILED
697	10030	A07	1	20260829T092443Z-wp9-r069-p0697-s10030-a07-a2c1393e58294f149d1785628905cd5e	E1	M2	C0	T0	P2	P2	false	false	false	false	true	G02	true	0.5	0	1	4.8862205119999995	0	30.0	0	1	0.0	6.0998134230000005	5	5	1.0	OPERATIONAL_BUT_UNVERIFIED
698	10030	A17	2	20260829T092942Z-wp9-r069-p0698-s10030-a17-fdb2e43148304b1b8b298a0e476c74d9	E3	M4	C1	T0	P6	P6	true	false	true	false	false	G07	true	1.0	0	1	11.349947893	1	14.006349927999999	0	1	0.0	11.201445694	10	10	1.0	TRUSTED_RECOVERY_CONFIRMED
699	10030	A08	3	20260829T093342Z-wp9-r069-p0699-s10030-a08-dfd6f54f29454b7d8cf6b2ba114c6a01	E1	M2	C0	T1	P2	P2	false	false	false	false	true	G04	true	0.5	0	1	4.914458392999999	0	30.0	0	1	0.0	5.911961615999999	5	5	1.0	OPERATIONAL_BUT_UNVERIFIED
700	10030	A05	4	20260829T093843Z-wp9-r069-p0700-s10030-a05-0b85bc1d7d7e40f7901785c45b84d90c	E1	M4	C0	T0	P1	P1	false	true	false	false	false	G03	true	0.5	0	1	4.926142003	0	30.0	0	1	0.0	6.064639924	5	5	1.0	OPERATIONAL_BUT_UNVERIFIED
701	10030	A11	5	20260829T094329Z-wp9-r069-p0701-s10030-a11-48f119671ae14e379eb9d2f83a6dcf17	E3	M4	C0	T0	P7	P5	false	false	true	true	true	G05	true	1.0	0	1	0.929033659	1	2.911061873	0	1	0.0	0.7933199710000001	10	10	1.0	TRUSTED_RECOVERY_CONFIRMED
702	10030	A06	6	20260829T094713Z-wp9-r069-p0702-s10030-a06-b267e4a698bc49ea80125b829e24a543	E1	M4	C0	T0	P7	P2	false	true	false	false	false	G03	true	0.5	0	1	3.967013433	0	30.0	0	1	0.0	4.94112325	5	5	1.0	OPERATIONAL_BUT_UNVERIFIED
703	10030	A12	7	20260829T095208Z-wp9-r069-p0703-s10030-a12-7da7df8fa4b04b4699e4378bb9117ecf	E3	M4	C0	T1	P2	P2	false	false	false	false	true	G06	true	0.5	0	0	30.0	0	30.0	0	1	0.0	29.84291576	10	10	1.0	RECOVERY_FAILED
704	10030	A13	8	20260829T095609Z-wp9-r069-p0704-s10030-a13-01118e6c352a45d5ba17aa2d1b589dca	E3	M4	C0	T1	P7	P2	false	false	false	true	true	G06	true	0.5	0	0	30.0	0	30.0	0	1	0.0	29.845971361	10	10	1.0	RECOVERY_FAILED
705	10030	A01	9	20260829T100011Z-wp9-r069-p0705-s10030-a01-a8215939c2454171a7aa70d37c556e24	E1	M0	C0	T0	P1	P1	false	true	false	false	false	G01	true	0.5	0	1	4.4835195940000006	0	30.0	0	1	0.0	5.705877394	5	5	1.0	OPERATIONAL_BUT_UNVERIFIED
706	10030	A19	10	20260829T100504Z-wp9-r069-p0706-s10030-a19-6286c7b21f68482aa631da74d359a69d	E2	M0	C0	T0	P0	P0	false	false	false	false	false	G08	true	0.5	0	0	30.0	0	30.0	0	1	0.0	28.082152885	5	5	1.0	RECOVERY_FAILED
707	10030	A15	11	20260829T100942Z-wp9-r069-p0707-s10030-a15-733ffb438c284d13a3a8d949d9960916	E3	M4	C0	T1	P5	P5	false	false	false	true	false	G06	true	1.0	0	1	0.8169343280000001	1	2.801282564	0	1	0.0	0.6822877430000001	10	10	1.0	TRUSTED_RECOVERY_CONFIRMED
708	10030	A20	12	20260829T101325Z-wp9-r069-p0708-s10030-a20-0844d7f094914cc4a19be8886358a93a	E2	M0	C0	T0	P1	P1	false	false	false	false	false	G08	false	1.0	0	1	1.8256093549999999	0	30.0	0	1	0.0	0.0	5	5	1.0	OPERATIONAL_BUT_UNVERIFIED
709	10030	A10	13	20260829T101818Z-wp9-r069-p0709-s10030-a10-0939d21d19e74c1d96114c90d894ac14	E3	M4	C0	T0	P2	P2	false	false	false	false	true	G05	true	0.5	0	0	30.0	0	30.0	0	1	0.0	29.845526664	10	10	1.0	RECOVERY_FAILED
710	10030	A04	14	20260829T102216Z-wp9-r069-p0710-s10030-a04-9c684f1cc2ad4269a173e9b649abbe00	E1	M2	C0	T0	P7	P2	false	true	false	false	true	G02	true	0.5	0	1	4.817957403	0	30.0	0	1	0.0	6.04108963	5	5	1.0	OPERATIONAL_BUT_UNVERIFIED
711	10030	A09	15	20260829T102715Z-wp9-r069-p0711-s10030-a09-5ee7db5df0fe4375997f050c5ecce5d6	E1	M2	C0	T1	P7	P4	false	false	false	false	true	G04	true	0.0	0	1	4.696885365	0	30.0	1	1	1.0	29.356091856	5	5	1.0	CONTAINED_NOT_RECOVERED
712	10030	A03	16	20260829T103215Z-wp9-r069-p0712-s10030-a03-db4a068130e64ee68a2f64b967d8dc96	E1	M2	C0	T0	P1	P1	false	true	false	false	false	G02	true	0.5	0	1	4.7526679970000005	0	30.0	0	1	0.0	5.988671442999999	5	5	1.0	OPERATIONAL_BUT_UNVERIFIED
713	10030	A02	17	20260829T103713Z-wp9-r069-p0713-s10030-a02-b37f71172f9f416fbfe1c7d379e42e93	E1	M0	C0	T0	P7	P1	false	true	false	false	false	G01	true	0.5	0	1	3.624318102	0	30.0	0	1	0.0	4.57027848	5	5	1.0	OPERATIONAL_BUT_UNVERIFIED
714	10030	A14	18	20260829T104148Z-wp9-r069-p0714-s10030-a14-93ecc2155d254d5b9e461a21d5719f95	E3	M4	C0	T0	P5	P5	false	false	false	true	false	G05	true	1.0	0	1	0.807978999	1	2.835809278	0	1	0.0	0.585880766	10	10	1.0	TRUSTED_RECOVERY_CONFIRMED
715	10030	A22	19	20260829T104531Z-wp9-r069-p0715-s10030-a22-77f616e68af246bcb0668c7a20630aca	E4	M2	C0	T0	P0	P0	false	false	false	false	false	G09	true	0.5	0	0	30.0	0	30.0	0	1	0.0	0.0	2	3	0.6666666666666666	RECOVERY_FAILED
716	10030	A18	20	20260829T105027Z-wp9-r069-p0716-s10030-a18-bdc96cdd1f434415b74edab677c85b60	E3	M4	C1	T0	P7	P5	false	false	true	false	false	G07	true	1.0	0	1	1.259877033	1	4.050026398	0	1	0.0	1.0378409519999998	10	10	1.0	TRUSTED_RECOVERY_CONFIRMED
717	10030	A16	21	20260829T105430Z-wp9-r069-p0717-s10030-a16-147f3e6b4d624550b0255b7aadbd8dbd	E3	M4	C0	T0	P6	P6	true	false	true	false	false	G05	true	1.0	0	1	1.11889299	1	3.3364741710000003	0	1	0.0	0.99585225	10	10	1.0	TRUSTED_RECOVERY_CONFIRMED
718	10030	A21	22	20260829T105831Z-wp9-r069-p0718-s10030-a21-e37368d776d24b05b497c22cfaf6c8e4	E2	M0	C0	T0	P7	P1	false	false	false	false	false	G08	false	1.0	0	1	2.309130423	0	30.0	0	1	0.0	0.0	5	5	1.0	OPERATIONAL_BUT_UNVERIFIED
719	10030	A24	23	20260829T110335Z-wp9-r069-p0719-s10030-a24-f3fae6cc49ab495289c4811123f7c8ad	E4	M2	C0	T0	P7	P4	false	false	false	false	false	G09	true	0.5	0	0	30.0	0	30.0	1	1	1.0	0.0	2	3	0.6666666666666666	RECOVERY_FAILED
720	10030	A23	24	20260829T110835Z-wp9-r069-p0720-s10030-a23-c1a79acf4d4c4d20acc961bc533e0f4b	E4	M2	C0	T0	P4	P4	false	false	false	false	false	G09	true	0.5	0	0	30.0	0	30.0	1	1	1.0	0.0	2	3	0.6666666666666666	RECOVERY_FAILED
